{
	"description": {
		"name": [
			"Sega - Saturn"
		],
		"last updated": "14 June 2020"
	},

	"compilations": [
		"Pad Nifty 1.1 & Habitat II (Japan)"
	],

	"renames": {
		"3D Baseball": [
			["3D Baseball - The Majors", 1]
		],
		"Albert Odyssey - Legend of Eldean": [
			["Albert Odyssey Gaiden - Legend of Eldean", 1]
		],
		"Alone in the Dark - One-Eyed Jack's Revenge": [
			["Alone in the Dark - Jack Is Back", 1],
			["Alone in the Dark 2", 1]
		],
		"Astal": [
			["Kisuishou Densetsu Astal", 1]
		],
		"Baku Baku Animal - World Zookeeper Contest": [
			["Baku Baku Animal - Sekai Shiiku Gakari Senshuken", 1]
		],
		"Bases Loaded '96 - Double Header": [
			["Moero!! Pro Yakyuu '95 - Double Header", 1]
		],
		"Battle Arena Toshinden Remix": [
			["Toushinden S", 1]
		],
		"Battle Arena Toshinden URA - Ultimate Revenge Attack": [
			["Toushinden URA", 1]
		],
		"Break Point Tennis": [
			["Break Point", 1]
		],
		"Bug!": [
			["Bug! Jump Shite, Funzukechatte, Petchanko", 1]
		],
		"Center Ring Boxing": [
			["Victory Boxing", 1]
		],
		"Clockwork Knight - Pepperouchau's Adventure": [
			["Clockwork Knight - Pepperouchau no Fukubukuro", -1],
			["Clockwork Knight - Pepperouchau no Daibouken Joukan", 1]
		],
		"Clockwork Knight 2 - Pepperouchau's Adventure": [
			["Clockwork Knight - Pepperouchau no Fukubukuro", -1],
			["Clockwork Knight - Pepperouchau no Daibouken Gekan", 1]
		],
		"Command & Conquer (Disc 1) (GDI Disc)": [
			["Command & Conquer (Disc 1) (GDI)", 1],
			["Command & Conquer - Teil 1 - Der Tiberiumkonflikt (Disc 1) (GDI)", 1]
		],
		"Command & Conquer (Disc 2) (NOD Disc)": [
			["Command & Conquer (Disc 2) (NOD)", 1],
			["Command & Conquer - Teil 1 - Der Tiberiumkonflikt (Disc 2) (NOD)", 1]
		],
		"Creature Shock - Special Edition (Disc 1)": [
			["Creature Shock (Disc 1)", 1]
		],
		"Creature Shock - Special Edition (Disc 2)": [
			["Creature Shock (Disc 2)", 1]
		],
		"Criticom": [
			["Criticom - The Critical Combat", 1]
		],
		"Croc - Legend of the Gobbos": [
			["Croc! Pau-Pau Island", 1]
		],
		"Crypt Killer": [
			["Henry Explorers", 1]
		],
		"Cyber Speedway": [
			["Gran Chaser", 1]
		],
		"D (Disc 1)": [
			["D no Shokutaku (Disc 1)", 1]
		],
		"D (Disc 2)": [
			["D no Shokutaku (Disc 2)", 1]
		],
		"Dark Legend": [
			["Suiko Enbu", 1]
		],
		"Daytona USA": [
			["Daytona USA C.C.E. Net Link Edition", -1],
			["Daytona USA - Championship Circuit Edition", -1],
			["Daytona USA - Circuit Edition", -1]
		],
		"Daytona USA C.C.E. Net Link Edition": [
			["Daytona USA - Championship Circuit Edition", 1],
			["Daytona USA - Circuit Edition", 1]
		],
		"DecAthlete": [
			["Athlete Kings", 1],
			["DecAthlete for SegaNet", 1]
		],
		"Deep Fear (Disc 1) (Unl)": [
			["Deep Fear (Disc 1)", 1]
		],
		"Deep Fear (Disc 2) (Unl)": [
			["Deep Fear (Disc 2)", 1]
		],
		"Defcon 5 - Peace Has a Price...": [
			["Defcon 5", 1]
		],
		"Die Hard Arcade": [
			["Dynamite Deka", 1]
		],
		"Dragon Ball Z - Idainaru Dragon Ball Densetsu": [
			["Dragon Ball Z - La Grande Legende des Boules de Cristal", 1]
		],
		"EGWord Ver 2.00": [
			["EGWord", 1]
		],
		"Enemy Zero (Disc 0)": [
			["Enemy Zero (Disc 0) (Opening Disc)", 1],
			["Enemy Zero (Disc 0) (Opening Disc) (Satakore)", 1]
		],
		"Enemy Zero (Disc 1)": [
			["Enemy Zero (Disc 1) (Game Disc)", 1],
			["Enemy Zero (Disc 1) (Game Disc) (Satakore)", 1]
		],
		"Enemy Zero (Disc 2)": [
			["Enemy Zero (Disc 2) (Game Disc)", 1],
			["Enemy Zero (Disc 2) (Game Disc) (Satakore)", 1]
		],
		"Enemy Zero (Disc 3)": [
			["Enemy Zero (Disc 3) (Game Disc)", 1],
			["Enemy Zero (Disc 3) (Game Disc) (Satakore)", 1]
		],
		"F1 Challenge": [
			["F-1 Challenge", 1],
			["F-1 Live Information", 1]
		],
		"FIFA - Road to World Cup 98": [
			["FIFA - Die WM-Qualifikation 98", 1],
			["FIFA - En Route pour la Coupe du Monde 98", 1],
			["FIFA - Rumbo al Mundial 98", 1]
		],
		"FIFA Soccer 97": [
			["FIFA 97", 1]
		],
		"Funky Head Boxers": [
			["Funky Head Boxers Plus", -1]
		],
		"Galactic Attack": [
			["Layer Section", 1]
		],
		"Galaxy Fight": [
			["Galaxy Fight - Universal Warriors", 1]
		],
		"Ginga Eiyuu Densetsu": [
			["Ginga Eiyuu Densetsu Plus", -1]
		],
		"Gremlin Demo Disc": [
			["Gremlin Demo Disk", 1]
		],
		"Grid Runner": [
			["Grid Run", 1]
		],
		"Gungriffon": [
			["Gun Griffon", 1]
		],
		"Hang-On GP": [
			["Hang On GP '95", 1],
			["Hang On GP '96", 1]
		],
		"Hebereke's Popoitto": [
			["Popoitto Hebereke", 1]
		],
		"Heir of Zendor - The Legend and The Land": [
			["Gotha II - Tenkuu no Kishi", 1]
		],
		"Hexen": [
			["Hexen - Beyond Heretic", 1]
		],
		"Hi-Octane - The Track Fights Back!": [
			["Hi-Octane", 1]
		],
		"High Velocity - Mountain Racing Challenge": [
			["Touge King the Spirits", 1]
		],
		"Highway 2000": [
			["Wangan Dead Heat", 1]
		],
		"Hyper 3-D Pinball": [
			["Hyper 3D Pinball", 1],
			["Tilt!", 1]
		],
		"In the Hunt": [
			["Kaitei Daisensou", 1]
		],
		"Independence Day": [
			["Independence Day - The Game", 1]
		],
		"Iron Storm": [
			["World Advanced Daisenryaku - Koutetsu no Senpuu", 1]
		],
		"J. League Victory Goal '96": [
			["J. League Victory Goal '97", 1]
		],
		"Jewels of the Oracle": [
			["Oracle no Houseki - Jewels of the Oracle", 1]
		],
		"Johnny Bazookatone": [
			["Johnny Bazooka", 1]
		],
		"Keio Flying Squadron 2": [
			["Keiou Yuugekitai - Katsugeki-hen", 1]
		],
		"Kochira Katsushikaku Kameari Kouenmae - Hashutsujo - Nakagawa Land Dai-Race! no Maki": [
			["Kochira Katsushikaku Kameari Kouenmae - Hashutsujo - Nakagawa Land Dai-Race! no Maki (Satakore)", 1]
		],
		"Last Gladiators - Digital Pinball": [
			["Digital Pinball", 1],
			["Digital Pinball - Last Gladiators", 1]
		],
		"Legend of Oasis, The": [
			["Story of Thor 2, The", 1],
			["Thor - Seireioukiden", 1]
		],
		"Loaded": [
			["Blood Factory", 1]
		],
		"Lunacy (Disc 1)": [
			["Gekka Mugentan Torico (Disc 1) (Kyouchou-hen)", 1],
			["Torico (Disc 1)", 1]
		],
		"Lunacy (Disc 2)": [
			["Gekka Mugentan Torico (Disc 2) (Houkai-hen)", 1],
			["Torico (Disc 2)", 1]
		],
		"Lunar - Silver Star Story": [
			["Lunar - Silver Star Story Complete", -1]
		],
		"Machine Head": [
			["Blam! Machinehead", 1]
		],
		"Mansion of Hidden Souls, The": [
			["Manoir des Ames Perdues, Le", 1],
			["Mansion de las Almas Ocultas, La", 1],
			["Mystery Mansion - Das Haus der verlorenen Seelen", 1],
			["Shinsetsu Yumemi Yakata - Tobira no Oku ni Dareka ga...", 1]
		],
		"Mass Destruction": [
			["Mass Destruction - Otousan ni mo Dekiru Soft", 1]
		],
		"MechWarrior 2 - 31st Century Combat - Arcade Combat Edition": [
			["MechWarrior 2", 1]
		],
		"Mega Man 8": [
			["Rockman 8 - Metal Heroes", 1]
		],
		"Mega Man X3": [
			["Rockman X3", 1]
		],
		"Mega Man X4": [
			["Rockman X4", 1]
		],
		"Minnesota Fats - Pool Legend": [
			["Side Pocket 2 - Densetsu no Hustler", 1]
		],
		"Mortal Kombat II": [
			["Mortal Kombat II Kanzenban", 1]
		],
		"Mystaria - The Realms of Lore": [
			["Blazing Heroes", 1],
			["Riglordsaga", 1]
		],
		"NFL Quarterback Club 97": [
			["NFL Quarterback Club '97", 1]
		],
		"NiGHTS into Dreams... (with 3D Control Pad)": [
			["NiGHTS into Dreams...", 1]
		],
		"Night Warriors - Darkstalkers' Revenge": [
			["Vampire Hunter - Darkstalkers' Revenge", 1]
		],
		"Norse by Norsewest - The Return of the Lost Vikings": [
			["Lost Vikings 2 - Norse by Norsewest", 1]
		],
		"P.T.O. - Pacific Theater of Operations II": [
			["Teitoku no Ketsudan II", 1]
		],
		"Pandemonium!": [
			["Magical Hoppers", 1]
		],
		"Panzer Dragoon Saga (Disc 1)": [
			["Azel - Panzer Dragoon RPG (Disc 1)", 1]
		],
		"Panzer Dragoon Saga (Disc 2)": [
			["Azel - Panzer Dragoon RPG (Disc 2)", 1]
		],
		"Panzer Dragoon Saga (Disc 3)": [
			["Azel - Panzer Dragoon RPG (Disc 3)", 1]
		],
		"Panzer Dragoon Saga (Disc 4)": [
			["Azel - Panzer Dragoon RPG (Disc 4)", 1]
		],
		"Parodius": [
			["Gokujou Parodius Da! Deluxe Pack", 1]
		],
		"Pebble Beach Golf Links": [
			["Pebble Beach Golf Links - Stadler ni Chousen", 1]
		],
		"Powerslave": [
			["Exhumed", 1],
			["Seireki 1999 - Pharaoh no Fukkatsu", 1]
		],
		"Pro-Pinball": [
			["Pro-Pinball - The Web", 1]
		],
		"Puyo Puyo Sun": [
			["Puyo Puyo Sun for SegaNet", -1]
		],
		"Puzzle Bobble 2X (2M2)": [
			["Puzzle Bobble 2X (2M1, 2MB1)", 1]
		],
		"Puzzle Bobble 3": [
			["Puzzle Bobble 3 for SegaNet", -1]
		],
		"Resident Evil": [
			["Bio Hazard", 1]
		],
		"Riven - The Sequel to Myst (Disc 1)": [
			["Riven - A Sequencia de Myst (Disc 1)", 1]
		],
		"Riven - The Sequel to Myst (Disc 2)": [
			["Riven - A Sequencia de Myst (Disc 2)", 1]
		],
		"Riven - The Sequel to Myst (Disc 3)": [
			["Riven - A Sequencia de Myst (Disc 3)", 1]
		],
		"Riven - The Sequel to Myst (Disc 4)": [
			["Riven - A Sequencia de Myst (Disc 4)", 1]
		],
		"Road & Track Presents - The Need for Speed": [
			["Nissan Presents - Over Drivin' GT-R", 1]
		],
		"Robotica": [
			["Deadalus", 1],
			["Robotica - Cybernation Revolt", 1]
		],
		"Romance of the Three Kingdoms IV - Wall of Fire": [
			["Sanguozhi IV", 1],
			["Sangokushi IV", 1],
			["Sangokushi IV with Power-Up Kit", 1]
		],
		"Sakura Taisen 2 - Kimi, Shinitamou Koto Nakare (Disc 1)": [
			["Sakura Taisen 2 - Kimi, Shinitamou Koto Nakare (Disc 1) (Shokai Tokutenban)", 1]
		],
		"Sakura Taisen 2 - Kimi, Shinitamou Koto Nakare (Disc 2)": [
			["Sakura Taisen 2 - Kimi, Shinitamou Koto Nakare (Disc 2) (Shokai Tokutenban)", 1]
		],
		"Sakura Taisen 2 - Kimi, Shinitamou Koto Nakare (Disc 3)": [
			["Sakura Taisen 2 - Kimi, Shinitamou Koto Nakare (Disc 3) (Shokai Tokutenban)", 1]
		],
		"Sangokushi V": [
			["Sanguozhi V", 1]
		],
		"Sangokushi Koumeiden": [
			["Sanguozhi Yingjiezhuan", 1]
		],
		"Saturn Bomberman": [
			["Saturn Bomberman (SegaNet)", 1]
		],
		"Sega Rally Championship": [
			["Sega Rally Championship Plus Netlink Edition", -1]
		],
		"Sega Rally Championship Plus Netlink Edition": [
			["Sega Rally Championship Plus", 1]
		],
		"Sega Worldwide Soccer '97": [
			["Sega Worldwide Soccer 97", 1],
			["Victory Goal Worldwide Edition", 1]
		],
		"Shanghai - Triple-Threat": [
			["Shanghai - Banri no Choujou - The Great Wall", 1]
		],
		"Shinobi Legions": [
			["Shin Shinobi Den", 1],
			["Shinobi-X - Shin Shinobi Den", 1]
		],
		"Shining Force III": [
			["Shining Force III - Scenario 1 - Outo no Kyoshin", 1]
		],
		"Slam 'n Jam '96 featuring Magic & Kareem": [
			["Slam 'n Jam '96 featuring Magic & Kareem - Signature Edition", -1]
		],
		"Solar Eclipse": [
			["Titan Wars", 1]
		],
		"Sonic 3D Blast": [
			["Sonic 3D - Flickies' Island", 1]
		],
		"Star Fighter": [
			["StarFighter 3000", 1]
		],
		"Street Fighter - The Movie": [
			["Street Fighter - Real Battle on Film", 1]
		],
		"Street Fighter Alpha - Warriors' Dreams": [
			["Street Fighter Zero", 1]
		],
		"Street Fighter Alpha 2": [
			["Street Fighter Zero 2", 1]
		],
		"Street Racer": [
			["Street Racer Extra", 1]
		],
		"Super Puzzle Fighter II Turbo": [
			["Super Puzzle Fighter II X", 1]
		],
		"Teitoku no Ketsudan III": [
			["Teitoku no Ketsudan III with Power-Up Kit", -1]
		],
		"Terry Pratchett's Discworld": [
			["Discworld", 1]
		],
		"Theme Park": [
			["Shin Theme Park", 1]
		],
		"Thunderstrike 2": [
			["Firestorm - Thunderhawk 2", 1],
			["Thunderhawk II", 1]
		],
		"TNN Motor Sports HardCore 4X4": [
			["Deka 4-ku - Tough the Truck", 1],
			["Hardcore 4x4", 1]
		],
		"Tokimeki Memorial - Forever with You": [
			["Tokimeki Memorial - Forever with You (Special-ban)", -1]
		],
		"Tomb Raider": [
			["Tomb Raiders", 1]
		],
		"True Pinball": [
			["Tekkyuu - True Pinball", 1]
		],
		"Tunnel B1": [
			["3D Mission Shooting - Finalist", 1]
		],
		"Valora Valley Golf": [
			["Hyper Golf, The - Devil's Course", 1]
		],
		"Virtua Fighter": [
			["Virtua Fighter Remix (SegaNet)", -1],
			["Virtua Fighter Remix", -1]
		],
		"Virtua Fighter CG Portrait Collection": [
			["Virtua Fighter CG Portrait Series - The Final - Dural", 1],
			["Virtua Fighter CG Portrait Series Vol. 1 - Sarah Bryant", 1],
			["Virtua Fighter CG Portrait Series Vol. 10 - Jeffry McWild", 1],
			["Virtua Fighter CG Portrait Series Vol. 2 - Jacky Bryant", 1],
			["Virtua Fighter CG Portrait Series Vol. 3 - Akira Yuki", 1],
			["Virtua Fighter CG Portrait Series Vol. 4 - Pai Chan", 1],
			["Virtua Fighter CG Portrait Series Vol. 5 - Wolf Hawkfield", 1],
			["Virtua Fighter CG Portrait Series Vol. 6 - Lau Chan", 1],
			["Virtua Fighter CG Portrait Series Vol. 7 - Shun Di", 1],
			["Virtua Fighter CG Portrait Series Vol. 8 - Lion Rafale", 1],
			["Virtua Fighter CG Portrait Series Vol. 9 - Kage Maru", 1]
		],
		"Virtua Fighter Kids": [
			["Virtua Fighter Kids (Java Tea Original)", 1]
		],
		"Virtua Fighter Remix (SegaNet)": [
			["Virtua Fighter Remix", 1]
		],
		"Virtual Golf": [
			["Tournament Leader", 1]
		],
		"Virtual Hydlide (P5H)": [
			["Virtual Hydlide", 1],
			["Virtual Hydlide (P4H)", 1]
		],
		"Virtual On - Cyber Troopers": [
			["Dennou Senki - Virtual On - Cyber Troopers", 1]
		],
		"Virtual On - Cyber Troopers Net Link Edition": [
			["Dennou Senki - Virtual On - Cyber Troopers for SegaNet", 1]
		],
		"VR Golf '97": [
			["Actua Golf", 1]
		],
		"VR Soccer": [
			["Actua Soccer", 1],
			["Actua Soccer - Club Edition", 1]
		],
		"Wing Arms": [
			["Wing Arms - Kareinaru Gekitsuiou", 1]
		],
		"WipEout 2097": [
			["Wipeout XL", 1]
		],
		"World Cup Golf - Professional Edition": [
			["World Cup Golf - In Hyatt Dorado Beach", 1]
		],
		"World Series Baseball": [
			["Hideo Nomo World Series Baseball", 1]
		],
		"Worldwide Soccer '98": [
			["Sega Worldwide Soccer '98 - Club Edition", 1]
		],
		"Worldwide Soccer - Sega International Victory Goal Edition": [
			["International Victory Goal", 1],
			["Sega International Victory Goal", 1]
		]
	}
}