{
    "description": {
        "name": [
			"Sony - PlayStation"
		],
        "last updated": "14 June 2020"
    },

    "overrides": {
		"Gallop Racer (Japan)": ["Gallop Racer (Japan)", false],
		"King's Field II (Japan)": ["King's Field", false],
		"King's Field (Japan)": ["King's Field (Japan)", false],
		"Motor Toon Grand Prix (Japan)": ["Motor Toon Grand Prix (Japan)", false],
		"Motor Toon Grand Prix (Japan) (Rev1)": ["Motor Toon Grand Prix (Japan)", false],
		"Strikers 1945 (Japan)": ["Strikers 1945 (Japan)", false]
	},

	"conditional_overrides": {
		"Bishi Bashi Special 2 (Japan)": {
			"new_group": "Bishi Bashi Special 2 (Japan)",
			"condition": {
				"region": ["Japan"],
				"higher_than": ["Europe"],
				"else_group": "Bishi Bashi Special"
			}
		},
		"Tomb Raider III - Adventures of Lara Croft (Japan) (Disc 1) (Japanese Version)": {
			"new_group": "Tomb Raider III - Adventures of Lara Croft (Disc 1) (Japanese Version)",
			"condition": {
				"region": ["Japan", "Asia"],
				"higher_than": ["USA", "Europe", "Germany", "Italy", "Spain", "France"],
				"else_group": "Tomb Raider III - Adventures of Lara Croft"
			}
		},
		"Tomb Raider III - Adventures of Lara Croft (Japan) (Disc 2) (International Version)": {
			"new_group": "Tomb Raider III - Adventures of Lara Croft (Disc 2) (International Version)",
			"condition": {
				"region": ["Japan", "Asia"],
				"higher_than": ["USA", "Europe", "Germany", "Italy", "Spain", "France"],
				"else_group": "Tomb Raider III - Adventures of Lara Croft"
			}
		},
		"Tomb Raider III - Adventures of Lara Croft (Asia) (Disc 1) (Japanese Version)": {
			"new_group": "Tomb Raider III - Adventures of Lara Croft (Disc 1) (Japanese Version)",
			"condition": {
				"region": ["Japan", "Asia"],
				"higher_than": ["USA", "Europe", "Germany", "Italy", "Spain", "France"],
				"else_group": "Tomb Raider III - Adventures of Lara Croft"
			}
		},
		"Tomb Raider III - Adventures of Lara Croft (Asia) (Disc 2) (International Version)": {
			"new_group": "Tomb Raider III - Adventures of Lara Croft (Disc 2) (International Version)",
			"condition": {
				"region": ["Japan", "Asia"],
				"higher_than": ["USA", "Europe", "Germany", "Italy", "Spain", "France"],
				"else_group": "Tomb Raider III - Adventures of Lara Croft"
			}
		},
		"Tomb Raider III - Adventures of Lara Croft (Europe)": {
			"new_group": "Tomb Raider III - Adventures of Lara Croft (Disc 2) (International Version)",
			"condition": {
				"region": ["Japan", "Asia"],
				"higher_than": ["USA", "Europe", "Germany", "Italy", "Spain", "France"]
			}
		},
		"Tomb Raider III - Adventures of Lara Croft (Germany)": {
			"new_group": "Tomb Raider III - Adventures of Lara Croft (Disc 2) (International Version)",
			"condition": {
				"region": ["Japan", "Asia"],
				"higher_than": ["USA", "Europe", "Germany", "Italy", "Spain", "France"]
			}
		},
		"Tomb Raider III - Adventures of Lara Croft (Italy)": {
			"new_group": "Tomb Raider III - Adventures of Lara Croft (Disc 2) (International Version)",
			"condition": {
				"region": ["Japan", "Asia"],
				"higher_than": ["USA", "Europe", "Germany", "Italy", "Spain", "France"]
			}
		},
		"Tomb Raider III - Adventures of Lara Croft (Spain)": {
			"new_group": "Tomb Raider III - Adventures of Lara Croft (Disc 2) (International Version)",
			"condition": {
				"region": ["Japan", "Asia"],
				"higher_than": ["USA", "Europe", "Germany", "Italy", "Spain", "France"]
			}
		},
		"Tomb Raider III - Adventures of Lara Croft (USA)": {
			"new_group": "Tomb Raider III - Adventures of Lara Croft (Disc 2) (International Version)",
			"condition": {
				"region": ["Japan", "Asia"],
				"higher_than": ["USA", "Europe", "Germany", "Italy", "Spain", "France"]
			}
		},
		"Tomb Raider III - Les Aventures de Lara Croft (France)": {
			"new_group": "Tomb Raider III - Adventures of Lara Croft (Disc 2) (International Version)",
			"condition": {
				"region": ["Japan", "Asia"],
				"higher_than": ["USA", "Europe", "Germany", "Italy", "Spain", "France"],
				"else_group": "Tomb Raider III - Adventures of Lara Croft"
			}
		}
	},

    "renames": {
        "007 - The World Is Not Enough": [
			["007 - Die Welt Ist Nicht Genug", 1],
			["007 - El Mundo Nunca es Suficiente", 1],
			["007 - Le Monde ne Suffit Pas", 1]
		],
		"007 - Tomorrow Never Dies": [
			["007 - Demain ne Meurt Jamais", 1],
			["007 - Der Morgen Stirbt Nie", 1]
		],
		"2Xtreme": [
			["Street Games '97", 1]
		],
		"3D Baseball": [
			["3D Baseball - The Majors", 1]
		],
		"40 Winks": [
			["Dream Story - Les Aventures de Tim et Lola", 1],
			["Ruff & Tumble", 1]
		],
		"A-Train - Trains, Power, Money": [
			["A.IV - Evolution Global", 1],
			["A Ressha de Ikou 4 - Evolution Global", 1],
			["SuperLite 1500 Series - A Ressha de Ikou 4 - Evolution Global", 1]
		],
		"Action Man - Operation Extreme": [
			["Action Man - Mission Xtreme", 1]
		],
		"Action Replay 2 (Disc 2) (Bonus PSone Codes!) (Unl)": [
			["Action Replay 2 Version 2.23 (Disc 2) (Bonus PSone Codes!) (Unl)", 1],
			["Action Replay 2 Code Archive Disk (Disc 2) (German Edition) (Unl)", 1],
			["Action Replay 2 V2 (Disc 2) (Bonus PSone Codes) (Unl)", 2],
			["Action Replay 2 (Disc 2) (Unl)", 1]
		],
		"Aces of the Air": [
			["Simple 1500 Series Vol. 95 - The Hikouki", 1]
		],
		"Adventures of Lomax, The": [
			["Lomax", 1]
		],
		"Agent Armstrong": [
			["Agent Armstrong - Himitsu Shirei Daisakusen", 1]
		],
		"Air Combat": [
			["Ace Combat", 1]
		],
		"Air Hockey": [
			["SuperLite 1500 Series - Hooockey!!", 1]
		],
		"Alex Ferguson's Player Manager 2001": [
			["DSF Fussball Manager 2001", 1],
			["Guy Roux Manager 2001", 1]
		],
		"Alex Ferguson's Player Manager 2002": [
			["DSF Fussball Manager 2002", 1],
			["Sportweek Player Manager 2001", 1]
		],
		"Alexi Lalas International Soccer": [
			["Golden Goal 98", 1],
			["Three Lions", 1]
		],
		"All-Star Slammin' D-Ball": [
			["Simple 1500 Series Vol. 76 - The Dodgeball", 1],
			["Super Slammin' Dodgeball", 1]
		],
		"Alone in the Dark - One-Eyed Jack's Revenge": [
			["Alone in the Dark - Jack Is Back", 1],
			["Alone in the Dark 2", 1]
		],
		"Alundra 2 - A New Legend Begins": [
			["Alundra 2 - Der Beginn einer neuen Legende", 1],
			["Alundra 2 - Mashinka no Nazo", 1],
			["Alundra 2 - Une Legende Est Nee", 1]
		],
		"America Oudan Ultra Quiz": [
			["America Oudan Ultra Quiz (Fukkokuban)", 1]
		],
		"American Pool": [
			["Nice Price Series Vol. 04 - Billiard King", 1]
		],
		"Amerzone - The Explorer's Legacy (Disc 1)": [
			["Amerzone, L' (Disc 1)", 1],
			["Amerzone - Das Testament des Forschungsreisenden (Disc 1)", 1],
			["Amerzone - El Legado del Explorador (Disc 1)", 1],
			["Amerzone - Il Testamento dell'Esploratore (Disc 1)", 1],
			["Amerzone - O Testamento do Explorador (Disc 1)", 1]
		],
		"Amerzone - The Explorer's Legacy (Disc 2)": [
			["Amerzone, L' (Disc 2)", 1],
			["Amerzone - Das Testament des Forschungsreisenden (Disc 2)", 1],
			["Amerzone - El Legado del Explorador (Disc 2)", 1],
			["Amerzone - Il Testamento dell'Esploratore (Disc 2)", 1],
			["Amerzone - O Testamento do Explorador (Disc 2)", 1]
		],
		"Angelique - Tenkuu no Requiem (Angelique History)": [
			["Angelique - Tenkuu no Requiem", 2]
		],
		"Angelique Duet (Angelique History)": [
			["Angelique Duet", 2]
		],
		"Angelique Special 2 (Angelique History)": [
			["Angelique Special 2", 2]
		],
		"Ape Escape": [
			["Ape Escape - La Invasion de los Monos", 1],
			["Saru! Get You!", 1]
		],
		"Aquanaut's Holiday": [
			["Aquanaut no Kyuujitsu", 1]
		],
		"Arc the Lad Collection - Arc Arena - Monster Tournament": [
			["Arc the Lad - Monster Game with Casino Game (Disc 1) (Monster Game)", 1]
		],
		"Arc the Lad Collection - Arc the Lad": [
			["Arc the Lad", 1]
		],
		"Arc the Lad Collection - Arc the Lad II": [
			["Arc the Lad II", 1]
		],
		"Arc the Lad Collection - Arc the Lad III (Disc 1)": [
			["Arc the Lad III (Disc 1)", 1]
		],
		"Arc the Lad Collection - Arc the Lad III (Disc 2)": [
			["Arc the Lad III (Disc 2)", 1]
		],
		"Area 51 (Midway Classics)": [
			["Area 51 (Special Pack)", 1],
			["Area 51", 2]
		],
		"Army Men - Green Rogue": [
			["Army Men - Omega Soldier", 1]
		],
		"Army Men - World War": [
			["Army Men - Operation Meltdown", 1]
		],
		"Army Men - World War - Final Front": [
			["Army Men - Lock 'n' Load", 1]
		],
		"Army Men - World War - Land, Sea, Air": [
			["Army Men - Land, Sea, Air", 1]
		],
		"Army Men - World War - Team Assault": [
			["Army Men - Team Assault", 1]
		],
		"Assault - Retribution": [
			["Assault", 1]
		],
		"Asterix & Obelix Take On Caesar": [
			["Asterix & Obelix contro Cesare", 1]
		],
		"Asteroids": [
			["SuperLite 1500 Series - Asteroids", 1]
		],
		"Atlantis - The Lost Tales (Disc 1)": [
			["Atlantis - Das sagenhafte Abenteuer (Disc 1)", 1],
			["Atlantis - Secrets d'un Monde Oublie (Disc 1)", 1],
			["Atlantis - Segreti d'un Mondo Perduto (Disc 1)", 1]
		],
		"Atlantis - The Lost Tales (Disc 2)": [
			["Atlantis - Das sagenhafte Abenteuer (Disc 2)", 1],
			["Atlantis - Secrets d'un Monde Oublie (Disc 2)", 1],
			["Atlantis - Segreti d'un Mondo Perduto (Disc 2)", 1]
		],
		"Atlantis - The Lost Tales (Disc 3)": [
			["Atlantis - Das sagenhafte Abenteuer (Disc 3)", 1],
			["Atlantis - Secrets d'un Monde Oublie (Disc 3)", 1],
			["Atlantis - Segreti d'un Mondo Perduto (Disc 3)", 1]
		],
		"Ayrton Senna Kart Duel Special": [
			["Ayrton Senna Kart Duel", 2]
		],
		"Ayrton Senna Kart Duel 2": [
			["Ayrton Senna KartDuel 2", 1]
		],
		"Azure Dreams": [
			["Other Life Azure Dreams", 1]
		],
		"Backyard Soccer": [
			["Junior Sports Football", 1]
		],
		"Baldies": [
			["Baldy Land", 1]
		],
		"Ball Breakers": [
			["MoHo", 1]
		],
		"Ballerburg - Castle Chaos": [
			["Ballerburg", 1]
		],
		"Ballistic": [
			["Puzz Loop", 1]
		],
		"Barbie - Explorer": [
			["Barbie - Aventuriere", 1],
			["Barbie - Esploratrice", 1]
		],
		"Barbie - Race & Ride": [
			["Barbie - Aventure Equestre", 1]
		],
		"Barbie - Super Sports": [
			["Barbie - Sports Extreme", 1],
			["Barbie - Super Sport", 1]
		],
		"Bases Loaded '96 - Double Header": [
			["Moero!! Pro Yakyuu '95 - Double Header", 1]
		],
		"Bass Rise": [
			["Fishing Freaks - BassRise", 1]
		],
		"Batman Beyond - Return of the Joker": [
			["Batman of the Future - Return of the Joker", 1]
		],
		"Battle Arena Toshinden": [
			["Toushinden", 1]
		],
		"Battle Arena Toshinden 2": [
			["Battle Arena Toushinden 2", 1]
		],
		"Battle Arena Toshinden 3": [
			["Battle Arena Toushinden 3", 1]
		],
		"Battle Hunter": [
			["Hunter, The", 1],
			["SuperLite 1500 Series - Battle Sugoroku the Hunter - A.R.0062", 1]
		],
		"Beat-Em-Up Special": [
			["Beat-Em-Up Speziale", 1]
		],
		"Beyond the Beyond": [
			["Beyond the Beyond - Harukanaru Kanaan he", 1]
		],
		"Beyblade": [
			["Bakuten Shoot Beyblade - Bey Battle Tournament", 1]
		],
		"Big Bass World Championship": [
			["Super Black Bass X", 1]
		],
		"Big League Slugger Baseball": [
			["Wai Wai Kusa Yakyuu", 1],
			["Baseball - Pro-nami Kusayakyuu!", 2]
		],
		"Big Ol' Bass 2": [
			["Fisherman's Bait 3", 1]
		],
		"Blast Chamber": [
			["Kyuu Bakukku", 1]
		],
		"Blaze & Blade - Eternal Quest": [
			["Legend of Foresia - La Contree Interdite", 1]
		],
		"Block Buster": [
			["Block Kuzushi 2", 1],
			["Simple 1500 Series Vol. 45 - The Block Kuzushi 2", 2]
		],
		"Blood Omen - Legacy of Kain": [
			["Kain the Vampire", 1]
		],
		"Bloody Roar": [
			["Bloody Roar - Hyper Beast Duel", 1]
		],
		"Bloody Roar II": [
			["Bloody Roar 2 - Bringer of the New Age", 1]
		],
		"Board Game - Top Shop": [
			["Tenant Wars", 1],
			["SuperLite 1500 Series - Tenant Wars Alpha - SuperLite 1500 Version", 2]
		],
		"Bob the Builder - Can We Fix It": [
			["Bob Aggiustatutto", 1],
			["Bob le Bricoleur - Reparer C'est Gagne!", 1],
			["Byggare Bob - Kan Vi Fixa Det", 1],
			["Byggemand Bob - Kan Vi Klare Det", 1],
			["Byggmester Bob - Kan Det Fikses", 1],
			["Puuha Pete - Korjataanko", 1]
		],
		"Bogey - Dead 6": [
			["Raging Skies", 1]
		],
		"Bomberman - Party Edition": [
			["Bomberman", 1]
		],
		"Bottom of the 9th '97": [
			["Jikkyou American Baseball", 1]
		],
		"Bottom of the 9th '99": [
			["Jikkyou American Baseball 2", 1]
		],
		"Bowling": [
			["Simple 1500 Series Vol. 18 - The Bowling", 1]
		],
		"Boxing": [
			["All Star Boxing", 1],
			["Simple 1500 Series Vol. 32 - The Boxing", 1]
		],
		"Brahma Force - The Assault on Beltlogger 9": [
			["Brahma Force", 1],
			["Beltlogger 9", 1]
		],
		"Brave Fencer Musashi": [
			["Brave Fencer Musashiden", 1]
		],
		"Bravo Air Race": [
			["Air Race", 1],
			["Recipro Heat 5000", 1]
		],
		"Breakout": [
			["Breakout - A Story of Bat Meets Ball...!", 1]
		],
		"Breath of Fire IV": [
			["Breath of Fire IV - Utsurowazaru Mono", 1]
		],
		"Brian Lara Cricket": [
			["Shane Warne Cricket", 1]
		],
		"Brigandine - The Legend of Forsena": [
			["Brigandine - Gensou Tairiku Senki", 1]
		],
		"Broken Sword - The Shadow of the Templars": [
			["Baphomets Fluch", 1],
			["Broken Sword - La Leyenda de los Templarios", 1],
			["Chevaliers de Baphomet, Les", 1]
		],
		"Broken Sword II - The Smoking Mirror": [
			["Baphomets Fluch II - Die Spiegel der Finsternis", 1],
			["Boucliers de Quetzalcoatl, Les - Les Chevaliers de Baphomet II", 1],
			["Broken Sword II - La Profezia dei Maya", 1],
			["Broken Sword II - Las Fuerzas del Mal", 1]
		],
		"Builder's Block": [
			["Land Maker", 1]
		],
		"BursTrick - Wake Boarding!!": [
			["Simple 1500 Series Vol. 83 - The Wakeboard - BursTrick Wakeboarding!!", 2]
		],
		"Bust A Groove": [
			["Bust-A-Groove", 1],
			["Bust A Move", 1]
		],
		"Bust A Groove 2": [
			["Bust A Move 2 - Dance Tengoku Mix", 1]
		],
		"Bust-A-Move '99": [
			["Bust-A-Move 3 DX", 1],
			["Puzzle Bobble 3DX", 1]
		],
		"Bust-A-Move 2 - Arcade Edition": [
			["Puzzle Bobble 2", 1]
		],
		"Bust-A-Move 4": [
			["Puzzle Bobble 4", 1],
			["Simple 1500 Series Vol. 93 - The Puzzle Bobble - Puzzle Bobble 4", 2]
		],
		"Buster Bros. Collection": [
			["Super Pang Collection", 1]
		],
		"C3 Racing - Car Constructors Championship": [
			["Max Power Racing", 2]
		],
		"Capcom Generations (Disc 1) (Wings of Destiny)": [
			["Capcom Generation - Dai-1-shuu Gekitsuiou no Jidai", 1]
		],
		"Capcom Generations (Disc 2) (Chronicles of Arthur)": [
			["Capcom Generation - Dai-2-shuu Makai to Kishi", 1]
		],
		"Capcom Generations (Disc 3) (The First Generation)": [
			["Capcom Generation - Dai-3-shuu Koko ni Rekishi Hajimaru", 1]
		],
		"Capcom Generations (Disc 4) (Blazing Guns)": [
			["Capcom Generation - Dai-4-shuu Kokou no Eiyuu", 1]
		],
		"Capcom vs. SNK Pro": [
			["Capcom vs. SNK - Millennium Fight 2000 Pro", 1]
		],
		"Castlevania Chronicles": [
			["Castlevania Chronicle - Akumajou Dracula", 1]
		],
		"Castrol Honda Superbike Racing": [
			["SuperLite 1500 Series - Castrol Honda Super Bike Racing", 1]
		],
		"Castrol Honda VTR": [
			["SuperLite 1500 Series - Castrol Honda VTR", 1]
		],
		"Championship Motocross featuring Ricky Carmichael": [
			["Dirt Champ Motocross No. 1", 1]
		],
		"Chess": [
			["SuperLite Gold Series - Minna no Chess", 1]
		],
		"Chessmaster 3-D, The": [
			["Chessmaster, The", 1]
		],
		"China - The Forbidden City": [
			["Chine - Intrigue dans la Cite Interdite", 1],
			["Cina - Crimini nella Citta Proibita", 1],
			["Verrat in der Verbotenen Stadt", 1]
		],
		"Chocobo's Dungeon 2": [
			["Chocobo no Fushigi na Dungeon 2 (Disc 1)", 1]
		],
		"Chocobo Racing": [
			["Chocobo Racing - Genkai e no Road", 1]
		],
		"City of Lost Children, The": [
			["Cite des Enfants Perdus, La", 1],
			["Ciudad de los ninos perdidos, La", 1],
			["Stadt der verlorenen Kinder, Die", 1]
		],
		"Cleopatra's Fortune": [
			["Cleopatra Fortune", 1]
		],
		"Clock Tower": [
			["Clock Tower 2", 1]
		],
		"Clock Tower II - The Struggle Within": [
			["Clock Tower - Ghost Head", 1]
		],
		"Code Breaker Version 3 (Unl)": [
			["Code Breaker (Unl)", 1],
			["Code Breaker Version 2 (Unl)", 1]
		],
		"Codemasters Demo CD": [
			["Codemasters Demo Disk", 1]
		],
		"Codename - Tenka": [
			["Lifeforce Tenka", 1]
		],
		"Colin McRae Rally": [
			["Colin McRae - The Rally", 1]
		],
		"Colin McRae Rally 2.0": [
			["Colin McRae - The Rally 02", 1]
		],
		"Colony Wars - Red Sun": [
			["Colony Wars - El Sol Rojo", 1]
		],
		"Command & Conquer (Disc 1) (GDI)": [
			["Command & Conquer - Teil 1 - Der Tiberiumkonflikt (Disc 1) (GDI)", 1],
			["Command & Conquer Complete (Disc 1) (GDI)", 1]
		],
		"Command & Conquer (Disc 2) (NOD)": [
			["Command & Conquer - Teil 1 - Der Tiberiumkonflikt (Disc 2) (NOD)", 1],
			["Command & Conquer Complete (Disc 2) (NOD)", 1]
		],
		"Command & Conquer - Red Alert (Disc 1) (Allies)": [
			["Command & Conquer - Alarmstufe Rot (Disc 1)", 1],
			["Command & Conquer - Alerte Rouge (Disc 1) (Allies)", 1]
		],
		"Command & Conquer - Red Alert (Disc 2) (Soviet)": [
			["Command & Conquer - Alarmstufe Rot (Disc 2)", 1],
			["Command & Conquer - Alerte Rouge (Disc 2) (Sovietiques)", 1]
		],
		"Command & Conquer - Red Alert - Retaliation (Disc 1) (Allies)": [
			["Command & Conquer - Alarmstufe Rot - Gegenschlag (Disc 1) (Die Alliierten)", 1],
			["Command & Conquer - Alerte Rouge - Mission Tesla (Disc 1) (Allies)", 1]
		],
		"Command & Conquer - Red Alert - Retaliation (Disc 2) (Soviet)": [
			["Command & Conquer - Alarmstufe Rot - Gegenschlag (Disc 2) (Die Sowjets)", 1],
			["Command & Conquer - Alerte Rouge - Mission Tesla (Disc 2) (Sovietiques)", 1]
		],
		"Contender": [
			["Dynamite Boxing", 1],
			["Victory Boxing Contender", 1],
			["Victory Boxing 2", 2]
		],
		"Contender 2": [
			["Victory Boxing Challenger", 1]
		],
		"Cool Boarders 2": [
			["Cool Boarders 2 - Killing Session", 1]
		],
		"Crash Bandicoot - Warped": [
			["Crash Bandicoot 3 - Buttobi! Sekai Isshuu", 1],
			["Crash Bandicoot 3 - Warped", 1]
		],
		"Crash Bandicoot 2 - Cortex Strikes Back": [
			["Crash Bandicoot 2 - Cortex no Gyakushuu!", 1]
		],
		"Crash Bash": [
			["Crash Bandicoot Carnival", 1]
		],
		"Covert Ops - Nuclear Dawn (Disc 1)": [
			["Chase the Express (Disc 1)", 1],
			["Chase the Express - El Expreso de la Muerte (Disc 1)", 1]
		],
		"Covert Ops - Nuclear Dawn (Disc 2)": [
			["Chase the Express (Disc 2)", 1],
			["Chase the Express - El Expreso de la Muerte (Disc 2)", 1]
		],
		"Croc - Legend of the Gobbos": [
			["Croc! Pau-Pau Island", 1]
		],
		"Croc 2": [
			["Croc Adventure", 1]
		],
		"Crossroad Crisis": [
			["SuperLite 1500 Series - Chitty Chitty Chicken", 1]
		],
		"Crypt Killer": [
			["Henry Explorers", 1]
		],
		"CTR - Crash Team Racing": [
			["Crash Bandicoot Racing", 1]
		],
		"Culdcept - Expansion": [
			["Culdcept - Expansion Plus", -1]
		],
		"D (Disc 1)": [
			["D no Shokutaku - Complete Graphics (Disc 1)", 1]
		],
		"D (Disc 2)": [
			["D no Shokutaku - Complete Graphics (Disc 2)", 1]
		],
		"D (Disc 3)": [
			["D no Shokutaku - Complete Graphics (Disc 3)", 1]
		],
		"Dance-UK": [
			["All Music Dance!", 1],
			["Dance Europe", 1]
		],
		"Dance Dance Revolution - Disney Mix": [
			["Dancing Stage - Disney Mix", 1],
			["Dance Dance Revolution - Disney's Rave", 1]
		],
		"Dare Devil Derby 3D": [
			["Supersonic Racers", 1]
		],
		"Darkstalkers - The Night Warriors": [
			["Vampire - The Night Warriors", 1]
		],
		"Darkstalkers 3": [
			["Vampire Savior - EX Edition", 1]
		],
		"Dave Mirra Freestyle BMX": [
			["Dave Mirra Freestyle BMX - Maximum Remix", -1]
		],
		"DBZ - Dead Ball Zone": [
			["CBZ - CyBall Zone", 1]
		],
		"Deception III - Dark Delusion": [
			["Soumatou", 1]
		],
		"Defcon 5 - Peace Has a Price...": [
			["Defcon 5", 1]
		],
		"Demo Codemasters (SLED-02246)": [
			["Demo Codemasters (SLED-01725)", 1]
		],
		"Descent Maximum": [
			["Descent II", 1]
		],
		"Destructo 2": [
			["Simple 1500 Series Vol. 48 - The Puzzle 2", 1]
		],
		"Devil Dice": [
			["XI [sai]", 1]
		],
		"Die Hard Trilogy 2 - Viva Las Vegas": [
			["Jungla de Cristal Trilogia 2 - Viva Las Vegas", 1]
		],
		"Digimon Digital Card Battle": [
			["DigimonWorld - Digital Card Battle", 1]
		],
		"Digimon Rumble Arena": [
			["DigimonTamers - Battle Evolution", 1]
		],
		"Digimon World": [
			["DigimonWorld", 1]
		],
		"Digimon World 2": [
			["DigimonWorld 2", 1]
		],
		"Digimon World 3": [
			["Digimon World 2003", 1],
			["DigimonWorld 3 - Aratanaru Bouken no Tobira", 1]
		],
		"Dirt Jockey - Heavy Equipment Operator": [
			["Kensetsu Kikai Simulator - Kenki Ippai!", 1]
		],
		"Discworld II - Mortality Bytes!": [
			["Discworld II - Missing Presumed...!", 1],
			["Discworld II - Mortellement Votre", 1],
			["Discworld II - Vermutlich vermisst...!", 1]
		],
		"Disney-Pixar A Bug's Life": [
			["Disney-Pixar A Bug's Life - Megaminimondo", 1],
			["Disney-Pixar Das grosse Krabbeln", 1],
			["Disney-Pixar Ett smakryps liv", 1],
			["Disney-Pixar Graes-Rodderne", 1],
			["Disney-Pixar Oetoekaen elaemaeae", 1],
			["Disney-Pixar Sma-kryp", 1]
		],
		"Disney-Pixar A Bug's Life - Disney's Activity Centre": [
			["Disney-Pixar A Bug's Life - Atelier de Jeux", 1],
			["Disney-Pixar A Bug's Life - Disneys Malen und Spielen", 1],
			["Disney-Pixar Bichos Una Aventura en Miniatura", 1],
			["Disney-Pixar Bottega dei Giochi - A Bug's Life Megaminimondo", 1],
			["Disney-Pixar Een Luizenleven", 1]
		],
		"Disney-Pixar Buzz Lightyear of Star Command": [
			["Disney-Pixar Buzz Lightyear da Commando Stellare", 1],
			["Disney-Pixar Captain Buzz Lightyear - Star Command", 1],
			["Disney-Pixar Les Aventures de Buzz L'Eclair", 1],
			["Disney-Pixar's Buzz Lightyear - Guardianes del Espacio", 1]
		],
		"Disney-Pixar Monsters, Inc. - Scream Team": [
			["Disney-Pixar Die Monster AG - Schreckens-Insel", 1],
			["Disney-Pixar Monster & Co. - L'Isola dello Spavento", 1],
			["Disney-Pixar Monsterbedriften - Skrekkoya", 1],
			["Disney-Pixar Monsterit Oy - Saeikkysaari", 1],
			["Disney-Pixar Monsters en Co. - Schrik Eiland", 1],
			["Disney-Pixar Monsters, Inc. - Monstros e Companhia - Ilha Assustadora", 1],
			["Disney-Pixar Monsters, Inc. - Scare Island", 1],
			["Disney-Pixar Monsters, Inc. - Skraemmaroen", 1],
			["Disney-Pixar Monsters, Inc. - Skraemmeoen", 1],
			["Disney-Pixar Monstres & Cie - L'ile de l'Epouvante", 1],
			["Disney-Pixar Monstruos, S.A. - Isla de los Sustos", 1]
		],
		"Disney-Pixar Toy Story 2 - Buzz Lightyear to the Rescue!": [
			["Disney-Pixar Toy Story 2 - Buzz l'Eclair a la Rescousse!", 1],
			["Disney-Pixar Toy Story 2 - Buzz Lightyear al Rescate!", 1],
			["Disney-Pixar Toy Story 2 - Buzz Lightyear eilt zur Hilfe!", 1],
			["Disney-Pixar Toy Story 2 - Woody e Buzz alla riscossa!", 1]
		],
		"Disney's Aladdin in Nasira's Revenge": [
			["Disney's Aladdin in Nasira's Wraak", 1],
			["Disney Aladdin - La Revanche de Nasira", 1],
			["Disney Aladdin - La Vendetta di Nasira", 1],
			["Disney Aladdin - La Venganza de Nasira", 1],
			["Disneyn Aladdin - Nasiran Kosto", 1],
			["Disneys Aladdin - Nasiras haemnd", 1],
			["Disneys Aladdin - Nasiras Haevn", 1],
			["Disneys Aladdin - Nasiras Hevn", 1],
			["Disneys Aladdin - Nasiras Rache", 1]
		],
		"Disney's Atlantis - The Lost Empire": [
			["Disney's Atlantis - En foersvunnen vaerld", 1],
			["Disney's Atlantis - De Verzonken Stad", 1],
			["Disney Atlantida - O Continente Perdido", 1],
			["Disney Atlantide - L'Empire Perdu", 1],
			["Disney Atlantis - El Imperio Perdido", 1],
			["Disney Atlantis - L'Impero Perduto", 1],
			["Disneys Atlantis - En Forsvunnet Verden", 1],
			["Disneyn Atlantis - Kadonnut Kaupunki", 1],
			["Disneys Atlantis - Das Geheimnis der verlorenen Stadt", 1],
			["Disneys Atlantis - Det Forsvundne Rige", 1]
		],
		"Disney's Dinosaur": [
			["Disney Dinosaure", 1],
			["Disney Dinosauri", 1],
			["Disney Dinosaurio", 1],
			["Disney's Dinosaurier", 1]
		],
		"Disney's Donald Duck - Goin' Quackers": [
			["Disney Pato Donald - Cuac Attack", 1],
			["Disney's Donald Duck - Quack Attack", 1]
		],
		"Disney's Goofy's Fun House": [
			["Disney Dingo Une Journee de Dingue!", 1],
			["Disney La Super-Diver Casa de Goofy", 1],
			["Disney Pippo Giochi Pazzi", 1]
		],
		"Disney's Hercules Action Game": [
			["Disney's Action spel med Herkules", 1],
			["Disney's Action Game featuring Hercules", 1],
			["Disney's Action Game met Hercules", 1],
			["Disney Action Game Disney Presenta Hercules", 1],
			["Disney Jeu d'Action Disney Presente Hercule", 1],
			["Disney Juego de Accion Disney Presenta Hercules", 1],
			["Disneys Action Spil med Herkules", 1],
			["Disneys Hercules Action-Spiel", 1]
		],
		"Disney's Lilo & Stitch": [
			["Disney's Lilo & Stitch - Heisa op Hawai", 1],
			["Disney's Lilo & Stitch - Trouble in Paradise", 1],
			["Disney Lilo & Stitch - Grossi Guai alle Hawaii", 1],
			["Disney Lilo & Stitch - Ouragan sur Hawai", 1],
			["Disney Lilo & Stitch - Sarilhos no Paraiso", 1],
			["Disney Lilo & Stitch en Problemas en el Paraiso", 1],
			["Disneys Lilo & Stitch - Ballade pa Hawaii!", 1],
			["Disneys Lilo & Stitch - Hula Baluba!", 1],
			["Disneys Lilo & Stitch - Trubbel i Paradiset", 1],
			["Disneys Lilo & Stitch - Zoff auf Hawaii", 1]
		],
		"Disney's Pooh's Party Game - In Search of the Treasure": [
			["Disney's Party mit Winnie Puuh", 1],
			["Disney's Party Time with Winnie the Pooh", 1],
			["Disney's Spelen met Winnie de Poeh en zijn Vriendjes!", 1],
			["Disney's Winnie L'Ourson - C' Est La Recre!", 1],
			["Disney Pooh e Tigro! E Qui la Festa", 1],
			["Disney Ven a la Fiesta! con Winnie the Pooh", 1],
			["Disneys Plys' Spil-og-Leg-Sted", 1]
		],
		"Disney's Story Studio - Mulan": [
			["Disney's Aventura Interactiva - Mulan", 1],
			["Disney's Verhalenstudio - Mulan", 1],
			["Disney Fais Ton Histoire! Mulan", 1],
			["Disney Libro Animato Creativo - Mulan", 1],
			["Disneys Interaktive Abenteuer - Mulan", 1]
		],
		"Disney's Tarzan": [
			["Disney Tarzan", 1],
			["Disneyn Tarzan", 1],
			["Disneys Tarzan", 1]
		],
		"Disney's The Emperor's New Groove": [
			["Disney's Keizer Kuzco", 1],
			["Disney Keisarin Uudet Kuviot", 1],
			["Disney El Emperador y sus Locuras", 1],
			["Disneys Ein Koenigreich fuer ein Lama", 1],
			["Disneys Et Kongerike for en Lama", 1],
			["Disneys Kejsarens Nya Stil", 1],
			["Disneys Kejserens Nye Flip", 1],
			["Disney Kuzco - L'Empereur Megalo", 1],
			["Disney Le Follie dell'Imperatore", 1]
		],
		"Disney's The Lion King - Simba's Mighty Adventure": [
			["Disney's De Leeuwenkoning - Simba's Machtige Avontuur", 1],
			["Disney's El Rey Leon - Las Aventuras del Poderoso Simba", 1],
			["Disneys Der Koenig der Loewen - Simbas grosses Abenteuer", 1],
			["Disney Il Re Leone - La Grande Avventura di Simba", 1],
			["Disney le Roi Lion - La Formidable Aventure de Simba", 1]
		],
		"Disney's The Little Mermaid II": [
			["Disney's De Kleine Zeemeermin II", 1],
			["Disney La Petite Sirene 2", 1],
			["Disney La Sirenetta II", 1],
			["Disney La Sirenita 2", 1],
			["Disneys Arielle 2", 1]
		],
		"Disney's Treasure Planet": [
			["Disney's Skattkammarplaneten", 1],
			["Disney's Piratenplaneet - De Schat van Kapitein Flint", 1],
			["Disney El planeta del tesoro", 1],
			["Disney La Planete au Tresor", 1],
			["Disney Il Pianeta del Tesoro", 1],
			["Disneys Skatteplaneten", 1],
			["Disneys Der Schatzplanet", 1]
		],
		"Disney's Winnie the Pooh - Kindergarten": [
			["Disney Learning - Winnie the Pooh", 1],
			["Kids Station - Kuma no Pooh-san - Mori no Kyoushitsu", 1]
		],

		"Disney's Winnie the Pooh - Preschool": [
			["Disney Learning - Winnie the Pooh Preschool", 1],
			["Kids Station - Kuma no Pooh-san - Mori no Tomodachi", 1]
		],
		"Disney Presents Tigger's Honey Hunt": [
			["Disney's Teigetjes Honingjacht", 1],
			["Disney's Tigger's Honey Hunt", 1],
			["Disney Tigger tras un Bote de Miel", 1],
			["Disney Tigro e la Caccia al Miele", 1],
			["Disney Winnie l'Ourson - La Chasse au Miel de Tigrou", 1],
			["Disneys Tigerdyrets honningjagt", 1],
			["Disneys Tiggers Honigjagd", 1]
		],
		"Diver's Dream": [
			["Dolphin's Dream", 1]
		],
		"Dracula - The Last Sanctuary (Disc 1)": [
			["Dracula 2 - Die letzte Zufluchtsstaette (Disc 1)", 1],
			["Dracula 2 - El Ultimo Santuario (Disc 1)", 1],
			["Dracula 2 - L'Ultimo Santuario (Disc 1)", 1],
			["Dracula 2 - Le Dernier Sanctuaire (Disc 1)", 1],
			["Dracula 2 - The Last Sanctuary (Disc 1)", 1]
		],
		"Dracula - The Last Sanctuary (Disc 2)": [
			["Dracula 2 - Die letzte Zufluchtsstaette (Disc 2)", 1],
			["Dracula 2 - El Ultimo Santuario (Disc 2)", 1],
			["Dracula 2 - L'Ultimo Santuario (Disc 2)", 1],
			["Dracula 2 - Le Dernier Sanctuaire (Disc 2)", 1],
			["Dracula 2 - The Last Sanctuary (Disc 2)", 1]
		],
		"Dracula - The Resurrection (Disc 1)": [
			["Dracula - A Ressurreicao (Disc 1)", 1],
			["Dracula - La Risurrezione (Disc 1)", 1],
			["Dracula - Resurreccion (Disc 1)", 1],
			["Dracula - Resurrection (Disc 1)", 1]
		],
		"Dracula - The Resurrection (Disc 2)": [
			["Dracula - A Ressurreicao (Disc 2)", 1],
			["Dracula - La Risurrezione (Disc 2)", 1],
			["Dracula - Resurreccion (Disc 2)", 1],
			["Dracula - Resurrection (Disc 2)", 1]
		],
		"Dragon Ball GT - Final Bout": [
			["Dragon Ball - Final Bout", 1]
		],
		"Dragon Seeds": [
			["Dragon Seeds - Saishuu Shinka Keitai", 1]
		],
		"Dragon Warrior VII (Disc 1)": [
			["Dragon Quest VII - Eden no Senshi-tachi (Disc 1)", 1]
		],
		"Dragon Warrior VII (Disc 2)": [
			["Dragon Quest VII - Eden no Senshi-tachi (Disc 2)", 1]
		],
		"Driver - You Are the Wheelman": [
			["Driver", 1],
			["Driver - Sennyuu! Car Chase Daisakusen", 1]
		],
		"Driver 2 (Disc 1)": [
			["Driver 2 - Back on the Streets (Disc 1)", 1]
		],
		"Driver 2 (Disc 2)": [
			["Driver 2 - Back on the Streets (Disc 2)", 1]
		],
		"Ducati World - Racing Challenge": [
			["Ducati World", 1]
		],
		"Duke Nukem - Total Meltdown": [
			["Duke Nukem", 1]
		],
		"Dune 2000": [
			["Dune", 1]
		],
		"Dynasty Warriors": [
			["Sangoku Musou", 1]
		],
		"Eggs of Steel - Charlie's Eggcellent Adventure": [
			["Hello Charlie!!", 1]
		],
		"Egypt 1156 B.C. - Tomb of the Pharaoh": [
			["Egypt 1156 A.C. - L'Enigma della Tomba Reale", 1],
			["Egypte 1156 AV. J.-C. - L'Enigme de la Tombe Royale", 1],
			["Grab des Pharao, Das", 1]
		],
		"Egypt II - The Heliopolis Prophecy": [
			["Egipto II - La Profecia de Heliopolis", 1],
			["Egypt II - Die Prophezeiung von Helipolis", 1],
			["Egypt II - La Profezia di Heliopolis", 1],
			["Egypt II - La Prophetie d'Heliopolis", 1]
		],
		"Elemental Gearbolt": [
			["Gensei Kyokou Seirei Kidoudan - Elemental Gearbolt", 1]
		],
		"Elemental Pinball": [
			["Nice Price Series Vol. 08 - Elemental Pinball", 1]
		],
		"Equalizer Xtreme Ver 4.2 (Unl)": [
			["Equalizer Xtreme Ver 4.1 (Unl)", 2],
			["Equalizer Xtreme Ver 1.1 (Unl)", 3]
		],
		"Equestrian Showcase": [
			["Alexandra Ledermann 2 - Equitation Competition", 1],
			["Equestriad 2001", 1]
		],
		"ESPN Extreme Games": [
			["1Xtreme", 1],
			["ESPN Street Games", 1]
		],
		"Eternal Eyes": [
			["Kouklotheatro - Yuukyuu no Hitomi", 1]
		],
		"Eve - The Fatal Attraction (Disc 1) (Premium Box)": [
			["Eve - The Fatal Attraction (Disc 1)", 2]
		],
		"Eve - The Fatal Attraction (Disc 2) (Premium Box)": [
			["Eve - The Fatal Attraction (Disc 2)", 2]
		],
		"Eve - The Fatal Attraction (Disc 3) (Premium Box)": [
			["Eve - The Fatal Attraction (Disc 3)", 2]
		],
		"Eve - The Lost One (Disc 1) (Kyoko Disc) (GameVillage The Best)": [
			["Eve - The Lost One (Disc 1) (Kyoko Disc)", 2]
		],
		"Eve - The Lost One (Disc 2) (Snake Disc) (GameVillage The Best)": [
			["Eve - The Lost One (Disc 2) (Snake Disc)", 2]
		],
		"Eve - The Lost One (Disc 3) (Lost One Disc) (GameVillage The Best)": [
			["Eve - The Lost One (Disc 3) (Lost One Disc)", 2]
		],
		"Eve Zero (Disc 1) (Premium Box)": [
			["Eve Zero (Disc 1)", 2]
		],
		"Eve Zero (Disc 2) (Premium Box)": [
			["Eve Zero (Disc 2)", 2]
		],
		"Eve Zero (Disc 3) (Premium Box)": [
			["Eve Zero (Disc 3)", 2]
		],
		"Evil Zone": [
			["Fuujin Ryouiki Eretzvaju", 1]
		],
		"Expendable": [
			["Millennium Soldier - Expendable", 1]
		],
		"Extreme 500": [
			["Suzuki Alstare Challenge", 1]
		],
		"Extreme Go-Kart Racing": [
			["Wai Wai Kart", 1]
		],
		"Extreme Snow Break": [
			["Snow Break", 1]
		],
		"F.A. Premier League Football Manager 2000, The": [
			["Bundesliga 2000 - Der Fussball-Manager", 1]
		],
		"F.A. Premier League Football Manager 2001, The": [
			["Fussball Manager 2001", 1]
		],
		"F.A. Premier League Stars, The": [
			["Bundesliga Stars 2000", 1],
			["Primera Division Stars", 1]
		],
		"F.A. Premier League Stars 2001, The": [
			["Bundesliga Stars 2001", 1],
			["LNF Stars 2001", 1]
		],
		"Fade to Black": [
			["Fade to Black (SLES-00339)", 1]
		],
		"Family Card Games Fun Pack": [
			["Card Shark", 1]
		],
		"Famires, The": [
			["SuperLite 1500 Series - The FamiRes", 2]
		],
		"Fatal Fury - Wild Ambition": [
			["Garou Densetsu - Wild Ambition", 1]
		],
		"Fear Effect 2 - Retro Helix (Disc 1)": [
			["Helix - Fear Effect (Disc 1)", 1]
		],
		"Fear Effect 2 - Retro Helix (Disc 2)": [
			["Helix - Fear Effect (Disc 2)", 1]
		],
		"Fear Effect 2 - Retro Helix (Disc 3)": [
			["Helix - Fear Effect (Disc 3)", 1]
		],
		"Fear Effect 2 - Retro Helix (Disc 4)": [
			["Helix - Fear Effect (Disc 4)", 1]
		],
		"Felony 11-79": [
			["Runabout", 1]
		],
		"FIFA - Road to World Cup 98": [
			["FIFA - Die WM-Qualifikation 98", 1],
			["FIFA - En Route pour la Coupe du Monde 98", 1],
			["FIFA - Rumbo al Mundial 98", 1]
		],
		"FIFA 99": [
			["FIFA 99 - Europe League Soccer", 1]
		],
		"FIFA 2000 - Major League Soccer": [
			["FIFA 2000", 1],
			["FIFA 2000 - Europe League Soccer", 1]
		],
		"FIFA Soccer 97": [
			["FIFA 97", 1]
		],
		"FIFA Soccer 2002": [
			["FIFA Football 2002", 1]
		],
		"FIFA Soccer 2003": [
			["FIFA Football 2003", 1]
		],
		"FIFA Soccer 2004": [
			["FIFA Football 2004", 1]
		],
		"FIFA Soccer 2005": [
			["FIFA Football 2005", 1]
		],
		"Fighter Maker": [
			["3D Kakutou Tkool", 1]
		],
		"Fighting Force": [
			["Metal Fist", 1]
		],
		"Final Fantasy Chronicles - Chrono Trigger": [
			["Chrono Trigger", 1]
		],
		"Final Fantasy Chronicles - Final Fantasy IV": [
			["Final Fantasy Anthology - European Edition - Final Fantasy IV", 1],
			["Final Fantasy IV", 1]
		],
		"Final Fantasy Anthology - Final Fantasy V": [
			["Final Fantasy Anthology - European Edition - Final Fantasy V", 1],
			["Final Fantasy V", 1]
		],
		"Final Fantasy Anthology - Final Fantasy VI": [
			["Final Fantasy VI", 1]
		],
		"Final Fantasy (Premium Package)": [
			["Final Fantasy Origins", -1],
			["Final Fantasy Origins - Final Fantasy", 1],
			["Final Fantasy", 2]
		],
		"Final Fantasy II (Premium Package)": [
			["Final Fantasy Origins", -1],
			["Final Fantasy Origins - Final Fantasy II", 1],
			["Final Fantasy II", 2]
		],
		"Final Fantasy VII (Disc 1)": [
			["Final Fantasy VII International (Disc 1)", 1]
		],
		"Final Fantasy VII (Disc 2)": [
			["Final Fantasy VII International (Disc 2)", 1]
		],
		"Final Fantasy VII (Disc 3)": [
			["Final Fantasy VII International (Disc 3)", 1]
		],
		"Final Round, The": [
			["Eikou no Fairway - Virtual Golf Simulation", 1],
			["Konami Open Golf", 1]
		],
		"Fisherman's Bait - A Bass Challenge": [
			["Fisherman's Bait - Bass Challenge", 1]
		],
		"Fishing Freaks - BassRise (Doukon Pack)": [
			["Fishing Freaks - BassRise Plus", -1]
		],
		"Flintstones, The - Bedrock Bowling": [
			["Flintstones, Die - Bedrock Bowling", 1],
			["Pierrafeu, Les - Bedrock Bowling", 1]
		],
		"Floating Runner - Quest for the 7 Crystals": [
			["Floating Runner", 1],
			["Floating Runner - 7-tsu no Suishou no Monogatari", 1]
		],
		"Fluid": [
			["Depth", 1],
			["Sub", 1]
		],
		"Formula 1 Championship Edition": [
			["Formula 1 97", 1]
		],
		"Formula Karts - Special Edition": [
			["Elf Masters presente Formula Karts - Special Edition", 1]
		],
		"FOX Sports Golf '99": [
			["Actua Golf 2", 1]
		],
		"FoxKids.com - Micro Maniacs Racing": [
			["Denkousekka Micro Runner - Maniac Hakase no Hisaku", 1],
			["Micro Maniacs", 1]
		],
		"Formula Nippon": [
			["Formula Nippon '99 - Racing Driver ni Narou!", 1]
		],
		"Freestyle Boardin' '99": [
			["Phat Air - Extreme Snowboarding", 1]
		],
		"Front Mission 2 (Front Mission History)": [
			["Front Mission 2", 1]
		],
		"Future Cop - L.A.P.D.": [
			["Soukou Kidoutai L.A.P.D.", 1]
		],
		"Future Racer": [
			["Defeat Lightning", 1]
		],
		"Galaxy Fight": [
			["Galaxy Fight - Universal Warriors", 1]
		],
		"Gallop Racer": [
			["Gallop Racer 3", 1]
		],
		"Gekioh - Shooting King": [
			["Geki-Oh - Shienryuu", 1]
		],
		"Gex - Enter the Gecko": [
			["Gex 3D - Enter the Gecko", 1],
			["Spin Tail", 1]
		],
		"Gex 3 - Deep Cover Gecko": [
			["Gex - Deep Cover Gecko", 1]
		],
		"Ghost in the Shell": [
			["Koukaku Kidoutai - Ghost in the Shell", 1]
		],
		"Ghoul Panic": [
			["Oh! Bakyuuun", 1]
		],
		"GameShark CDX Version 4.11B (Unl)": [
			["GameShark CDX Version 4.11A", 2],
			["GameShark CDX Version 4.0A (Unl)", 3],
			["GameShark CDX Version 3.51 (Unl)", 4],
			["GameShark CDX Version 3.41 (Unl)", 5],
			["GameShark CDX Version 3.4 (Unl)", 6],
			["GameShark CDX Version 3.3 (Unl)", 7]
		],
		"Goal Storm": [
			["World Soccer Winning Eleven", 1]
		],
		"Goal Storm '97": [
			["International Superstar Soccer Pro", 1],
			["World Soccer Winning Eleven '97", 1]
		],
		"Gold and Glory - The Road to El Dorado": [
			["Gold und Ruhm - Der Weg nach El Dorado", 1],
			["Oro e Gloria - La Strada per El Dorado", 1],
			["Oro y Gloria - La Ruta hacia El Dorado", 1],
			["Pour l'Or et la Gloire - La Route d'Eldorado", 1]
		],
		"Gran Turismo 2 (Arcade Mode)": [
			["Gran Turismo 2 (Disc 1) (Arcade Mode)", 1],
			["Gran Turismo 2 (Disc 1) (Arcade)", 1]
		],
		"Gran Turismo 2 (Simulation Mode)": [
			["Gran Turismo 2 (Disc 2) (Gran Turismo Mode)", 1],
			["Gran Turismo 2 (Disc 2) (Gran Turismo)", 1]
		],
		"Grand Theft Auto - London 1969": [
			["Grand Theft Auto - Mission Pack 1 - London 1969", 2]
		],
		"Granstream Saga, The": [
			["Granstream Denki - The Granstream Saga", 1]
		],
		"Grid Runner": [
			["Grid Run", 1]
		],
		"Guardian's Crusade": [
			["Knight & Baby", 1]
		],
		"Gundam Battle Assault": [
			["Gundam - The Battle Master 2", 2]
		],
		"Hard Boiled": [
			["Hard Boiled - Neuro Tower o Hakai Seyo", 1]
		],
		"Harry Potter and the Chamber of Secrets": [
			["Harry Potter ja Salaisuuksien Kammio", 1],
			["Harry Potter to Himitsu no Heya", 1]
		],
		"Harry Potter and the Sorcerer's Stone": [
			["Harry Potter and the Philosopher's Stone", 1],
			["Harry Potter to Kenja no Ishi", 1],
			["Harry Potter to Kenja no Ishi (Coca-Cola Kenshouhin)", 2]
		],
		"Harukanaru Toki no Naka de (Premium Box)": [
			["Harukanaru Toki no Naka de", 2]
		],
		"Harukanaru Toki no Naka de - Banjou Yuugi (Premium Box)": [
			["Harukanaru Toki no Naka de - Banjou Yuugi", 2]
		],
		"Harvest Moon - Back to Nature": [
			["Bokujou Monogatari - Harvest Moon", 1]
		],
		"Hatsukoi Valentine": [
			["Hatsukoi Valentine Special", -1]
		],
		"Hebereke's Popoitto": [
			["Hebereke Station Popoitto", 1]
		],
		"Hellnight": [
			["Dark Messiah", 1]
		],
		"Hello Kitty - Cube Frenzy": [
			["Hello Kitty no Cube de Cute", 1]
		],
		"Herc's Adventures": [
			["Herc's Adventures - Hercules no Daibouken", 1]
		],
		"Hexen": [
			["Hexen - Beyond Heretic", 1]
		],
		"Hi-Octane - The Track Fights Back!": [
			["Hi-Octane", 1]
		],
		"Hive, The (Disc 1)": [
			["Hive Wars, The (Disc 1)", 1]
		],
		"Hive, The (Disc 2)": [
			["Hive Wars, The (Disc 2)", 1]
		],
		"Hogs of War": [
			["Cochons de Guerre, Les", 1],
			["Frontschweine", 1],
			["Hogs of War - Nati per Soffritto", 1],
			["Marranos en Guerra", 1]
		],
		"Hoshigami - Ruining Blue Earth": [
			["Hoshigami - Shizumiyuku Aoki Daichi", 1]
		],
		"Hot Shots Golf": [
			["Everybody's Golf", 1],
			["Minna no Golf", 1]
		],
		"Hot Shots Golf 2": [
			["Everybody's Golf 2", 1],
			["Minna no Golf 2", 1]
		],
		"Hyper Tennis - Final Match": [
			["Hyper Final Match Tennis", 1]
		],
		"I.Q - Intelligent Qube": [
			["Kurushi", 1]
		],
		"In Cold Blood (Disc 1)": [
			["A Sangre Fria (Disc 1)", 1],
			["A Sangue Freddo (Disc 1)", 1],
			["Cold Blood (Disc 1)", 1],
			["De Sang Froid (Disc 1)", 1]
		],
		"In Cold Blood (Disc 2)": [
			["A Sangre Fria (Disc 2)", 1],
			["A Sangue Freddo (Disc 2)", 1],
			["Cold Blood (Disc 2)", 1],
			["De Sang Froid (Disc 2)", 1]
		],
		"In the Hunt": [
			["Kaitei Daisensou - In the Hunt", 1]
		],
		"Independence Day": [
			["Independence Day - The Game", 1]
		],
		"International Track & Field": [
			["Hyper Olympic in Atlanta", 1]
		],
		"International Track & Field 2000": [
			["International Track & Field 2", 1]
		],
		"Inuyasha - A Feudal Fairy Tale": [
			["Inuyasha - Sengoku Otogi Gassen", 1]
		],
		"Invasion from Beyond": [
			["B-Movie", 1],
			["Invasion Vient de l'Espace, L'", 1]
		],
		"Irritating Stick": [
			["Utchan Nanchan no Honoo no Challenger - Denryuu Ira Ira Bou Returns", 1]
		],
		"ISS Pro Evolution": [
			["World Soccer Jikkyou Winning Eleven 4", 1]
		],
		"ISS Pro Evolution 2": [
			["World Soccer Jikkyou Winning Eleven 2000 - U-23 Medal e no Chousen", 1]
		],
		"Jade Cocoon - Story of the Tamamayu": [
			["Jade Cocoon - Die Tamamayu Legende", 1],
			["Jade Cocoon - La Leggenda del Tamamayu", 1],
			["Jade Cocoon - La Leyenda de Tamamayu", 1],
			["Tamamayu Monogatari", 1]
		],
		"Jarrett & Labonte Stock Car Racing": [
			["TOCA World Touring Cars", 1],
			["WTC World Touring Car Championship", 1]
		],
		"Jeff Wayne's The War of the Worlds": [
			["Jeff Wayne's La Guerre des Mondes", 1]
		],
		"Jersey Devil": [
			["Jersey Devil no Daibouken", 1]
		],
		"Jet Moto": [
			["Jet Rider", 1]
		],
		"Jet Moto 2": [
			["Jet Moto 2 - Championship Edition", -1],
			["Jet Rider 2", 1]
		],
		"Johnny Bazookatone": [
			["Johnny Bazooka", 1]
		],
		"JoJo's Bizarre Adventure": [
			["Jojo no Kimyou na Bouken", 1]
		],
		"Jonah Lomu Rugby": [
			["Great Rugby Jikkyou '98 - World Cup e no Michi", 1]
		],
		"Juggernaut (Disc 1)": [
			["Juggernaut - Senritsu no Tobira (Disc 1)", 1]
		],
		"Juggernaut (Disc 2)": [
			["Juggernaut - Senritsu no Tobira (Disc 2)", 1]
		],
		"Juggernaut (Disc 3)": [
			["Juggernaut - Senritsu no Tobira (Disc 3)", 1]
		],
		"Jumping Flash!": [
			["Jumping Flash! Aloha Danshaku Funky Daisakusen no Maki", 1],
			["Jumping Flash! (Europe-ban)", 2]
		],
		"Jumping Flash! 2": [
			["Jumping Flash! 2 - Aloha Danshaku Ooyowari no Maki", 1]
		],
		"Jupiter Strike": [
			["Zeitgeist", 1]
		],
		"K-1 Grand Prix": [
			["Fighting Illusion V - K-1 Grand Prix '99", 1]
		],
		"K-1 Revenge": [
			["Fighting Illusion - K-1 Revenge", 1]
		],
		"K-1 The Arena Fighters": [
			["Fighting Illusion - K-1 Grand Prix", 1]
		],
		"Kagero - Deception II": [
			["Kagerou - Kokumeikan Shinshou", 1]
		],
		"Kartia - The Word of Fate": [
			["Legend of Kartia", 1],
			["Rebus", 1]
		],
		"Kickboxing": [
			["Kickboxing Knockout", 1],
			["Simple 1500 Series Vol. 64 - The Kick Boxing", 1]
		],
		"Kick Off World": [
			["Kick Off World Manager", 1]
		],
		"Kileak - The DNA Imperative": [
			["Kileak - The Blood", 1],
			["Kileak, The Blood", 1]
		],
		"King's Field II": [
			["King's Field III", 1]
		],
		"King of Bowling 2": [
			["King of Bowling 2 - Professional Hen", 1]
		],
		"Klonoa - Door to Phantomile": [
			["Kaze no Klonoa - Door to Phantomile", 1]
		],
		"Klonoa Beach Volleyball": [
			["Klonoa Beach Volley - Saikyou Team Kettei-sen!", 1]
		],
		"Knockout Kings": [
			["Box-Champions", 1],
			["Knockout Kings 99", 1]
		],
		"Knockout Kings 2000": [
			["Box Champions 2000", 1]
		],
		"Knockout Kings 2001": [
			["Box Champions 2001", 1]
		],
		"Konami Arcade Classics": [
			["Konami 80's Arcade Gallery", 1]
		],
		"Kotobuki Grand Prix": [
			["Kotobuki Grand Prix - Mezase! Genchari King", 1]
		],
		"Kurushi Final": [
			["I.Q Final", 1]
		],
		"Lake Masters 2 - Bass Fishing in Japan": [
			["Lake Masters 2 - Bass Fishing in Japan (Fukkokuban)", 1]
		],
		"Land Before Time, The - Great Valley Racing Adventure": [
			["Land Before Time, The - Racing Adventure", 1]
		],
		"Land Before Time, The - Return to the Great Valley": [
			["Alla Ricerca della Valle Incantata - Ritorno alla Grande Vallata", 1],
			["En Busca del Valle Encantado - El Retorno al Gran Valle", 1],
			["In einem Land vor unserer Zeit - Die Rueckkehr ins Grosse Tal", 1],
			["Petit Dinosaure, Le - Retour vers la Grande Vallee", 1]
		],
		"Legend of Legaia": [
			["Legaia Densetsu", 1]
		],
		"Legend of Mana": [
			["Seiken Densetsu - Legend of Mana", 1]
		],
		"LEGO Island 2 - The Brickster's Revenge": [
			["L'ile LEGO 2 - La Revanche de Cassbrik", 1],
			["LEGO Eiland 2 - De Wraak van Dondersteen", 1],
			["LEGO Insel 2 - Der Steinbrecher kehrt zurueck", 1],
			["LEGO Isola 2 - La Rivincita del Briccone", 1],
			["LEGO Oen 2 - Kim Cool's Haevn", 1]
		],
		"Lethal Enforcers I & II": [
			["Lethal Enforcers", 1],
			["Lethal Enforcers Deluxe Pack", 1]
		],
		"Liberogrande International": [
			["Libero Grande 2", 1]
		],
		"LMA Manager": [
			["Manager de Liga", 1]
		],
		"LMA Manager 2001": [
			["BDFL Manager 2001", 1],
			["Football Manager Campionato 2001", 1],
			["Manager de Liga 2001", 1]
		],
		"LMA Manager 2002": [
			["BDFL Manager 2002", 1],
			["Football Manager Campionato 2002", 1],
			["Manager de Liga 2002", 1],
			["Roger Lemerre - La Selection des Champions 2002", 1]
		],
		"Loaded": [
			["Blood Factory", 1]
		],
		"Looney Tunes - Sheep Raider": [
			["Sheep, Dog 'n' Wolf", 1]
		],
		"Lost World, The - Jurassic Park": [
			["Lost World, The - Jurassic Park - Special Edition", -1]
		],
		"Louvre - The Final Curse (Disc 1)": [
			["Louvre - A Maldicao (Disc 1)", 1],
			["Louvre - L'Ultime Malediction (Disc 1)", 1],
			["Louvre - La Maledizione Finale (Disc 1)", 1],
			["Louvre - La maldicion final (Disc 1)", 1]
		],
		"Louvre - The Final Curse (Disc 2)": [
			["Louvre - A Maldicao (Disc 2)", 1],
			["Louvre - L'Ultime Malediction (Disc 2)", 1],
			["Louvre - La Maledizione Finale (Disc 2)", 1],
			["Louvre - La maldicion final (Disc 2)", 1]
		],
		"Love Game's - Wai Wai Tennis (Service Price-ban)": [
			["Love Game's - Wai Wai Tennis", 2]
		],
		"Lunar - Silver Star Story Complete (Disc 1)": [
			["Lunar - Silver Star Story (Disc 1)", 1]
		],
		"Lunar - Silver Star Story Complete (Disc 2)": [
			["Lunar - Silver Star Story (Disc 2)", 1]
		],
		"Lunar 2 - Eternal Blue Complete (Disc 1)": [
			["Lunar 2 - Eternal Blue (Disc 1)", 1]
		],
		"Lunar 2 - Eternal Blue Complete (Disc 2)": [
			["Lunar 2 - Eternal Blue (Disc 2)", 1]
		],
		"Lunar 2 - Eternal Blue Complete (Disc 3)": [
			["Lunar 2 - Eternal Blue (Disc 3)", 1]
		],
		"M6 Turbo Racing": [
			["Car and Driver Presents - Grand Tour Racing '98", 0],
			["Gekisou!! Grand Racing - Total Drivin'", 1],
			["Total Drivin", 2]
		],
		"Maestromusic, The (Baton Controller Doukonban)": [
			["Maestromusic, The", 2]
		],
		"Machine Head": [
			["Blam! Machinehead", 1]
		],
		"Magical Drop III (Disc 1) (Magical Drop III)": [
			["Magical Drop III - Yokubari Tokudai-gou!", 1]
		],
		"Magical Drop III (Disc 2) (Magical Drop +1)": [
			["Magical Drop Plus 1!", 1]
		],
		"Magical Tetris Challenge": [
			["Defi au Tetris Magique", 1],
			["El Tetris Un Magico Desafio", 1],
			["Magical Tetris Challenge featuring Mickey", 1],
			["Magische Tetris Uitdaging", 1],
			["Sfida al Tetris Magico", 1],
			["Tetris Magiska Utmaning", 1]
		],
		"Marble Master": [
			["Swing", 1]
		],
		"Marie no Atelier - Salburg no Renkinjutsushi": [
			["Marie no Atelier Plus - Salburg no Renkinjutsushi", -1]
		],
		"Martialbeat 2 (Disc 1) (Disc B) (Controller Doukon Set)": [
			["Martialbeat 2 (Disc 1) (Disc B)", 2]
		],
		"Martialbeat 2 (Disc 2) (Disc F) (Controller Doukon Set)": [
			["Martialbeat 2 (Disc 2) (Disc F)", 2]
		],
		"Marvel Super Heroes vs. Street Fighter": [
			["Marvel Super Heroes vs. Street Fighter - EX Edition", 1]
		],
		"Marvel vs. Capcom - Clash of Super Heroes": [
			["Marvel vs. Capcom - Clash of Super Heroes - EX Edition", 1]
		],
		"Mary King's Riding Star": [
			["Lussan Nathhorst Presenterar Riding Star", 1]
		],
		"Master of Monsters - Disciples of Gaia": [
			["Master of Monsters - Akatsuki no Kenja Tachi", 1]
		],
		"MechWarrior 2 - 31st Century Combat - Arcade Combat Edition": [
			["MechWarrior 2 - Arcade Combat Edition", 1],
			["MechWarrior 2 - Combat au 31ieme Siecle", 1],
			["MechWarrior 2 - Kampfspiel des 31. Jahrhunderts - Arcade Combat Edition", 1]
		],
		"Medal of Honor - Underground": [
			["Medal of Honor - Resistance", 1]
		],
		"MediEvil": [
			["MediEvil - Yomigaetta Gallowmere no Yuusha", 1]
		],
		"MediEvil II": [
			["MediEvil 2", 1]
		],
		"Megaman - Battle & Chase": [
			["Rockman - Battle & Chase", 1]
		],
		"Mega Man 8": [
			["Rockman 8 - Metal Heroes", 1]
		],
		"Mega Man Legends": [
			["Rockman Dash - Hagane no Boukenshin", 1]
		],
		"Mega Man Legends 2": [
			["Rockman Dash 2 - Episode 2 - Ooinaru Isan", 1]
		],
		"Mega Man X3": [
			["Rockman X3", 1]
		],
		"Mega Man X4": [
			["Rockman X4", 1]
		],
		"Mega Man X5": [
			["Rockman X5", 1]
		],
		"Mega Man X6": [
			["Rockman X6", 1]
		],
		"Metal Gear Solid (Disc 1)": [
			["Metal Gear Solid - Integral (Disc 1)", 0],
			["Metal Gear Solid (Disc 1) (Ichi)", 1]
		],
		"Metal Gear Solid (Disc 2)": [
			["Metal Gear Solid - Integral (Disc 2)", 0],
			["Metal Gear Solid (Disc 2) (Ni)", 1]
		],
		"Metal Gear Solid - VR Missions": [
			["Metal Gear Solid - Integral (Disc 3) (VR-Disc)", 0],
			["Metal Gear Solid - Special Missions", 1]
		],
		"Metal Slug X": [
			["Metal Slug X - Super Vehicle-001", 1]
		],
		"Mickey's Wild Adventure": [
			["Topolino e le Sue Avventure", 1]
		],
		"Micro Machines V3": [
			["Micro Machines", 1]
		],
		"Mike Tyson Boxing": [
			["Prince Naseem Boxing", 1]
		],
		"Million Classic (Disc 1) (Honpen Game Sen'you)": [
			["Million Classic (Disc 1) (Honpen Game Sen'you) (Nescafe-ban)", 2]
		],
		"Million Classic (Disc 2) (Taisen Game Sen'you)": [
			["Million Classic (Disc 2) (Taisen Game Sen'you) (Nescafe-ban)", 2]
		],
		"Mini-Moni. Shakatto Tambourine! da Pyon! (Tambourine Set)": [
			["Mini-Moni. Shakatto Tambourine! da Pyon!", 2]
		],
		"Misadventures of Tron Bonne, The": [
			["Tron ni Kobun", 1]
		],
		"Mobile Suit Gundam - Version 2.0 (Limited Edition)": [
			["Mobile Suit Gundam - Version 2.0", 2]
		],
		"Mobile Suit Z-Gundam (Disc 1) (Bandai the Best)": [
			["Mobile Suit Z-Gundam (Disc 1)", 2]
		],
		"Mobile Suit Z-Gundam (Disc 2) (Bandai the Best)": [
			["Mobile Suit Z-Gundam (Disc 2)", 2]
		],
		"Mobile Armor": [
			["Simple 1500 Series Vol. 90 - The Sensha", 1]
		],
		"Mobile Light Force": [
			["Gunbird", 1]
		],
		"Monaco Grand Prix": [
			["Monaco Grand Prix Racing Simulation 2", 1],
			["Racing Simulation 2", 1]
		],
		"Monster Bass": [
			["Killer Bass", 1]
		],
		"Monster Rancher": [
			["Monster Farm", 1]
		],
		"Monster Rancher 2": [
			["Monster Farm 2", 1]
		],
		"Monster Rancher Battle Card - Episode II": [
			["Monster Farm Battle Card", 1]
		],
		"Monster Rancher Hop-A-Bout": [
			["Monster Farm Jump", 1]
		],
		"Mortal Kombat Trilogy": [
			["Mortal Kombat Trilogy (Midway Classics)", 2]
		],
		"Motor Toon Grand Prix": [
			["Motor Toon Grand Prix 2", 1],
			["Motor Toon Grand Prix 2 (Disc 1)", 1],
			["Motor Toon Grand Prix - USA Edition", 1]
		],
		"MTV Music Generator": [
			["Music 2000", 1]
		],
		"Murakoshi Seikai no Bakuchou Nihon Rettou (TsuriCon Taiouban)": [
			["Murakoshi Seikai no Bakuchou Nihon Rettou", 2]
		],
		"My Disney Kitchen": [
			["Kids Station - Mickey & Minnie no Magical Kitchen", 1]
		],
		"N2O - Nitrous Oxide": [
			["N2O", 1]
		],
		"Nagano Winter Olympics '98": [
			["Hyper Olympic in Nagano", 1]
		],
		"Namco Soccer Prime Goal": [
			["J. League Soccer - Prime Goal EX", 1],
			["J. League Soccer - Prime Goal EX (Lawson Station)", 2]
		],
		"Namco Tennis Smash Court": [
			["Smash Court", 1]
		],
		"NASCAR 98": [
			["NASCAR 98 Collector's Edition", -1]
		],
		"NASCAR 99": [
			["NASCAR 99 Legacy", -1]
		],
		"NBA in the Zone": [
			["NBA Power Dunkers", 1]
		],
		"NBA in the Zone 2": [
			["NBA Power Dunkers 2", 1]
		],
		"NBA in the Zone 2000": [
			["NBA Power Dunkers 5", 1]
		],
		"NBA in the Zone '98": [
			["NBA Power Dunkers 3", 1],
			["NBA Pro 98", 1]
		],
		"NBA in the Zone '99": [
			["NBA Power Dunkers 4", 1],
			["NBA Pro 99", 1]
		],
		"NBA Shoot Out": [
			["Total NBA '96", 1]
		],
		"NBA Shoot Out '97": [
			["Total NBA '97", 1]
		],
		"NBA ShootOut 98": [
			["Total NBA 98", 1]
		],
		"Necronomicon - The Dawning of Darkness (Disc 1)": [
			["Necronomicon - Das Mysterium der Daemmerung (Disc 1)", 1],
			["Necronomicon - El Alba de las Tinieblas (Disc 1)", 1],
			["Necronomicon - Ispirato alle opere di H.P. Lovecraft (Disc 1)", 1],
			["Necronomicon - L'Aube des Tenebres (Disc 1)", 1],
			["Necronomicon - O Despertar das Trevas (Disc 1)", 1]
		],
		"Necronomicon - The Dawning of Darkness (Disc 2)": [
			["Necronomicon - Das Mysterium der Daemmerung (Disc 2)", 1],
			["Necronomicon - El Alba de las Tinieblas (Disc 2)", 1],
			["Necronomicon - Ispirato alle opere di H.P. Lovecraft (Disc 2)", 1],
			["Necronomicon - L'Aube des Tenebres (Disc 2)", 1],
			["Necronomicon - O Despertar das Trevas (Disc 2)", 1]
		],
		"Nectaris - Military Madness": [
			["Nectaris", 1]
		],
		"Need for Speed - High Stakes": [
			["Need for Speed - Road Challenge", 1],
			["Over Drivin' IV", 1]
		],
		"Need for Speed II": [
			["Over Drivin' II", 1]
		],
		"Need for Speed III - Hot Pursuit": [
			["Over Drivin' III - Hot Pursuit", 1]
		],
		"Need for Speed - Porsche Unleashed": [
			["Need for Speed - Porsche 2000", 1]
		],
		"Need for Speed - V-Rally": [
			["V-Rally - 97 Championship Edition", 1]
		],
		"Need for Speed - V-Rally 2": [
			["V-Rally - Championship Edition 2", 1]
		],
		"NHL Face Off '97": [
			["NHL PowerRink '97", 1]
		],
		"NHL Powerplay '96": [
			["NHL Powerplay", 1]
		],
		"Nickelodeon Rocket Power - Team Rocket Rescue": [
			["Nickelodeon Rocket Power - Sauvetage Extreme", 1]
		],
		"Nickelodeon Rugrats - Search for Reptar": [
			["Nickelodeon Les Razmoket - A la Recherche de Reptar", 1],
			["Nickelodeon Rugrats - Alla Ricerca di Reptar", 1],
			["Nickelodeon Rugrats - Auf der Suche nach Reptar", 1],
			["Nickelodeon Rugrats - De Speurtocht naar Reptar", 1],
			["Nickelodeon Rugrats - La Busqueda de Reptar", 1]
		],
		"Nickelodeon Rugrats - Studio Tour": [
			["Nickelodeon Les Razmoket - Font leur Cinema", 1],
			["Nickelodeon Rugrats - Excursion al estudio", 1]
		],
		"Nickelodeon Rugrats - Totally Angelica": [
			["Nickelodeon Les Razmoket - 100% Angelica", 1]
		],
		"Nickelodeon Rugrats in Paris - The Movie": [
			["Nickelodeon Les Razmoket a Paris - Le Film", 1],
			["Nickelodeon Rugrats en Paris - La pelicula", 1]
		],
		"Ninja - Shadow of Darkness": [
			["Ninja - L'Ombre des Tenebres", 1]
		],
		"No Fear Downhill Mountain Bike Racing": [
			["No Fear Downhill Mountain Biking", 1]
		],
		"No One Can Stop Mr. Domino": [
			["Domino-kun o Tomenaide", 1]
		],
		"Noddy's Magic Adventure": [
			["Noddy - Una Aventura Magica", 1]
		],
		"NOeL - La Neige (Disc 1)": [
			["NOeL - La Neige (Disc 1) (Special Edition)", -1]
		],
		"NOeL - La Neige (Disc 2)": [
			["NOeL - La Neige (Disc 2) (Special Edition)", -1]
		],
		"NOeL - La Neige (Disc 3)": [
			["NOeL - La Neige (Disc 3) (Special Edition)", -1]
		],
		"Norse by Norsewest - The Return of the Lost Vikings": [
			["Lost Vikings 2 - Norse by Norsewest", 1]
		],
		"Note, The": [
			["Koukai Sarenakatta Shuki", 1]
		],
		"Oddworld - Abe's Exoddus (Disc 1)": [
			["Abe '99 (Disc 1)", 1],
			["Oddworld - L'Exode d'Abe (Disc 1)", 1]
		],
		"Oddworld - Abe's Exoddus (Disc 2)": [
			["Abe '99 (Disc 2)", 1],
			["Oddworld - L'Exode d'Abe (Disc 2)", 1]
		],
		"Oddworld - Abe's Oddysee": [
			["Abe a GoGo", 1],
			["Oddworld - L'Odyssee d'Abe", 1]
		],
		"Ogre Battle - Limited Edition": [
			["Densetsu no Ogre Battle", 1]
		],
		"Olympic Summer Games": [
			["Olympic Games", 1]
		],
		"Onside Complete Soccer": [
			["Complete Soccer Onside", 1]
		],
		"Oumagatoki (Premium Fan Disc)": [
			["Oumagatoki", 2]
		],
		"Pac-Man World - 20th Anniversary": [
			["Pac-Man World 20th Anniversary", 1]
		],
		"Pajama Sam - You Are What You Eat from Your Head to Your Feet": [
			["Pyjama Sam - Heros du Gouter", 1],
			["Pyjama Sam - Suessigkeiten kriegen Saures", 1]
		],
		"Pandemonium!": [
			["Magical Hoppers", 1]
		],
		"Pandemonium 2": [
			["Miracle Jumpers", 1]
		],
		"Paradise Casino": [
			["Nice Price Series Vol. 09 - Paradise Casino", 1]
		],
		"PaRappa the Rapper": [
			["PaRappa the Rapper - The Hip Hop Hero", 1]
		],
		"Parodius": [
			["Gokujou Parodius Da! Deluxe Pack", 1]
		],
		"Peak Performance": [
			["Touge Max - Saisoku Drift Master", 1]
		],
		"Penny Racers": [
			["Choro Q", 1]
		],
		"Perfect Weapon": [
			["Body Hazard", 1]
		],
		"Persona": [
			["Megami Ibunroku Persona - Be Your True Mind", 1]
		],
		"Persona 2 - Eternal Punishment": [
			["Persona 2 - Batsu - Eternal Punishment (Disc 1) (Deluxe Pack)", 1],
			["Persona 2 - Batsu - Eternal Punishment (Disc 1)", 2]
		],
		"Persona 2 - Eternal Punishment (Bonus Disc)": [
			["Persona 2 - Batsu - Eternal Punishment (Disc 2) (Sumaru TV Special Preview Disc) (Deluxe Pack)", 1],
			["Persona 2 - Batsu - Eternal Punishment (Disc 2) (Sumaru TV Special Preview Disc)", 2]
		],
		"Pet in TV": [
			["Ganbare Morikawa-kun 2-gou", 1],
			["Pet in TV - Ton Nouveau Meilleur Ami!", 1]
		],
		"Peter Pan in Disney's Return to Never Land": [
			["Disney's Peter Pan - Adventures in Never Land", 1],
			["Disney's Peter Pan - Avonturen in Nooitgedachtland", 1],
			["Disney Aventuras de Peter Pan en el Pais de Nunca Jamas", 1],
			["Disney Peter Pan - Aventuras na Terra do Nunca", 1],
			["Disney Peter Pan - Aventures au Pays Imaginaire", 1],
			["Disney Peter Pan - L'Avventura nell'Isola che non c'e", 1],
			["Disneyn Peter Pan - Seikkailu Mika-Mika-Maassa", 1],
			["Disneys Peter Pan - Aeventyr i landet Ingenstans", 1],
			["Disneys Peter Pan - Eventyr i Drommeland", 1],
			["Disneys Peter Pan - Eventyr pa Onskeoen", 1],
			["Disneys Peter Pan - Rueckkehr nach Nimmerland", 1]
		],
		"Phix - The Adventure": [
			["Jishaku de Tonjau! Phix no Daibouken", 1]
		],
		"Pinball Power": [
			["SuperLite 1500 Series - Pinball - Golden Logres", 1]
		],
		"Pink Panther - Pinkadelic Pursuit": [
			["Simple 1500 Series Vol. 104 - The Pink Panther - Pinkadelic Pursuit", 1]
		],
		"Pinobee": [
			["Pinobee no Daibouken ~ Pinobee - Quest of Heart", 1]
		],
		"Pipe Dreams 3D": [
			["Pipe Mania 3D", 1]
		],
		"Play with the Teletubbies": [
			["Gioca con i Teletubbies", 1],
			["Joue avec les Teletubbies", 1],
			["Juega con los Teletubbies", 1]
		],
		"Player Manager": [
			["Guy Roux Football Manager Saison 97-98", 1]
		],
		"Player Manager 2000": [
			["Barca Manager 2000", 1],
			["Calcio Manager 2000", 1],
			["Guy Roux Manager 2000", 1],
			["Sportweek Player Manager 2000", 1]
		],
		"Player Manager Ninety Nine": [
			["Guy Roux Manager '99", 1],
			["Player Manager - Epoca 98-99", 1],
			["Player Manager Novanta Nove", 1]
		],
		"PlayStation Programmer Tool - Runtime Library Version 3.3": [
			["PlayStation Programmer Tool - Runtime Library Version 3.0", 2],
			["PlayStation Programmer Tool - Runtime Library Version 2.6", 3]
		],
		"Point Blank 2": [
			["Gunbarl", 1]
		],
		"Point Blank 3": [
			["Gunbalina", 1]
		],
		"Pong - The Next Level": [
			["Pong", 1]
		],
		"Pool Hustler": [
			["Doukyuu - Billiard Master", 1]
		],
		"Popstar Maker": [
			["100% Star", 1],
			["Newcomer - Be a Popstar", 1]
		],
		"Power Shovel": [
			["Power Diggerz", 1],
			["Power Shovel ni Norou!!", 1],
			["Simple 1500 Series Vol. 89 - The Power Shovel ni Norou!!", 2]
		],
		"Power Spike - Pro Beach Volleyball": [
			["Beach Volleyball", 1]
		],
		"Power Serve 3D Tennis": [
			["Power Serve", 1],
			["Ground Stroke - Advanced Tennis Game", 1]
		],
		"Powerslave": [
			["Exhumed", 1],
			["Seireki 1999 - Pharaoh no Fukkatsu", 1]
		],
		"Poy Poy": [
			["Poitters' Point", 1]
		],
		"Poy Poy 2": [
			["Poitter's Point 2 - Sodom no Inbou", 1]
		],
		"Premier Manager Ninety Nine": [
			["Premier Manager Novanta Nove", 1]
		],
		"Premier Manager 2000": [
			["Anstoss - Premier Manager", 1],
			["Canal+ Premier Manager", 1]
		],
		"Pro-Pinball": [
			["Pro Pinball - The Web", 1]
		],
		"Pro Backgammon": [
			["Backgammon", 1]
		],
		"Pro Mahjong Tsuwamono 2": [
			["Pro Mahjong Tsuwamono 2 (BPV)", 2]
		],
		"Professional Underground League of Pain": [
			["Riot", 1]
		],
		"Project - Horned Owl": [
			["Horned Owl", 1]
		],
		"Punky Skunk": [
			["Cooly Skunk", 1]
		],
		"Putter Golf": [
			["Simple 1500 Series Vol. 69 - The Putter Golf", 1]
		],
		"Puzzle Star Sweep": [
			["StarSweep", 1]
		],
		"Qix Neo": [
			["Simple 1500 Series Vol. 80 - The Jintori", 1]
		],
		"R4 - Ridge Racer Type 4 (R4 + JogCon)": [
			["Ridge Racer Type 4", 1],
			["R4 - Ridge Racer Type 4", 2]
		],
		"Racing": [
			["Pro Racer", 1],
			["Simple 1500 Series Vol. 13 - The Race", 1]
		],
		"Raiden Project, The": [
			["Raiden Project", 1]
		],
		"Rapid Reload": [
			["Gunners Heaven", 1]
		],
		"Rat Attack!": [
			["Rat Attack", 1]
		],
		"RayCrisis - Series Termination": [
			["RayCrisis", 1]
		],
		"Razor Freestyle Scooter": [
			["Freestyle Scooter", 1]
		],
		"Razor Racing": [
			["Scooter Racing", 1]
		],
		"RC de Go!": [
			["Simple 1500 Series Vol. 68 - The RC Car - RC de Go!", 2]
		],
		"RC Helicopter": [
			["Simple 1500 Series Vol. 53 - The Helicopter", 1]
		],
		"Re-Loaded - The Hardcore Sequel": [
			["Re-Loaded", 1]
		],
		"Real Bout Fatal Fury": [
			["Real Bout Garou Densetsu", 1]
		],
		"Red Asphalt": [
			["Rock & Roll Racing 2 - Red Asphalt", 1]
		],
		"Rescue Copter": [
			["Jet Copter X", 1]
		],
		"Rescue Heroes - Molten Menace": [
			["Rescue Heroes - Helden in Gefahr", 1]
		],
		"Rescue Shot": [
			["Rescue Shot Bubibo", 1]
		],
		"Resident Evil": [
			["Bio Hazard - Director's Cut - Dual Shock Ver.", -1],
			["Resident Evil - Director's Cut - Dual Shock Ver.", -1],
			["Bio Hazard", 1]
		],
		"Resident Evil - Director's Cut": [
			["Bio Hazard - Director's Cut - Dual Shock Ver.", -1],
			["Resident Evil - Director's Cut - Dual Shock Ver.", -1],
			["Bio Hazard - Director's Cut", 1]
		],
		"Resident Evil - Director's Cut - Dual Shock Ver.": [
			["Bio Hazard - Director's Cut - Dual Shock Ver.", 1]
		],
		"Resident Evil - Survivor": [
			["Biohazard - Gun Survivor", 1]
		],
		"Resident Evil 2 (Disc 1)": [
			["Biohazard 2 - Dual Shock Ver. (Disc 1) (Leon-hen)", -1],
			["Resident Evil 2 - Dual Shock Ver. (Disc 1)", -1],
			["Biohazard 2 (Disc 1) (Leon-hen)", 1]
		],
		"Resident Evil 2 (Disc 2)": [
			["Biohazard 2 - Dual Shock Ver. (Disc 2) (Claire-hen)", -1],
			["Resident Evil 2 - Dual Shock Ver. (Disc 2)", -1],
			["Biohazard 2 (Disc 2) (Claire-hen)", 1]
		],
		"Resident Evil 2 - Dual Shock Ver. (Disc 1)": [
			["Biohazard 2 - Dual Shock Ver. (Disc 1) (Leon-hen)", 1]
		],
		"Resident Evil 2 - Dual Shock Ver. (Disc 2)": [
			["Biohazard 2 - Dual Shock Ver. (Disc 2) (Claire-hen)", 1]
		],
		"Resident Evil 3 - Nemesis": [
			["Biohazard 3 - Last Escape", 1]
		],
		"Rhapsody - A Musical Adventure": [
			["Marl Oukoku no Ningyou-hime - The Adventure of Puppet Princess", 1]
		],
		"Risk - The Game of Global Domination": [
			["Risk", 1]
		],
		"Rival Schools - United by Fate (Disc 1) (Arcade Disc)": [
			["Rival Schools - United by Fate (Disc 2) (Arcade Disc)", 1],
			["Shiritsu Justice Gakuen - Legion of Heroes (Disc 2) (Arcade Disc)", 1]
		],
		"Rival Schools - United by Fate (Disc 2) (Evolution Disc)": [
			["Rival Schools - United by Fate (Disc 1) (Evolution Disc)", 1],
			["Shiritsu Justice Gakuen - Legion of Heroes (Disc 1) (Evolution Disc)", 1]
		],
		"Road & Track Presents - The Need for Speed": [
			["Over Drivin' DX - Rally Edition", 1],
			["Over Drivin' DX", 2]
		],
		"Road Rage": [
			["Speed King - Neo Kobe 2045", 1]
		],
		"Robo Pit 2": [
			["Robo-Pit 2", 1]
		],
		"Roll Away": [
			["Kula World", 1],
			["KulaQuest", 1]
		],
		"Rosco McQueen Firefighter Extreme": [
			["Fire Panic - Mack no Rescue Daisakusen", 1],
			["Rosco McQueen", 1]
		],
		"Romance of the Three Kingdoms IV - Wall of Fire": [
			["Sangokushi IV", 1],
			["Sanguozhi IV", 1]
		],
		"Romance of the Three Kingdoms VI - Awakening of the Dragon": [
			["Sangokushi VI", 1]
		],
		"RPG Maker": [
			["RPG Tkool 3", 1]
		],
		"Rush Hour": [
			["Speedster", 1]
		],
		"Saban's Power Rangers - Time Force": [
			["Power Rangers - La Force du Temps", 1]
		],
		"Saban's Power Rangers Zeo - Full Tilt Battle Pinball": [
			["Power Rangers Pinball", 1]
		],
		"Sabrina the Teenage Witch - A Twitch in Time!": [
			["Sabrina l'Apprentie Sorciere et l'Horloge Cosmique", 1]
		],
		"SaGa Frontier 2": [
			["SaGa Frontier II", 1]
		],
		"Saiyuki - Journey West": [
			["Saiyuuki", 1]
		],
		"Samurai Shodown III - Blades of Blood": [
			["Samurai Shodown III", 1],
			["Samurai Spirits - Zankurou Musouken", 1]
		],
		"Sangokushi V": [
			["Sanguozhi V", 1]
		],
		"Scooby-Doo and the Cyber Chase": [
			["Scooby-Doo et la Cybertraque", 1]
		],
		"SD Gundam - GGeneration (Premium Disc)": [
			["SD Gundam - GGeneration", 2]
		],
		"SD Gundam - GGeneration-F (Disc 4) (Premium Disc) (Limited Edition)": [
			["SD Gundam - GGeneration-F (Disc 4) (Premium Disc)", 2]
		],
		"Sentient": [
			["Sentient - Explore the Infinite", 1]
		],
		"Shachou Eiyuuden": [
			["Shediao Yingxiongzhuan", 1]
		],
		"Shadow Man": [
			["Shadow Man - Rette deine Seele", 1]
		],
		"Shanghai - True Valor": [
			["Shanghai - Mateki Buyuu", 1]
		],
		"Shaolin": [
			["Lord of Fist", 1]
		],
		"Shellshock": [
			["Shellshock - Jus' Keepin' da Peace", 1]
		],
		"Shipwreckers!": [
			["Overboard!", 1]
		],
		"Shockwave Assault (Disc 1) (Shockwave - Invasion Earth)": [
			["Shock Wave", 1]
		],
		"Shockwave Assault (Disc 2) (Shockwave - Operation Jumpgate)": [
			["Shock Wave - Operation JumpGate", 1]
		],
		"Shonen Jump's One Piece - Grand Battle": [
			["From TV Animation One Piece - Grand Battle!", 1]
		],
		"Silhouette Mirage": [
			["Silhouette Mirage - Reprogrammed Hope", 1]
		],
		"Skullmonkeys": [
			["Klaymen Klaymen 2 - Skullmonkey no Gyakushuu", 1]
		],
		"Slam 'n Jam '96 featuring Magic & Kareem": [
			["Magic Johnson to Kareem Abdul-Jabbar no Slam 'n Jam '96", 1]
		],
		"Small Soldiers": [
			["Pequenos Guerreros", 1]
		],
		"Shin Megami Tensei If... (Anniversary Pack)": [
			["Shin Megami Tensei If...", 1]
		],
		"SimTheme Park": [
			["Theme Park World", 1]
		],
		"Smurf Racer!": [
			["3, 2, 1, Smurf! My First Racing Game", 1]
		],
		"Snowboarding": [
			["Simple 1500 Series Vol. 27 - The Snowboard", 1],
			["Snowboard Racer", 1]
		],
		"Sonic Wings Special": [
			["Arcade Hits - Sonic Wings Special", 1]
		],
		"Sorcerer's Maze": [
			["Action Puzzle - Prism Land", 1],
			["Prism Land Story", 1]
		],
		"Soukou Kihei Votoms - Lightning Slash (Limited Edition)": [
			["Soukou Kihei Votoms - Lightning Slash", 1]
		],
		"Soukou Kihei Votoms Gaiden - Ao no Kishi Berserga Monogatari (Limited Edition)": [
			["Soukou Kihei Votoms Gaiden - Ao no Kishi Berserga Monogatari", 1]
		],
		"Soul Blade": [
			["Soul Edge", 1]
		],
		"Soul of the Samurai": [
			["Ronin Blade", 1],
			["Shin Jidaigeki Action - Rasetsu no Ken", 1]
		],
		"Space Invaders": [
			["Space Invaders X", 1]
		],
		"Space Shot": [
			["Simple 1500 Series Vol. 35 - The Shooting", 1]
		],
		"Speed Punks": [
			["Speed Freaks", 1]
		],
		"Speed Racer": [
			["Mach GoGoGo", 1]
		],
		"Spider-Man 2 - Enter - Electro": [
			["Spider-Man 2 - La Revanche d'Electro", 1]
		],
		"Spyro the Dragon": [
			["Spyro the Dragon Speciale", 1]
		],
		"Spyro 2 - Ripto's Rage!": [
			["Spyro 2 - Gateway to Glimmer", 1]
		],
		"Star Fighter": [
			["StarFighter 3000", 1]
		],
		"Star Wars - Episode I - Jedi Power Battles": [
			["Star Wars - Episodio I - Jedi Power Battles", 1]
		],
		"Star Wars - Episode I - The Phantom Menace": [
			["Star Wars - Episode I - Die dunkle Bedrohung", 1],
			["Star Wars - Episode I - La Menace Fantome", 1],
			["Star Wars - Episodio I - La Amenaza Fantasma", 1],
			["Star Wars - Episodio I - La Minaccia Fantasma", 1]
		],
		"Starfighter Sanvein": [
			["Sanvein", 1],
			["SuperLite 1500 Series - Sanvein", 1]
		],
		"Street Fighter - The Movie": [
			["Street Fighter - Real Battle on Film", 1]
		],
		"Street Fighter Alpha - Warriors' Dreams": [
			["Street Fighter Zero", 1]
		],
		"Street Fighter Alpha 2": [
			["Street Fighter Zero 2", 1]
		],
		"Street Fighter Alpha 3": [
			["Street Fighter Zero 3", 1]
		],
		"Street Fighter Collection 2": [
			["Capcom Generation - Dai-5-shuu Kakutouka-tachi", 1]
		],
		"Street Racquetball": [
			["Simple 1500 Series Vol. 97 - The Squash", 1]
		],
		"Street Sk8er": [
			["Simple 1500 Series Vol. 47 - The Skateboard", 1],
			["Street Skater", 1]
		],
		"Street Sk8er 2": [
			["Street Skater 2", 1]
		],
		"Strider": [
			["Strider Hiryuu 1 & 2 (Disc 1) (Strider Hiryuu)", 1]
		],
		"Strider 2": [
			["Strider Hiryuu 1 & 2 (Disc 2) (Strider Hiryuu 2)", 1]
		],
		"Strike Point": [
			["Strikepoint - The Hex Missions", 1]
		],
		"Striker 96": [
			["Striker - World Cup Premiere Stage", 1]
		],
		"Striker Pro 2000": [
			["UEFA Striker", 1]
		],
		"Strikers 1945": [
			["Strikers 1945 II", 1]
		],
		"Suikoden": [
			["Gensou Suikoden", 1]
		],
		"Suikoden II": [
			["Gensou Suikoden II", 1]
		],
		"Super Puzzle Fighter II Turbo": [
			["Super Puzzle Fighter II X", 1]
		],
		"Super Robot Taisen Alpha (Limited Edition)": [
			["Super Robot Taisen Alpha", 2]
		],
		"Super Robot Taisen Alpha Gaiden (Premium Edition)": [
			["Super Robot Taisen Alpha Gaiden", 2]
		],
		"Super Shot Soccer": [
			["Bakuretsu Soccer", 1]
		],
		"Superstar Dance Club - 1 Hits!!!": [
			["Love Para - Lovely Tokyo Para-Para Musume", 1]
		],
		"Surf Riders": [
			["Max Surfing 2000", 1]
		],
		"Sven-Goeran Eriksson's World Challenge": [
			["Marcel Desailly Pro Football", 1],
			["Mundial 2002 Challenge", 1],
			["WM Nationalspieler", 1]
		],
		"Syphon Filter 2 (Disc 1)": [
			["Syphon Filter 2 - Conspiracion Mortal (Disc 1)", 1]
		],
		"Syphon Filter 2 (Disc 2)": [
			["Syphon Filter 2 - Conspiracion Mortal (Disc 2)", 1]
		],
		"Syphon Filter 3": [
			["Syphon Filter 3 - Sentencia Final", 1]
		],
		"T'ai Fu - Wrath of the Tiger": [
			["T'ai Fu - Die Rache des Tigers", 1]
		],
		"T.R.A.G. - Mission of Mercy": [
			["Hard Edge", 1]
		],
		"Tactics Ogre": [
			["Tactics Ogre - Let Us Cling Together", 1]
		],
		"Tail of the Sun": [
			["Taiyou no Shippo - Wild, Pure, Simple Life", 1]
		],
		"Tales of Eternia (Disc 1) (Premium Box)": [
			["Tales of Destiny II (Disc 1)", 1],
			["Tales of Eternia (Disc 1)", 2]
		],
		"Tales of Eternia (Disc 2) (Premium Box)": [
			["Tales of Destiny II (Disc 2)", 1],
			["Tales of Eternia (Disc 2)", 2]
		],
		"Tales of Eternia (Disc 3) (Premium Box)": [
			["Tales of Destiny II (Disc 3)", 1],
			["Tales of Eternia (Disc 3)", 2]
		],
		"Team Losi RC Racer": [
			["Buggy", 1]
		],
		"TechnoMage - Return of Eternity": [
			["TechnoMage - De Terugkeer der Eeuwigheid", 1],
			["TechnoMage - Die Rueckkehr der Ewigkeit", 1],
			["Technomage - El Retorno de la Eternidad", 1],
			["TechnoMage - En Quete de L'Eternite", 1],
			["TechnoMage - Ritorno all'Eternita", 1]
		],
		"Tecmo's Deception - Invitation to Darkness": [
			["Devil's Deception", 1],
			["Kokumeikan", 1]
		],
		"Tecmo Stackers": [
			["Deroon Dero Dero", 1]
		],
		"Teitoku no Ketsudan III": [
			["Teitoku no Ketsudan III with Power-Up Kit", -1]
		],
		"Ten Pin Alley": [
			["Virtual Bowling - Ten Pin Alley no Kiseki", 1]
		],
		"Tenchu - Stealth Assassins": [
			["Rittai Ninja Katsugeki - Tenchu", 1]
		],
		"Tenchu 2 - Birth of the Stealth Assassins": [
			["Rittai Ninja Katsugeki - Tenchu 2", 1]
		],
		"Tennis": [
			["All Star Tennis", 1],
			["Simple 1500 Series Vol. 26 - The Tennis", 1]
		],
		"Terry Pratchett's Discworld": [
			["Discworld", 1]
		],
		"Test Drive Le Mans": [
			["Le Mans 24 Hours", 1]
		],
		"Test Drive Off-Road": [
			["Gekitotsu! Yonku Battle 4WD", 1]
		],
		"Test Drive Off-Road 2": [
			["Test Drive 4x4", 1]
		],
		"Test Drive Off-Road 3": [
			["4x4 World Trophy", 1]
		],
		"This Is Football": [
			["Esto Es Futbol", 1],
			["Fussball Live", 1],
			["Monde des Bleus, Le - Le Jeu Officiel de l'Equipe de France", 1],
			["This Is Soccer", 1]
		],
		"This Is Football 2": [
			["Esto Es Futbol 2", 1],
			["Fussball Live 2", 1],
			["Monde des Bleus 2, Le", 1],
			["This Is Soccer 2", 1]
		],
		"Thrasher - Skate and Destroy": [
			["Thrasher - SK8", 1]
		],
		"Threads of Fate": [
			["DewPrism", 1]
		],
		"Thunder Truck Rally": [
			["Monster Trucks", 1]
		],
		"Thunderstrike 2": [
			["Firestorm - Thunderhawk 2", 1],
			["Thunderhawk II", 1]
		],
		"Tiger Woods 99 PGA Tour Golf": [
			["Tiger Woods 99 USA Tour Golf", 1]
		],
		"Tiger Woods PGA Tour 2000": [
			["Tiger Woods USA Tour 2000", 1]
		],
		"Tiger Woods PGA Tour Golf": [
			["Tiger Woods USA Tour 2001", 1]
		],
		"Tilt!": [
			["Hyper 3D Pinball", 1]
		],
		"Time Bokan Series - Bokan desu yo": [
			["Time Bokan - Yattaman", 1]
		],
		"Time Crisis (Time Crisis + GunCon)": [
			["Time Crisis", 2]
		],
		"Tiny Toon Adventures - The Great Beanstalk": [
			["Tiny Toon Adventures - Buster and the Beanstalk", 1]
		],
		"Tiny Toon Adventures - Toonenstein - Dare to Scare!": [
			["Tiny Toon Adventures - Toonenstein - Geisterstunde!", 1],
			["Tiny Toon Adventures - Toonenstein - Le Chateau hante", 1]
		],
		"TNN Motor Sports HardCore 4X4": [
			["Hardcore 4x4", 1]
		],
		"TOCA 2 - Touring Car Challenge": [
			["TOCA 2 Touring Cars", 1]
		],
		"TOCA Championship Racing": [
			["TOCA Touring Car Championship", 1]
		],
		"Tokimeki Memorial 2 (Disc 1) (Limited Box)": [
			["Tokimeki Memorial 2 (Disc 1)", 2]
		],
		"Tokimeki Memorial 2 (Disc 2) (Limited Box)": [
			["Tokimeki Memorial 2 (Disc 2)", 2]
		],
		"Tokimeki Memorial 2 (Disc 3) (Limited Box)": [
			["Tokimeki Memorial 2 (Disc 3)", 2]
		],
		"Tokimeki Memorial 2 (Disc 4) (Limited Box)": [
			["Tokimeki Memorial 2 (Disc 4)", 2]
		],
		"Tokimeki Memorial 2 (Disc 5) (Limited Box)": [
			["Tokimeki Memorial 2 (Disc 5)", 2]
		],
		"Tokyo Highway Battle": [
			["Drift King Shutokou Battle - Tsuchiya Keiichi & Bandou Masaaki", 1]
		],
		"Tomb Raider": [
			["Tomb Raiders", 1]
		],
		"Tomb Raider - The Last Revelation": [
			["Tomb Raider - La Revelation Finale", 1],
			["Tomb Raider IV - The Last Revelation", 1]
		],
		"Tomb Raider II - Starring Lara Croft": [
			["Tomb Raider 2", 1]
		],
		"Tomb Raider Chronicles": [
			["Tomb Raider - Die Chronik", 1],
			["Tomb Raider - Sur les Traces de Lara Croft", 1],
			["Tomb Raider Chronicles - La Leggenda di Lara Croft", 1],
			["Tomb Raider V - Chronicles", 1]
		],
		"Tomba!": [
			["Ore! Tomba", 1],
			["Tombi!", 1]
		],
		"Tomba! 2 - The Evil Swine Return": [
			["Tomba! The Wild Adventures", 1],
			["Tombi! 2", 1],
			["Tombi! 2 - Contra los cerdiablos", 1]
		],
		"Tomoyasu Hotei - Stolen Song (Disc 1) (VPick Included)": [
			["Tomoyasu Hotei - Stolen Song (Disc 1)", 2]
		],
		"Tomoyasu Hotei - Stolen Song (Disc 2) (VPick Included)": [
			["Tomoyasu Hotei - Stolen Song (Disc 2)", 2]
		],
		"Tony Hawk's Pro Skater": [
			["Tony Hawk's Skateboarding", 1]
		],
		"Toshinden 4": [
			["Toushinden Subaru", 1]
		],
		"Total Play (SLED-02126)": [
			["Total Play (SLED-01872)", 2]
		],
		"Transport Tycoon": [
			["Transport Tycoon 3D - Sl Kara Hajimeyou!!", 1]
		],
		"Trap Gunner": [
			["Trap Runner", 1]
		],
		"Trick'n Snowboarder": [
			["Tricky Sliders - Freestyle Snowboard", 1]
		],
		"Triple Play 2000": [
			["Triple Play Baseball 2000", 1]
		],
		"True Pinball": [
			["Tekkyuu - True Pinball", 1]
		],
		"Trump Shiyou yo!": [
			["Trump Shiyou yo! (Fukkokuban)", 1]
		],
		"Tunnel B1": [
			["3D Mission Shooting - Finalist", 1]
		],
		"Turbo Prop Racing": [
			["Rapid Racer", 1]
		],
		"Turnabout": [
			["U-SA", 1]
		],
		"Twisted Metal 2": [
			["Twisted Metal - World Tour", 1],
			["Twisted Metal EX - World Tour", 1]
		],
		"UEFA Champions League - Season 1998-99": [
			["UEFA Champions League - Saison 1998-99", 1],
			["UEFA Champions League - Stagione 1998-99", 1],
			["UEFA Champions League - Temporada 1998-99", 1]
		],
		"Ultimate 8 Ball": [
			["Actua Pool", 1],
			["Pool Shark", 1]
		],
		"Ultimate Fighting Championship": [
			["UFC - Ultimate Fighting Championship", 1]
		],
		"V-Ball - Beach Volley Heroes": [
			["Chou Sentou Kyuugi Vanborg", 1]
		],
		"Vanark": [
			["Astro Trooper Vanark", 1]
		],
		"Vandal Hearts": [
			["Vandal Hearts - Ushinawareta Kodai Bunmei", 1]
		],
		"Vandal Hearts II": [
			["Vandal Hearts II - Tenjou no Mon", 1]
		],
		"Vanguard Bandits": [
			["Epica Stella", 1]
		],
		"Vegas Casino": [
			["Super Casino Special", 1]
		],
		"Vegas Games 2000": [
			["Midnight in Vegas", 1]
		],
		"Versailles - A Game of Intrigue": [
			["Versailles - Complot a la Cour du Roi Soleil", 1],
			["Versailles - Complotto alla Corte del Re Sole", 1],
			["Versailles - Verschwoerung am Hof", 1],
			["Versalles - Complot en la corte del Rey Sol", 1]
		],
		"Victory Boxing Champion Edition": [
			["Kensei - The King of Boxing", 1]
		],
		"Vigilante 8 - 2nd Offense": [
			["Vigilante 8 - 2nd Battle", 1]
		],
		"Viva Soccer": [
			["20-seiki Striker Retsuden - The 20th Century's Real Strikers", 1],
			["Absolute Football", 1],
			["Viva Football", 1]
		],
		"Virtual Golf": [
			["Tournament Leader", 1]
		],
		"Virus - It Is Aware": [
			["Virus - The Battle Field", 1]
		],
		"VR Soccer '96": [
			["Actua Soccer", 1],
			["Ran Soccer", 1]
		],
		"VR Golf '97": [
			["Actua Golf", 1]
		],
		"Wacky Races": [
			["Chiki Chiki Machine Mou Race - Wacky Races", 1]
		],
		"Walt Disney's The Jungle Book - Rhythm n' Groove": [
			["Disney Il Libro della Giungla - Il Ballo della Giungla", 1],
			["Walt Disney's Jungle Boek - Groove Party", 1],
			["Walt Disney's The Jungle Book - Groove Party", 1],
			["Walt Disney El Libro de la Selva - Muevete con Ritmo", 1],
			["Walt Disney Ksiega Dzungli - Groove Party", 1],
			["Walt Disney Le Livre de la Jungle - Groove Party", 1],
			["Walt Disneyn Viidakkokirja - Svengiseikkailu", 1],
			["Walt Disneys Das Dschungelbuch - Groove Party", 1],
			["Walt Disneys Djungelboken - Groove Party", 1],
			["Walt Disneys Junglebogen - Groove Party", 1],
			["Walt Disneys Jungelboken - Groove Party", 1]
		],
		"Wanted": [
			["Hot Shot", 1]
		],
		"Warhawk - The Red Mercury Missions": [
			["AirAssault - The Red Mercury Missions", 1]
		],
		"Who Wants to Be a Millionaire": [
			["Chi Vuol Essere Miliardario", 1],
			["Haluatko Miljonaariksi", 1],
			["Hvem Vil Vaere Millionaer", 1],
			["Millionen Show, Die", 1],
			["Qui Veut Gagner des Millions", 1],
			["Quiere ser millonario", 1],
			["Quiz$Millionaire", 1],
			["Vem Vill Bli Miljonaer", 1],
			["Vil du bli millionaer", 1],
			["Wer wird Millionaer", 1]
		],
		"Who Wants to Be a Millionaire - 2nd Edition": [
			["Chi Vuol Essere Milionario - Seconda Edizione", 1],
			["Qui Veut Gagner des Millions - Seconde Edition", 1],
			["Wer wird Millionaer - 2. Edition", 1]
		],
		"Who Wants to Be a Millionaire - 3rd Edition": [
			["Wer wird Millionaer - Dritte Edition", 1]
		],
		"Who Wants to Be a Millionaire - Junior": [
			["Qui Veut Gagner des Millions - Junior", 1],
			["Wer wird Millionaer - Junior", 1]
		],
		"Wild 9": [
			["Wildroid 9", 1]
		],
		"Wild Arms 2 (Disc 1)": [
			["Wild Arms - 2nd Ignition (Disc 1)", 1]
		],
		"Wild Arms 2 (Disc 2)": [
			["Wild Arms - 2nd Ignition (Disc 2)", 1]
		],
		"Wild Rapids": [
			["Bakuryuu", 1]
		],
		"Wing Over 2": [
			["Pilot ni Narou!", 1]
		],
		"WipEout 3": [
			["Wip3out", 1]
		],
		"Wipeout XL": [
			["WipEout 2097", 1]
		],
		"Wizardry - Llylgamyn Saga": [
			["SuperLite Gold Series - Wizardry - Llylgamyn Saga", 2]
		],
		"World's Scariest Police Chases": [
			["Folles Poursuites", 1]
		],
		"World Cup 98": [
			["Copa del Mundo - Francia '98", 1],
			["Coupe du Monde 98", 1],
			["FIFA World Cup 98 - France 98 Soushuuhen", 1],
			["Frankreich 98 - Die Fussball-WM", 1],
			["World Cup 98 - Coppa del Mondo", 1]
		],
		"World League Soccer '98": [
			["World League Soccer", 1]
		],
		"World of Dragon Warrior - Torneko - The Last Hope": [
			["Dragon Quest Characters - Torneko no Daibouken 2 - Fushigi no Dungeon", 1]
		],
		"Wu-Tang - Shaolin Style": [
			["Wu-Tang - Taste the Pain", 1]
		],
		"X-COM - UFO Defense": [
			["X-COM - Enemy Unknown", 1],
			["X-COM - Michinaru Shinryakusha", 1]
		],
		"X-Men vs. Street Fighter": [
			["X-Men vs. Street Fighter - EX Edition", 1]
		],
		"Xploder CD9000 Version 4.0 (Unl)": [
			["Xploder CD9000 Directors Cut (Unl)", 1],
			["Xploder CD9000 Version 1 (Unl)", 1],
			["Xploder CD9000 Version 2.0 (Unl)", 1],
			["Xploder CD9000 Version 3.0 (Unl)", 1]
		],
		"XS Junior League Dodgeball": [
			["Dotchi de Ball!", 1]
		],
		"Yeh Yeh Tennis": [
			["Love Game's - Wai Wai Tennis 2", 1]
		],
		"You Don't Know Jack (Disc 1)": [
			["You Don't Know Jack", 1]
		],
		"YoYo's Puzzle Park": [
			["Gussun Paradise", 1]
		],
		"Yusha - Heaven's Gate": [
			["Heaven's Gate", 1]
		],
		"Zoop - America's Largest Killer of Time!": [
			["Zoop", 1]
		]
    }
}