{
    "description": {
        "name": [
			"internal-config.json"
        ],
        "comments": [
            "Change the region order and language filters",
            "in user-config.yaml. These are defaults that",
            "Retool requires. You probably don't want to",
            "mess with them."
        ],
        "last updated": "21 December 2020"
    },

    "ignore_tags": [
        "\\s?\\(Rev [0-9A-Z].*?\\)",
        "\\s?\\(v[0-9A-Z].*?\\)",
        "\\s?\\(Version [+-]?([0-9]+([.][0-9]*)?|[.][0-9]+).*?\\)",
        "\\s?\\(DV [0-9].*?\\)",
        "\\s?\\(Alpha( [0-9]{,2}){,1}\\)",
        "\\s?\\(Beta( [0-9]{,2}){,1}\\)",
        "\\s\\((?:(?!\\(|Proto( [0-9]{,2}){,1})[\\s\\S])*Proto( [0-9]{,2}){,1}\\)",
        "\\s?\\(Pre-Production\\)",
        "\\s?\\(Review Code\\)",
        "\\s?\\(Alt.*?\\)",
        "\\s?\\(Covermount\\)",
        "\\s?\\(eShop\\)",
        "\\s?\\(GBA\\)",
        "\\s?\\(GB\\)",
        "\\s?\\(GBC\\)",
        "\\s?\\(iDS\\)",
        "\\s?\\(iQue\\)",
        "\\s?\\(NES\\)",
        "\\s?\\(SNES\\)",
        "\\s?\\(EDC\\)",
        "\\s?\\(No EDC\\)",
        "\\s?\\(Aftermarket\\)",
        "\\s?\\(Pirate\\)",
        "\\s?\\(Essentials\\)",
        "\\s\\((?:(?!\\(|OEM.*?)[\\s\\S])*OEM.*?\\)",
        "\\s?\\(Hibaihin\\)",
        "\\s?\\(Rerelease\\)",
        "\\s?\\(Made in.*?\\)",
        "\\s?\\((\\d{8}|\\d{4}-\\d{2}-\\d{2}|\\d{2}-\\d{2}-\\d{4}|\\d{2}-\\d{2}-\\d{2}|(January|February|March|April|May|June|July|August|September|October|November|December), \\d{4})\\)",
        "\\s?\\(([0-9]{1,2}[A-Z]([ ,].[0-9]{1,2}[A-Z])*|R[E]{,1}[-]{,1}[0-9]{0,})\\)"
    ],

    "disc_rename": {
        "(Disc 0": "(Disc ",
        "(Disco ": "(Disc ",
        "(Disk ": "(Disc ",
        "(CD ": "(Disc ",
        "(Disque ": "(Disc ",
        "(Lato ": "(Disc ",
        "(Seite ": "(Disc ",
        "(Side ": "(Disc ",
        "(Teil ": "(Disc ",
        "(Disc )": "(Disc 0)",
        "(Disc A)": "(Disc 1)",
        "(Disc B)": "(Disc 2)",
        "(Disc C)": "(Disc 3)",
        "(Disc D)": "(Disc 4)",
        "(Disc E)": "(Disc 5)",
        "(Disc F)": "(Disc 6)",
        "(Disc G)": "(Disc 7)",
        "(Disc H)": "(Disc 8)",
        "(Disc I)": "(Disc 1)",
        "(Disc II)": "(Disc 2)",
        "(Disc III)": "(Disc 3)",
        "(Disc IV)": "(Disc 4)",
        "(Disc V)": "(Disc 5)",
        "(Disc VI)": "(Disc 6)",
        "(Disc VII)": "(Disc 7)",
        "(Disc VIII)": "(Disc 8)",
        "(Disc One)": "(Disc 1)",
        "(Disc Two)": "(Disc 2)",
        "(Disc Three)": "(Disc 3)",
        "(Disc Four)": "(Disc 4)",
        "(Disc Five)": "(Disc 5)",
        "(Disc Six)": "(Disc 6)",
        "(Disc Seven)": "(Disc 7)",
        "(Disc Eight)": "(Disc 8)",
        "(Disc Uno)": "(Disc 1)",
        "(Disc Due)": "(Disc 2)",
        "(Disc Tre)": "(Disc 3)",
        "(Disc Quattro)": "(Disc 4)",
        "(Disc Cinque)": "(Disc 5)",
        "(Disc Sei)": "(Disc 6)",
        "(Disc Sette)": "(Disc 7)",
        "(Disc Otto)": "(Disc 8)",
        "(Disc-": "(Disc ",
        "(Disc Writer)": "(Disk Writer)"
    },

    "promote_editions": [
        "\\s\\((?:(?!\\(|Switch Version.*?)[\\s\\S])*Switch Version.*?\\)",
        "\\s\\((?:(?!\\(|Switch Online.*?)[\\s\\S])*Switch Online.*?\\)",
        "\\s\\((?:(?!\\(|.*?Wii.*?Virtual Console.*?)[\\s\\S])*?Wii.*?Virtual Console.*?\\)",
        "\\s\\((?:(?!\\(|.*?3DS.*?Virtual Console.*?)[\\s\\S])*?3DS.*?Virtual Console.*?\\)",
        "\\s\\((?:(?!\\(|Virtual Console.*?)[\\s\\S])*Virtual Console.*?\\)",
        "\\s?\\(Wii\\)",
        "\\s\\((?:(?!\\(|.*?GameCube.*?)[\\s\\S])*?GameCube.*?\\)",
        "\\s?\\(CGB\\+SGB Enhanced\\)",
        "\\s?\\(SGB Enhanced\\)",
        "\\s?\\(NDSi Enhanced\\)",
        "\\s?\\(Rumble Version\\)",
        "\\s?\\(Shindou Edition\\)",
        "\\s?\\(GB Compatible\\)",
        "\\s?\\(Legit CIA\\)",
        "\\s?\\(Genesis Mini\\)",
        "\\s?\\(Mega Drive Mini\\)",
        "\\s?\\(J-Cart\\)",
        "\\s?\\(GPS Receiver Doukonban\\)",
        "\\s?\\(Microphone Doukonban\\)",
        "\\s?\\(Steam Version\\)",
        "\\s?\\(Joypad\\)",
        "\\s?\\(V.Smile Motion\\)",
        "\\s?\\(NTSC\\)",
        "\\s?\\(Aquaprice 2800\\)",
        "\\s?\\(Best of the Best\\)",
        "\\s?\\(Best Hit Selection\\)",
        "\\s?\\(Best Wing 2800\\)",
        "\\s?\\(Bit Corporation\\)",
        "\\s?\\(BPS the Choice\\)",
        "\\s?\\(C&E\\)",
        "\\s?\\(DX Pack\\)",
        "\\s?\\(EA Best Hits\\)",
        "\\s?\\(Fukyuuban.*?\\)",
        "\\s?\\(Game no Kanzume Otokuyou\\)",
        "\\s?\\(Gluk Video\\)",
        "\\s?\\(Goliath\\)",
        "\\s?\\(Greatest Hits\\)",
        "\\s?\\(Gust Best Price\\)",
        "\\s?\\(Honkakuha de 1300\\)",
        "\\s?\\(Hit Squad\\)",
        "\\s?\\(Hit Squad - Regenerator\\)",
        "\\s?\\(Idea-Tek\\)",
        "\\s?\\(IE Institute\\)",
        "\\s?\\(Imagineer\\)",
        "\\s?\\(Infinity Plus\\)",
        "\\s?\\(Koei the Best\\)",
        "\\s?\\(Major Wave\\)",
        "\\s?\\(Mega Hits!\\)",
        "\\s?\\(Mega Soft\\)",
        "\\s?\\(NP\\)",
        "\\s?\\(PlayStation the Best\\)",
        "\\s?\\(PlayStation 2 the Best\\)",
        "\\s?\\(PlayStation 3 the Best\\)",
        "\\s?\\(Platinum\\)",
        "\\s?\\(Premium Pack\\)",
        "\\s?\\(PSone Books\\)",
        "\\s?\\(PSP Essentials\\)",
        "\\s?\\(PSP The Best\\)",
        "\\s?\\(Renkaban\\)",
        "\\s?\\(Sachen\\)",
        "\\s?\\(Sega Smash Pack( [0-9]){0,1}\\)",
        "\\s?\\(Sold Out Extreme\\)",
        "\\s?\\(Sold Out Software\\)",
        "\\s?\\(Super Value 2800\\)",
        "\\s?\\(Spike Library\\)",
        "\\s?\\(Spike the Best\\)",
        "\\s?\\(Super Mega\\)",
        "\\s?\\(Super Value Set\\)",
        "\\s?\\(Tatacon Doukon Set\\)",
        "\\s?\\(TXC\\)",
        "\\s?\\(Xplosiv\\)",
        "\\s?\\(Ultimate Hits\\)",
        "\\s?\\(Value Price\\)",
        "\\s\\((?:(?!\\(|Gentei.*?)[\\s\\S])*Gentei.*?\\)",
        "\\s?\\(Controller Set\\)",
        "\\s?\\(Disk Writer\\)",
        "\\s?\\(English Logo\\)",
        "\\s?\\(Chinese Logo\\)",
        "\\s?\\(Korean Logo\\)",
        "\\s?\\(No Logo\\)"
    ],

    "demote_editions": [
        "\\s?\\[b\\]",
        "\\s?\\(Arcade\\)",
        "\\s?\\(Debug\\)",
        "\\s?\\(Debug Version\\)",
        "\\s?\\(Earlier\\)",
        "\\s?\\(Early\\)",
        "\\s?\\(Encrypted CIA\\)",
        "\\s?\\(Launch Cart\\)",
        "\\s?\\(Light Phaser\\)",
        "\\s?\\(PAL\\)",
        "\\s?\\(Reprint\\)",
        "\\s\\((?:(?!\\(|Region Lock)[\\s\\S])*Region Lock\\)",
        "\\s?\\(Scholastic\\)",
        "\\s?\\(Sega Channel\\)",
        "\\s?\\(SegaNet\\)",
        "\\s?\\(Sega Smash Pack\\)",
        "\\s?\\(Shokai Seisanban\\)",
        "\\s?\\(Software Doukonban\\)",
        "\\s?\\(Software Tantaiban\\)",
        "\\s?\\(Unl\\)"
    ],

    "languages": {
        "English": "En(-[A-Z][A-Z]){,1}",
        "Afrikaans": "Af",
        "Arabic": "Ar",
        "Bulgarian": "Bg",
        "Catalan": "Ca",
        "Chinese": "Zh(-Han.){,1}",
        "Croatian": "Hr",
        "Czech": "Cs",
        "Danish": "Da",
        "Dutch": "Nl",
        "Finnish": "Fi",
        "French": "Fr",
        "Gaelic": "Gd",
        "German": "De",
        "Greek": "El",
        "Hebrew": "He",
        "Hindi": "Hi",
        "Hungarian": "Hu",
        "Italian": "It",
        "Japanese": "Ja",
        "Korean": "Ko",
        "Norwegian": "No",
        "Polish": "Pl",
        "Portuguese": "Pt(-[A-Z][A-Z]){,1}",
        "Punjabi": "Pa",
        "Romanian": "Ro",
        "Russian": "Ru",
        "Slovak": "Sk",
        "Slovenian": "Sl",
        "Spanish": "Es(-[A-Z][A-Z]){,1}",
        "Swedish": "Sv",
        "Tamil": "Ta",
        "Thai": "Th",
        "Turkish": "Tr",
        "Ukranian": "Uk"
    },

    "default_region_order": {
        "USA": "En",
        "World": "En",
        "Canada": "En",
        "UK": "En",
        "Australia": "En",
        "New Zealand": "En",
        "Singapore": "En",
        "Ireland": "En",
        "Thailand": "En",
        "Europe": "En",
        "Hong Kong": "",
        "Japan": "Ja",
        "Asia": "",
        "Spain": "Es",
        "Mexico": "Es",
        "Argentina": "Es",
        "Latin America": "",
        "Brazil": "Pt",
        "Portugal": "Pt",
        "France": "Fr",
        "Belgium": "Fr",
        "Netherlands": "Nl",
        "Germany": "De",
        "Austria": "De",
        "Italy": "It",
        "Switzerland": "",
        "China": "Zh",
        "Taiwan": "",
        "Korea": "Ko",
        "Russia": "Ru",
        "Ukraine": "",
        "Poland": "Pl",
        "Denmark": "Da",
        "Norway": "No",
        "Sweden": "Sv",
        "Scandinavia": "En",
        "Finland": "Fi",
        "Hungary": "Hu",
        "Czech": "Cs",
        "Greece": "El",
        "India": "Hi",
        "South Africa": "",
        "Israel": "He",
        "Slovakia": "Sk",
        "Turkey": "Tr",
        "Croatia": "Hr",
        "Slovenia": "Sl",
        "United Arab Emirates": "Ar",
        "Bulgaria": "Bg",
        "Romania": "Ro",
        "Unknown": ""
    }
}
