{
    "James Pond 3 - Operation Starfi5h (Europe) (Kixx)": {
        "secondary_name": "",
        "group_name": "James Pond 3 - Operation Starfi5h",
        "status": "Green",
        "disc_type": "CD",
        "languages": "En",
        "version": "",
        "edition": "Kixx"
    },
    "Amiga CD32 Magazine - Spring 1994 (Europe)": {
        "secondary_name": "",
        "group_name": "Amiga CD32 Magazine - Spring 1994",
        "status": "Blue",
        "disc_type": "CD",
        "languages": "En",
        "version": "",
        "edition": "Bundled with Magazine"
    },
    "Mean Arenas (Europe)": {
        "secondary_name": "",
        "group_name": "Mean Arenas",
        "status": "Green",
        "disc_type": "CD",
        "languages": "En",
        "version": "",
        "edition": "Original"
    },
    "UFO - Enemy Unknown (Europe) (En,Fr,De)": {
        "secondary_name": "",
        "group_name": "UFO - Enemy Unknown",
        "status": "Green",
        "disc_type": "CD",
        "languages": "En, Fr, De",
        "version": "",
        "edition": "Original"
    },
    "Zool - Ninja of the Nth Dimension (Europe)": {
        "secondary_name": "",
        "group_name": "Zool - Ninja of the Nth Dimension",
        "status": "Blue",
        "disc_type": "CD",
        "languages": "En",
        "version": "",
        "edition": "Original"
    },
    "Chaos Engine, The (Europe) (Spectacular Voyage)": {
        "secondary_name": "",
        "group_name": "Chaos Engine, The",
        "status": "Green",
        "disc_type": "CD",
        "languages": "En",
        "version": "",
        "edition": "Spectacular Voyage Bundle"
    },
    "Battle Chess (Europe)": {
        "secondary_name": "",
        "group_name": "Battle Chess",
        "status": "Blue",
        "disc_type": "CD",
        "languages": "En",
        "version": "",
        "edition": "Original"
    },
    "Black Viper (Europe) (En,De,It)": {
        "secondary_name": "",
        "group_name": "Black Viper",
        "status": "Green",
        "disc_type": "CD",
        "languages": "En, De, It",
        "version": "",
        "edition": "Original"
    },
    "Skeleton Krew (Europe)": {
        "secondary_name": "",
        "group_name": "Skeleton Krew",
        "status": "Blue",
        "disc_type": "CD",
        "languages": "En",
        "version": "",
        "edition": "Original"
    },
    "Super Putty (Europe)": {
        "secondary_name": "",
        "group_name": "Super Putty",
        "status": "Green",
        "disc_type": "CD",
        "languages": "En",
        "version": "",
        "edition": "Original"
    },
    "Nigel Mansell's World Championship (Europe) (En,Fr,De,It)": {
        "secondary_name": "",
        "group_name": "Nigel Mansell's World Championship",
        "status": "Blue",
        "disc_type": "CD",
        "languages": "En, Fr, De, It",
        "version": "",
        "edition": "Original"
    },
    "Project-X & Ultimate Body Blows (Europe)": {
        "secondary_name": "",
        "group_name": "Project-X & Ultimate Body Blows",
        "status": "Blue",
        "disc_type": "CD",
        "languages": "En",
        "version": "",
        "edition": "Original"
    },
    "James Pond 3 - Operation Starfi5h (Europe)": {
        "secondary_name": "",
        "group_name": "James Pond 3 - Operation Starfi5h",
        "status": "Green",
        "disc_type": "CD",
        "languages": "En",
        "version": "",
        "edition": "Original"
    },
    "Last Ninja 3 (Europe)": {
        "secondary_name": "",
        "group_name": "Last Ninja 3",
        "status": "Green",
        "disc_type": "CD",
        "languages": "En",
        "version": "",
        "edition": "Original"
    },
    "Castles II - Siege & Conquest (Europe)": {
        "secondary_name": "",
        "group_name": "Castles II - Siege & Conquest",
        "status": "Green",
        "disc_type": "CD",
        "languages": "En",
        "version": "",
        "edition": "Original"
    },
    "Morph (Europe)": {
        "secondary_name": "",
        "group_name": "Morph",
        "status": "Green",
        "disc_type": "CD",
        "languages": "En",
        "version": "",
        "edition": "Original"
    },
    "CD32 Gamer - Playable Game Demos, Demos, Multimedia & Shareware Volume 10 (Europe)": {
        "secondary_name": "",
        "group_name": "CD32 Gamer - Playable Game Demos, Demos, Multimedia & Shareware Volume 10",
        "status": "Blue",
        "disc_type": "CD",
        "languages": "En",
        "version": "",
        "edition": "Bundled with Magazine"
    },
    "Seven Gates of Jambala, The (Europe)": {
        "secondary_name": "",
        "group_name": "Seven Gates of Jambala, The",
        "status": "Green",
        "disc_type": "CD",
        "languages": "En",
        "version": "",
        "edition": "Original"
    },
    "Seek and Destroy (Europe)": {
        "secondary_name": "Seek & Destroy",
        "group_name": "Seek and Destroy",
        "status": "Blue",
        "disc_type": "CD",
        "languages": "En",
        "version": "",
        "edition": "Original"
    },
    "Power Drive (Europe) (En,Fr,De,Es,It)": {
        "secondary_name": "",
        "group_name": "Power Drive",
        "status": "Blue",
        "disc_type": "CD",
        "languages": "En, Fr, De, It, Es",
        "version": "",
        "edition": "Original"
    },
    "Communicator (Germany) (En,De)": {
        "secondary_name": "",
        "group_name": "Communicator",
        "status": "Blue",
        "disc_type": "CD",
        "languages": "En, De",
        "version": "",
        "edition": "Original"
    },
    "Amiga CD32 Gamer - Game Demos Volume 2 (Europe)": {
        "secondary_name": "",
        "group_name": "Amiga CD32 Gamer - Game Demos Volume 2",
        "status": "Blue",
        "disc_type": "CD",
        "languages": "En",
        "version": "",
        "edition": "Bundled with Magazine"
    },
    "Chaos Engine, The (Europe) (En,Fr,De,It)": {
        "secondary_name": "",
        "group_name": "Chaos Engine, The",
        "status": "Green",
        "disc_type": "CD",
        "languages": "En, Fr, De, It",
        "version": "",
        "edition": "Original"
    },
    "Super Stardust (Europe)": {
        "secondary_name": "",
        "group_name": "Super Stardust",
        "status": "Blue",
        "disc_type": "CD",
        "languages": "En",
        "version": "",
        "edition": "Original"
    },
    "Arabian Nights (Europe) (En,Fr,De,It)": {
        "secondary_name": "",
        "group_name": "Arabian Nights",
        "status": "Green",
        "disc_type": "CD",
        "languages": "En, Fr, De, It",
        "version": "",
        "edition": "Original"
    },
    "Brutal Football (Europe)": {
        "secondary_name": "",
        "group_name": "Brutal Football",
        "status": "Blue",
        "disc_type": "CD",
        "languages": "En",
        "version": "",
        "edition": "Original"
    },
    "Chambers of Shaolin (Europe)": {
        "secondary_name": "",
        "group_name": "Chambers of Shaolin",
        "status": "Green",
        "disc_type": "CD",
        "languages": "En",
        "version": "",
        "edition": "Original"
    },
    "Pinball Illusions (Europe)": {
        "secondary_name": "",
        "group_name": "Pinball Illusions",
        "status": "Blue",
        "disc_type": "CD",
        "languages": "En",
        "version": "",
        "edition": "Original"
    },
    "Darkseed (Europe)": {
        "secondary_name": "",
        "group_name": "Darkseed",
        "status": "Green",
        "disc_type": "CD",
        "languages": "En",
        "version": "1.1",
        "edition": "Original"
    },
    "Disposable Hero (Europe)": {
        "secondary_name": "",
        "group_name": "Disposable Hero",
        "status": "Blue",
        "disc_type": "CD",
        "languages": "En",
        "version": "",
        "edition": "Original"
    },
    "Summer Olympix (Europe)": {
        "secondary_name": "",
        "group_name": "Summer Olympix",
        "status": "Green",
        "disc_type": "CD",
        "languages": "En",
        "version": "",
        "edition": "Original"
    },
    "Kid Chaos (Europe)": {
        "secondary_name": "",
        "group_name": "Kid Chaos",
        "status": "Blue",
        "disc_type": "CD",
        "languages": "En",
        "version": "",
        "edition": "Original"
    },
    "Theme Park (Europe) (En,Fr,De,It)": {
        "secondary_name": "",
        "group_name": "Theme Park",
        "status": "Green",
        "disc_type": "CD",
        "languages": "En, Fr, De, It",
        "version": "",
        "edition": "Original"
    },
    "Arcade Pool (Europe) (En,Fr,De,It) (Alt)": {
        "secondary_name": "",
        "group_name": "Arcade Pool",
        "status": "Green",
        "disc_type": "CD",
        "languages": "En, Fr, De, It",
        "version": "",
        "edition": "Original"
    },
    "Roadkill (Europe) (Alt)": {
        "secondary_name": "",
        "group_name": "Roadkill",
        "status": "Green",
        "disc_type": "CD",
        "languages": "En",
        "version": "",
        "edition": "Original"
    },
    "Manchester United - Premier League Champions (Europe) (En,Fr,De,It)": {
        "secondary_name": "",
        "group_name": "Manchester United - Premier League Champions",
        "status": "Blue",
        "disc_type": "CD",
        "languages": "En, Fr, De, It",
        "version": "",
        "edition": "Original"
    },
    "Dangerous Streets & Wing Commander (Europe) (En,Fr,De,It)": {
        "secondary_name": "",
        "group_name": "Dangerous Streets & Wing Commander",
        "status": "Green",
        "disc_type": "CD",
        "languages": "En, Fr, De, It",
        "version": "",
        "edition": "Original"
    },
    "CD32 Gamer - Playable Game Demos, Demos, Multimedia & Shareware Volume 13 (Europe)": {
        "secondary_name": "",
        "group_name": "CD32 Gamer - Playable Game Demos, Demos, Multimedia & Shareware Volume 13",
        "status": "Blue",
        "disc_type": "CD",
        "languages": "En",
        "version": "",
        "edition": "Bundled with Magazine"
    },
    "Heimdall 2 - Into the Hall of Worlds (Europe)": {
        "secondary_name": "",
        "group_name": "Heimdall 2 - Into the Hall of Worlds",
        "status": "Green",
        "disc_type": "CD",
        "languages": "En",
        "version": "",
        "edition": "Original"
    },
    "Beavers (Europe)": {
        "secondary_name": "",
        "group_name": "Beavers",
        "status": "Green",
        "disc_type": "CD",
        "languages": "En",
        "version": "",
        "edition": "Original"
    },
    "Alien Breed 3D (Europe)": {
        "secondary_name": "",
        "group_name": "Alien Breed 3D",
        "status": "Blue",
        "disc_type": "CD",
        "languages": "En",
        "version": "",
        "edition": "Original"
    },
    "Kingpin - Arcade Sports Bowling (Europe) (En,Fr,De,It)": {
        "secondary_name": "",
        "group_name": "Kingpin - Arcade Sports Bowling",
        "status": "Blue",
        "disc_type": "CD",
        "languages": "En, Fr, De, It",
        "version": "",
        "edition": "Original"
    },
    "Impossible Mission 2025 - The Special Edition (Europe)": {
        "secondary_name": "",
        "group_name": "Impossible Mission 2025 - The Special Edition",
        "status": "Green",
        "disc_type": "CD",
        "languages": "En",
        "version": "",
        "edition": "Original"
    },
    "Shadow Fighter (Europe)": {
        "secondary_name": "",
        "group_name": "Shadow Fighter",
        "status": "Blue",
        "disc_type": "CD",
        "languages": "En",
        "version": "",
        "edition": "Original"
    },
    "Flink (Europe)": {
        "secondary_name": "The MISadventures Of Flink",
        "group_name": "Flink",
        "status": "Blue",
        "disc_type": "CD",
        "languages": "En",
        "version": "",
        "edition": "Original"
    },
    "Bubble and Squeak (Europe)": {
        "secondary_name": "",
        "group_name": "Bubble and Squeak",
        "status": "Blue",
        "disc_type": "CD",
        "languages": "En",
        "version": "",
        "edition": "Original"
    },
    "Superfrog (Europe)": {
        "secondary_name": "",
        "group_name": "Superfrog",
        "status": "Blue",
        "disc_type": "CD",
        "languages": "En",
        "version": "",
        "edition": "Original"
    },
    "Emerald Mines (Europe)": {
        "secondary_name": "",
        "group_name": "Emerald Mines",
        "status": "Blue",
        "disc_type": "CD",
        "languages": "En",
        "version": "",
        "edition": "Original"
    },
    "Rise of the Robots (Europe)": {
        "secondary_name": "",
        "group_name": "Rise of the Robots",
        "status": "Green",
        "disc_type": "CD",
        "languages": "En",
        "version": "",
        "edition": "Original"
    },
    "Total Carnage (Europe)": {
        "secondary_name": "",
        "group_name": "Total Carnage",
        "status": "Green",
        "disc_type": "CD",
        "languages": "En",
        "version": "",
        "edition": "Original"
    },
    "Humans 3 - Evolution - Lost in Time... (Europe)": {
        "secondary_name": "",
        "group_name": "Humans 3 - Evolution - Lost in Time...",
        "status": "Blue",
        "disc_type": "CD",
        "languages": "En",
        "version": "",
        "edition": "Original"
    },
    "CD32 Gamer - Playable Game Demos, Demos, Multimedia & Shareware Volume 9 (Europe)": {
        "secondary_name": "",
        "group_name": "CD32 Gamer - Playable Game Demos, Demos, Multimedia & Shareware Volume 9",
        "status": "Blue",
        "disc_type": "CD",
        "languages": "En",
        "version": "",
        "edition": "Bundled with Magazine"
    },
    "Marvin's Marvellous Adventure (Europe) (En,Fr,De,Es,It)": {
        "secondary_name": "",
        "group_name": "Marvin's Marvellous Adventure",
        "status": "Blue",
        "disc_type": "CD",
        "languages": "En, Fr, De, It, Es",
        "version": "",
        "edition": "Original"
    },
    "Pinball Fantasies (Europe)": {
        "secondary_name": "",
        "group_name": "Pinball Fantasies",
        "status": "Green",
        "disc_type": "CD",
        "languages": "En",
        "version": "",
        "edition": "Original"
    },
    "Nigel Mansell's World Championship (Europe)": {
        "secondary_name": "",
        "group_name": "Nigel Mansell's World Championship",
        "status": "Blue",
        "disc_type": "CD",
        "languages": "En",
        "version": "",
        "edition": "Original"
    },
    "Bump 'n' Burn (Europe)": {
        "secondary_name": "",
        "group_name": "Bump 'n' Burn",
        "status": "Blue",
        "disc_type": "CD",
        "languages": "En",
        "version": "",
        "edition": "Original"
    },
    "Surf Ninjas (Europe)": {
        "secondary_name": "",
        "group_name": "Surf Ninjas",
        "status": "Green",
        "disc_type": "CD",
        "languages": "En",
        "version": "",
        "edition": "Original"
    },
    "Benefactor (Europe)": {
        "secondary_name": "",
        "group_name": "Benefactor",
        "status": "Green",
        "disc_type": "CD",
        "languages": "En",
        "version": "",
        "edition": "Original"
    },
    "CD32 Gamer - Playable Game Demos, Demos, Multimedia & Shareware Volume 8 (Europe)": {
        "secondary_name": "",
        "group_name": "CD32 Gamer - Playable Game Demos, Demos, Multimedia & Shareware Volume 8",
        "status": "Blue",
        "disc_type": "CD",
        "languages": "En",
        "version": "",
        "edition": "Bundled with Magazine"
    },
    "HeroQuest II - Legacy of Sorasil (Europe) (En,Fr,De)": {
        "secondary_name": "",
        "group_name": "HeroQuest II - Legacy of Sorasil",
        "status": "Green",
        "disc_type": "CD",
        "languages": "En, Fr, De",
        "version": "",
        "edition": "Original"
    },
    "Syndicate (Europe) (En,Fr,It)": {
        "secondary_name": "",
        "group_name": "Syndicate",
        "status": "Green",
        "disc_type": "CD",
        "languages": "En, Fr, It",
        "version": "",
        "edition": "Original, Bundled with Alfred Chicken"
    },
    "Liberation - Captive II (Europe) (Rev 3)": {
        "secondary_name": "",
        "group_name": "Liberation - Captive II",
        "status": "Green",
        "disc_type": "CD",
        "languages": "En",
        "version": "Ratt V2.02 : Wyvern V2.00c",
        "edition": "Original"
    },
    "Guardian (Europe)": {
        "secondary_name": "",
        "group_name": "Guardian",
        "status": "Blue",
        "disc_type": "CD",
        "languages": "En",
        "version": "",
        "edition": "Original"
    },
    "Chuck Rock II - Son of Chuck (Europe)": {
        "secondary_name": "",
        "group_name": "Chuck Rock II - Son of Chuck",
        "status": "Green",
        "disc_type": "CD",
        "languages": "En",
        "version": "",
        "edition": "Original"
    },
    "Humans (Europe) (En,Fr,De,Es,It)": {
        "secondary_name": "",
        "group_name": "Humans",
        "status": "Green",
        "disc_type": "CD",
        "languages": "En, Fr, De, It, Es",
        "version": "",
        "edition": "Original"
    },
    "Frontier - Elite II (Europe)": {
        "secondary_name": "",
        "group_name": "Frontier - Elite II",
        "status": "Blue",
        "disc_type": "CD",
        "languages": "En",
        "version": "",
        "edition": "Original"
    },
    "CD32 Gamer - Playable Game Demos Volume 3 (Europe)": {
        "secondary_name": "",
        "group_name": "CD32 Gamer - Playable Game Demos Volume 3",
        "status": "Green",
        "disc_type": "CD",
        "languages": "En",
        "version": "",
        "edition": "Bundled with Magazine"
    },
    "Speris Legacy, The (Europe)": {
        "secondary_name": "",
        "group_name": "Speris Legacy, The",
        "status": "Blue",
        "disc_type": "CD",
        "languages": "En",
        "version": "",
        "edition": "Original"
    },
    "Ultimate Body Blows (Europe)": {
        "secondary_name": "",
        "group_name": "Ultimate Body Blows",
        "status": "Green",
        "disc_type": "CD",
        "languages": "En",
        "version": "",
        "edition": "Original"
    },
    "Quik the Thunder Rabbit (Europe)": {
        "secondary_name": "",
        "group_name": "Quik the Thunder Rabbit",
        "status": "Green",
        "disc_type": "CD",
        "languages": "En",
        "version": "",
        "edition": "Bundled with Magazine"
    },
    "Jungle Strike - The Sequel to Desert Strike (Europe)": {
        "secondary_name": "",
        "group_name": "Jungle Strike - The Sequel to Desert Strike",
        "status": "Green",
        "disc_type": "CD",
        "languages": "En",
        "version": "",
        "edition": "Original"
    },
    "Overkill & Lunar-C (Europe)": {
        "secondary_name": "",
        "group_name": "Overkill & Lunar-C",
        "status": "Green",
        "disc_type": "CD",
        "languages": "En",
        "version": "",
        "edition": "Original"
    },
    "Nick Faldos Championship Golf (Europe)": {
        "secondary_name": "",
        "group_name": "Nick Faldos Championship Golf",
        "status": "Green",
        "disc_type": "CD",
        "languages": "En",
        "version": "",
        "edition": "Original"
    },
    "Jetstrike CD32 (Europe)": {
        "secondary_name": "",
        "group_name": "Jetstrike CD32",
        "status": "Blue",
        "disc_type": "CD",
        "languages": "En",
        "version": "",
        "edition": "Original"
    },
    "Arcade Pool (Europe) (En,Fr,De,It)": {
        "secondary_name": "",
        "group_name": "Arcade Pool",
        "status": "Green",
        "disc_type": "CD",
        "languages": "En, Fr, De, It",
        "version": "",
        "edition": "Original"
    },
    "Strip Pot (Europe)": {
        "secondary_name": "",
        "group_name": "Strip Pot",
        "status": "Green",
        "disc_type": "CD",
        "languages": "En",
        "version": "",
        "edition": "Original"
    },
    "Lamborghini - American Challenge (Europe)": {
        "secondary_name": "",
        "group_name": "Lamborghini - American Challenge",
        "status": "Green",
        "disc_type": "CD",
        "languages": "En",
        "version": "",
        "edition": "Amiga CD32 Special 1"
    },
    "Fly Harder (Europe)": {
        "secondary_name": "",
        "group_name": "Fly Harder",
        "status": "Blue",
        "disc_type": "CD",
        "languages": "En",
        "version": "",
        "edition": "Original"
    },
    "Gulp! (Europe) (En,Fr,De,Es,It)": {
        "secondary_name": "",
        "group_name": "Gulp!",
        "status": "Green",
        "disc_type": "CD",
        "languages": "En, Fr, De, It, Es",
        "version": "",
        "edition": "Original"
    },
    "Fightin' Spirit (Europe) (En,De,It)": {
        "secondary_name": "",
        "group_name": "Fightin' Spirit",
        "status": "Blue",
        "disc_type": "CD",
        "languages": "En, De, It",
        "version": "",
        "edition": "Original"
    },
    "Sheer Delight (Europe)": {
        "secondary_name": "",
        "group_name": "Sheer Delight",
        "status": "Blue",
        "disc_type": "CD",
        "languages": "En",
        "version": "",
        "edition": "Original"
    },
    "Bubba 'n' Stix (Europe)": {
        "secondary_name": "",
        "group_name": "Bubba 'n' Stix",
        "status": "Green",
        "disc_type": "CD",
        "languages": "En",
        "version": "",
        "edition": "Original"
    },
    "Sensible Soccer - European Champions (Europe) (En,Fr,De,It)": {
        "secondary_name": "",
        "group_name": "Sensible Soccer - European Champions",
        "status": "Green",
        "disc_type": "CD",
        "languages": "En, Fr, De, It",
        "version": "",
        "edition": "Original"
    },
    "CD32 Gamer - Playable Game Demos, Demos, Multimedia & Shareware Volume 7 (Europe)": {
        "secondary_name": "",
        "group_name": "CD32 Gamer - Playable Game Demos, Demos, Multimedia & Shareware Volume 7",
        "status": "Blue",
        "disc_type": "CD",
        "languages": "En",
        "version": "",
        "edition": "Bundled with Magazine"
    },
    "Sabre Team (Europe) (En,Fr,De,Es,It)": {
        "secondary_name": "",
        "group_name": "Sabre Team",
        "status": "Green",
        "disc_type": "CD",
        "languages": "En, Fr, De, It, Es",
        "version": "",
        "edition": "Original"
    },
    "Alien Breed - Tower Assault (Europe)": {
        "secondary_name": "",
        "group_name": "Alien Breed - Tower Assault",
        "status": "Green",
        "disc_type": "CD",
        "languages": "En",
        "version": "",
        "edition": "Original"
    },
    "Liberation - Captive II (Europe) (Rev 2)": {
        "secondary_name": "",
        "group_name": "Liberation - Captive II",
        "status": "Green",
        "disc_type": "CD",
        "languages": "En",
        "version": "Ratt V2.00c : Wyvern V2.00c",
        "edition": "Original"
    },
    "Vital Light (Europe)": {
        "secondary_name": "",
        "group_name": "Vital Light",
        "status": "Green",
        "disc_type": "CD",
        "languages": "En",
        "version": "",
        "edition": "Original"
    },
    "CD Micro French (Europe)": {
        "secondary_name": "",
        "group_name": "CD Micro French",
        "status": "Green",
        "disc_type": "CD",
        "languages": "En",
        "version": "",
        "edition": "Original"
    },
    "Super Skidmarks (Europe)": {
        "secondary_name": "",
        "group_name": "Super Skidmarks",
        "status": "Blue",
        "disc_type": "CD",
        "languages": "En",
        "version": "2.2",
        "edition": "Original"
    },
    "International Sensible Soccer - World Champions (Europe) (En,Fr,De,It)": {
        "secondary_name": "",
        "group_name": "International Sensible Soccer - World Champions",
        "status": "Blue",
        "disc_type": "CD",
        "languages": "En, Fr, De, It",
        "version": "",
        "edition": "Original"
    },
    "Banshee (Europe) (En,Fr,De,Da)": {
        "secondary_name": "",
        "group_name": "Banshee",
        "status": "Green",
        "disc_type": "CD",
        "languages": "Da, En, Fr, De",
        "version": "",
        "edition": "Original"
    },
    "Gloom (Europe)": {
        "secondary_name": "",
        "group_name": "Gloom",
        "status": "Green",
        "disc_type": "CD",
        "languages": "En",
        "version": "",
        "edition": "Original"
    },
    "John Barnes European Football (Europe) (En,Fr,De,Es,It)": {
        "secondary_name": "",
        "group_name": "John Barnes European Football",
        "status": "Green",
        "disc_type": "CD",
        "languages": "En, Fr, De, It, Es",
        "version": "",
        "edition": "Original"
    },
    "Whale's Voyage (Europe)": {
        "secondary_name": "",
        "group_name": "Whale's Voyage",
        "status": "Green",
        "disc_type": "CD",
        "languages": "En",
        "version": "",
        "edition": "Original"
    },
    "Vital Light (Europe) (Alt)": {
        "secondary_name": "",
        "group_name": "Vital Light",
        "status": "Blue",
        "disc_type": "CD",
        "languages": "En",
        "version": "",
        "edition": "Amiga CD32 Special 3"
    },
    "CD32 Gamer - Playable Game Demos, Demos, Multimedia & Shareware Volume 11 (12) (Europe)": {
        "secondary_name": "",
        "group_name": "CD32 Gamer - Playable Game Demos, Demos, Multimedia & Shareware Volume 11",
        "status": "Blue",
        "disc_type": "CD",
        "languages": "En",
        "version": "",
        "edition": "Bundled with Magazine"
    },
    "Worms (Europe) (En,Fr,De)": {
        "secondary_name": "",
        "group_name": "Worms",
        "status": "Blue",
        "disc_type": "CD",
        "languages": "En, Fr, De",
        "version": "",
        "edition": "Original"
    },
    "D-Generation (Europe)": {
        "secondary_name": "",
        "group_name": "D-Generation",
        "status": "Green",
        "disc_type": "CD",
        "languages": "En",
        "version": "1.0",
        "edition": "Original"
    },
    "Donk! The Samurai Duck! (Europe)": {
        "secondary_name": "",
        "group_name": "Donk! The Samurai Duck!",
        "status": "Blue",
        "disc_type": "CD",
        "languages": "En",
        "version": "",
        "edition": "Original"
    },
    "Myth - History in the Making (Europe)": {
        "secondary_name": "",
        "group_name": "Myth - History in the Making",
        "status": "Green",
        "disc_type": "CD",
        "languages": "En",
        "version": "",
        "edition": "Original"
    },
    "Base Jumpers (Europe)": {
        "secondary_name": "",
        "group_name": "Base Jumpers",
        "status": "Blue",
        "disc_type": "CD",
        "languages": "En",
        "version": "",
        "edition": "Original"
    },
    "Assassins - Ultimate Games Compact Disc (Europe) (v2.0)": {
        "secondary_name": "",
        "group_name": "Assassins - Ultimate Games Compact Disc",
        "status": "Blue",
        "disc_type": "CD",
        "languages": "En",
        "version": "V.2",
        "edition": "Original"
    },
    "Premiere (Europe)": {
        "secondary_name": "",
        "group_name": "Premiere",
        "status": "Green",
        "disc_type": "CD",
        "languages": "En",
        "version": "",
        "edition": "Original"
    },
    "Subwar 2050 (Europe) (En,Fr,De)": {
        "secondary_name": "",
        "group_name": "Subwar 2050",
        "status": "Green",
        "disc_type": "CD",
        "languages": "En, Fr, De",
        "version": "13.11.94",
        "edition": "Original"
    },
    "Classic Lotus Trilogy, The (Europe)": {
        "secondary_name": "",
        "group_name": "Classic Lotus Trilogy, The",
        "status": "Blue",
        "disc_type": "CD",
        "languages": "En",
        "version": "",
        "edition": "Original"
    },
    "Microcosm (Europe) (Spectacular Voyage)": {
        "secondary_name": "",
        "group_name": "Microcosm",
        "status": "Blue",
        "disc_type": "CD",
        "languages": "En",
        "version": "",
        "edition": "Spectacular Voyage Bundle"
    },
    "Guardian (Europe) (Alt)": {
        "secondary_name": "",
        "group_name": "Guardian",
        "status": "Blue",
        "disc_type": "CD",
        "languages": "En",
        "version": "",
        "edition": "Original"
    },
    "Naughty Ones (Europe)": {
        "secondary_name": "",
        "group_name": "Naughty Ones",
        "status": "Blue",
        "disc_type": "CD",
        "languages": "En",
        "version": "",
        "edition": "Original"
    },
    "Deep Core (Europe) (v1.00)": {
        "secondary_name": "",
        "group_name": "Deep Core",
        "status": "Green",
        "disc_type": "CD",
        "languages": "En",
        "version": "1.00",
        "edition": "Original"
    },
    "Battletoads (Europe)": {
        "secondary_name": "",
        "group_name": "Battletoads",
        "status": "Green",
        "disc_type": "CD",
        "languages": "En",
        "version": "",
        "edition": "Original"
    },
    "Cannon Fodder (Europe)": {
        "secondary_name": "",
        "group_name": "Cannon Fodder",
        "status": "Green",
        "disc_type": "CD",
        "languages": "En",
        "version": "",
        "edition": "Original"
    },
    "Alien Breed Special Edition & Qwak (Europe) (En,Fr,De,It,Da)": {
        "secondary_name": "",
        "group_name": "Alien Breed Special Edition & Qwak",
        "status": "Green",
        "disc_type": "CD",
        "languages": "Da, En, Fr, De, It",
        "version": "",
        "edition": "Original"
    },
    "Fire & Ice - The Daring Adventures of Cool Coyote (Europe) (En,Fr,De,It)": {
        "secondary_name": "",
        "group_name": "Fire & Ice - The Daring Adventures of Cool Coyote",
        "status": "Blue",
        "disc_type": "CD",
        "languages": "En, Fr, De, It",
        "version": "",
        "edition": "Original"
    },
    "Akira (Europe)": {
        "secondary_name": "",
        "group_name": "Akira",
        "status": "Blue",
        "disc_type": "CD",
        "languages": "En",
        "version": "",
        "edition": "Collectors edition T-shirt"
    },
    "Dragonstone (Europe) (En,Fr,De)": {
        "secondary_name": "",
        "group_name": "Dragonstone",
        "status": "Green",
        "disc_type": "CD",
        "languages": "En, Fr, De",
        "version": "",
        "edition": "Original"
    },
    "Magic Island (Czech)": {
        "secondary_name": "",
        "group_name": "Magic Island",
        "status": "Blue",
        "disc_type": "CD",
        "languages": "Cs",
        "version": "",
        "edition": "Original"
    },
    "Dennis (Europe)": {
        "secondary_name": "",
        "group_name": "Dennis",
        "status": "Blue",
        "disc_type": "CD",
        "languages": "En",
        "version": "",
        "edition": "Original"
    },
    "Simon the Sorcerer (Europe)": {
        "secondary_name": "",
        "group_name": "Simon the Sorcerer",
        "status": "Green",
        "disc_type": "CD",
        "languages": "En",
        "version": "",
        "edition": "Original"
    },
    "Fire Force (Europe)": {
        "secondary_name": "",
        "group_name": "Fire Force",
        "status": "Green",
        "disc_type": "CD",
        "languages": "En",
        "version": "",
        "edition": "Original"
    },
    "Project-X & F17 Challenge (Europe) (En,Fr,De,It,Da) (v2.0)": {
        "secondary_name": "",
        "group_name": "Project-X & F17 Challenge",
        "status": "Green",
        "disc_type": "CD",
        "languages": "Da, En, Fr, De, It",
        "version": "2.0",
        "edition": "Original"
    },
    "Dangerous Streets (Europe) (En,Fr,De,It)": {
        "secondary_name": "",
        "group_name": "Dangerous Streets",
        "status": "Green",
        "disc_type": "CD",
        "languages": "En, Fr, De, It",
        "version": "",
        "edition": "Original"
    },
    "Power-Games (Europe) (En,De)": {
        "secondary_name": "",
        "group_name": "Power-Games",
        "status": "Green",
        "disc_type": "CD",
        "languages": "En, De",
        "version": "",
        "edition": "Original"
    },
    "Diggers & Oscar (Europe)": {
        "secondary_name": "",
        "group_name": "Diggers & Oscar",
        "status": "Blue",
        "disc_type": "CD",
        "languages": "En",
        "version": "",
        "edition": "Bundled with Amiga CD32"
    },
    "CD32 Gamer - Playable Game Demos, Demos, Multimedia & Shareware Volume 15 (Europe)": {
        "secondary_name": "",
        "group_name": "CD32 Gamer - Playable Game Demos, Demos, Multimedia & Shareware Volume 15",
        "status": "Blue",
        "disc_type": "CD",
        "languages": "En",
        "version": "",
        "edition": "Bundled with Magazine"
    },
    "Trolls (Europe)": {
        "secondary_name": "",
        "group_name": "Trolls",
        "status": "Blue",
        "disc_type": "CD",
        "languages": "En",
        "version": "",
        "edition": "Original"
    },
    "Pirates! Gold (Europe) (En,De)": {
        "secondary_name": "",
        "group_name": "Pirates! Gold",
        "status": "Green",
        "disc_type": "CD",
        "languages": "En, De",
        "version": "",
        "edition": "Original"
    },
    "Super Methane Bros. (Europe)": {
        "secondary_name": "",
        "group_name": "Super Methane Bros.",
        "status": "Blue",
        "disc_type": "CD",
        "languages": "En",
        "version": "",
        "edition": "Original"
    },
    "International Karate + (Europe)": {
        "secondary_name": "",
        "group_name": "International Karate +",
        "status": "Green",
        "disc_type": "CD",
        "languages": "En",
        "version": "",
        "edition": "Original"
    },
    "Chuck Rock (Europe)": {
        "secondary_name": "",
        "group_name": "Chuck Rock",
        "status": "Green",
        "disc_type": "CD",
        "languages": "En",
        "version": "",
        "edition": "Original"
    },
    "Litil Divil (Europe)": {
        "secondary_name": "",
        "group_name": "Litil Divil",
        "status": "Blue",
        "disc_type": "CD",
        "languages": "En",
        "version": "",
        "edition": "Original"
    },
    "Zool 2 (Europe)": {
        "secondary_name": "",
        "group_name": "Zool 2",
        "status": "Green",
        "disc_type": "CD",
        "languages": "En",
        "version": "",
        "edition": "Original"
    },
    "Prey - An Alien Encounter (Europe)": {
        "secondary_name": "",
        "group_name": "Prey - An Alien Encounter",
        "status": "Green",
        "disc_type": "CD",
        "languages": "En",
        "version": "",
        "edition": "Original"
    },
    "Pierre Le Chef Is ... Out to Lunch (Europe)": {
        "secondary_name": "",
        "group_name": "Pierre Le Chef Is ... Out to Lunch",
        "status": "Green",
        "disc_type": "CD",
        "languages": "En",
        "version": "",
        "edition": "Original"
    },
    "Defender of the Crown II (USA) (En,Fr,De,Es,It)": {
        "secondary_name": "",
        "group_name": "Defender of the Crown II",
        "status": "Blue",
        "disc_type": "CD",
        "languages": "En, Fr, De, It, Es",
        "version": "",
        "edition": "Original"
    },
    "Beneath a Steel Sky (Europe) (En,Fr,De,It)": {
        "secondary_name": "",
        "group_name": "Beneath a Steel Sky",
        "status": "Green",
        "disc_type": "CD",
        "languages": "En, Fr, De, It",
        "version": "",
        "edition": "Original"
    },
    "Lost Vikings, The (Europe)": {
        "secondary_name": "",
        "group_name": "Lost Vikings, The",
        "status": "Green",
        "disc_type": "CD",
        "languages": "En",
        "version": "",
        "edition": "Original"
    },
    "James Pond 2 - Robocod (Europe)": {
        "secondary_name": "",
        "group_name": "James Pond 2 - Robocod",
        "status": "Blue",
        "disc_type": "CD",
        "languages": "En",
        "version": "",
        "edition": "Original"
    },
    "CD32 Gamer - Playable Game Demos, Demos, Multimedia & Shareware Volume 14 (Europe)": {
        "secondary_name": "",
        "group_name": "CD32 Gamer - Playable Game Demos, Demos, Multimedia & Shareware Volume 14",
        "status": "Blue",
        "disc_type": "CD",
        "languages": "En",
        "version": "",
        "edition": "Bundled with Magazine"
    },
    "Ryder Cup - Johnnie Walker (Europe)": {
        "secondary_name": "",
        "group_name": "Ryder Cup - Johnnie Walker",
        "status": "Green",
        "disc_type": "CD",
        "languages": "En",
        "version": "",
        "edition": "Original"
    },
    "Trivial Pursuit - The CD32 Edition (Europe)": {
        "secondary_name": "",
        "group_name": "Trivial Pursuit - The CD32 Edition",
        "status": "Blue",
        "disc_type": "CD",
        "languages": "En",
        "version": "",
        "edition": "Original"
    },
    "Diggers & Oscar (Europe) (Rev 1)": {
        "secondary_name": "",
        "group_name": "Diggers & Oscar",
        "status": "Green",
        "disc_type": "CD",
        "languages": "En",
        "version": "",
        "edition": "Bundled with Amiga CD32"
    },
    "Wembley International Soccer (Europe)": {
        "secondary_name": "",
        "group_name": "Wembley International Soccer",
        "status": "Blue",
        "disc_type": "CD",
        "languages": "En",
        "version": "",
        "edition": "Original"
    },
    "CD32 Gamer - Playable Game Demos, Demos, Multimedia & Shareware Volume 11 (Europe)": {
        "secondary_name": "",
        "group_name": "CD32 Gamer - Playable Game Demos, Demos, Multimedia & Shareware Volume 11",
        "status": "Green",
        "disc_type": "CD",
        "languages": "En",
        "version": "",
        "edition": "Bundled with Magazine"
    },
    "Liberation - Captive II (Europe)": {
        "secondary_name": "",
        "group_name": "Liberation - Captive II",
        "status": "Green",
        "disc_type": "CD",
        "languages": "En",
        "version": "Ratt V2.00 : Wyvern V1.92",
        "edition": "Original"
    },
    "Wild Cup Soccer (Europe)": {
        "secondary_name": "",
        "group_name": "Wild Cup Soccer",
        "status": "Blue",
        "disc_type": "CD",
        "languages": "En",
        "version": "",
        "edition": "Original"
    },
    "PGA European Tour (Europe)": {
        "secondary_name": "",
        "group_name": "PGA European Tour",
        "status": "Green",
        "disc_type": "CD",
        "languages": "En",
        "version": "",
        "edition": "Original"
    },
    "Roadkill (Europe)": {
        "secondary_name": "",
        "group_name": "Roadkill",
        "status": "Green",
        "disc_type": "CD",
        "languages": "En",
        "version": "",
        "edition": "Original"
    },
    "Labyrinth of Time, The (Europe)": {
        "secondary_name": "",
        "group_name": "Labyrinth of Time, The",
        "status": "Green",
        "disc_type": "CD",
        "languages": "En",
        "version": "",
        "edition": "Original"
    },
    "Amiga CD32 Magazine - Winter 1994 (Europe)": {
        "secondary_name": "",
        "group_name": "Amiga CD32 Magazine - Winter 1994",
        "status": "Blue",
        "disc_type": "CD",
        "languages": "En",
        "version": "",
        "edition": "Bundled with Magazine"
    },
    "Microcosm (Europe)": {
        "secondary_name": "",
        "group_name": "Microcosm",
        "status": "Blue",
        "disc_type": "CD",
        "languages": "En",
        "version": "",
        "edition": "Original"
    },
    "Superfrog (Europe) (Rev 1)": {
        "secondary_name": "",
        "group_name": "Superfrog",
        "status": "Yellow",
        "disc_type": "CD",
        "languages": "En",
        "version": "Rev 1",
        "edition": "Islona"
    },
    "Fields of Glory (Europe) (En,Fr,De)": {
        "secondary_name": "",
        "group_name": "Fields of Glory",
        "status": "Green",
        "disc_type": "CD",
        "languages": "En, Fr, De",
        "version": "",
        "edition": "Original"
    },
    "Diggers & Oscar (Europe) (Rev 1) (Alt)": {
        "secondary_name": "",
        "group_name": "Diggers & Oscar",
        "status": "Blue",
        "disc_type": "CD",
        "languages": "En",
        "version": "",
        "edition": "Bundled with Amiga CD32"
    },
    "Super Skidmarks (Europe) (Alt)": {
        "secondary_name": "",
        "group_name": "Super Skidmarks",
        "status": "Blue",
        "disc_type": "CD",
        "languages": "En",
        "version": "2.2",
        "edition": "Original"
    },
    "Global Effect (Europe)": {
        "secondary_name": "",
        "group_name": "Global Effect",
        "status": "Blue",
        "disc_type": "CD",
        "languages": "En",
        "version": "",
        "edition": "Original"
    },
    "Deep Core (Europe) (v1.01)": {
        "secondary_name": "",
        "group_name": "Deep Core",
        "status": "Blue",
        "disc_type": "CD",
        "languages": "En",
        "version": "1.01",
        "edition": "Original"
    },
    "Amiga Power Techno Nation - Game Massive - The Essential CD32 Collection Volume 1 (Europe)": {
        "secondary_name": "",
        "group_name": "Amiga Power Techno Nation - Game Massive - The Essential CD32 Collection Volume 1",
        "status": "Blue",
        "disc_type": "CD",
        "languages": "En",
        "version": "",
        "edition": "Bundled with Magazine"
    },
    "CD32 Gamer - Playable Game Demos, Demos, Multimedia & Shareware Volume 21 (Europe)": {
        "secondary_name": "",
        "group_name": "CD32 Gamer - Playable Game Demos, Demos, Multimedia & Shareware Volume 21",
        "status": "Blue",
        "disc_type": "CD",
        "languages": "En",
        "version": "",
        "edition": "Bundled with Magazine"
    },
    "Alfred Chicken (Europe)": {
        "secondary_name": "",
        "group_name": "Alfred Chicken",
        "status": "Green",
        "disc_type": "CD",
        "languages": "En",
        "version": "",
        "edition": "Original"
    },
    "Karaoke - Julsanger I (Sweden)": {
        "secondary_name": "",
        "group_name": "Karaoke - Julsanger I",
        "status": "Blue",
        "disc_type": "CD",
        "languages": "Sv",
        "version": "",
        "edition": "Original"
    }
}