{
    "description": {
        "name": [
			"Sony - PlayStation 2"
		],
        "last updated": "19 Apr 2020"
    },

    "compilations": [
        "King of Fighters 2000-2001, The (Europe)",
        "Shadow of the Colossus + Ico (Europe) (En,Fr,De,Es,It)"
    ],

    "overrides": {
		"Kagerou II - Dark Illusion (Japan) (PlayStation 2 the Best)": [
			"Kagerou II - Dark Illusion (Japan, Asia)"
		],
		"Silent Hill 2 (USA) (En,Ja) (v1.20)": [
			"Silent Hill 2 (Europe) (En,Ja,Fr,De,Es,It)",
			"Silent Hill 2 (Japan) (En,Ja)",
			"Silent Hill 2 (Korea) (En,Fr,De,Es,It)"
		],
		"Silent Hill 2 (USA) (En,Ja,Fr,De,Es,It) (v2.01)": [
			"Silent Hill 2 - Director's Cut (Europe) (En,Fr,De,Es,It)",
			"Silent Hill 2 - Saigo no Uta (Japan) (En,Ja)"
		],
		"Tales of Destiny 2 (Japan) (PlayStation 2 the Best)": [
			"Tales of Destiny 2 (Japan, Asia)",
			"Tales of Destiny 2 (Korea)"
		]
	},

    "renames": {
        "007 - From Russia with Love": [
			"007 - Russia yori Ai o Komete"
		],
		"10.000 Bullets": [
			"Tsukiyo ni Saraba"
		],
		"1945 I & II": [
			"Psikyo Shooting Collection Vol. 1 - Strikers 1945 I & II"
		],
		"A-Train 6": [
			"A6 - A Ressha de Ikou 6"
		],
		"AC-DC Live - Rock Band Track Pack": [
			"AC-DC Live - Rock Band"
		],
		"Ace Combat 04 - Shattered Skies": [
			"Ace Combat - Distant Thunder"
		],
		"Ace Combat 5 - The Unsung War": [
			"Ace Combat - Squadron Leader"
		],
		"Ace Combat Zero - The Belkan War": [
			"Ace Combat - The Belkan War"
		],
		"Aces of War": [
			"Reishiki Kanjou Sentouki"
		],
		"Adventures of Cookie & Cream, The": [
			"Kuri Kuri Mix"
		],
		"Adiboo and the Energy Thieves": [
			"Energy Thieves, The"
		],
		"Adventures of Darwin, The": [
			"Darwin"
		],
		"Aero Elite - Combat Academy": [
			"Aero Dancing 4 - New Generation"
		],
		"AFL Live 2004": [
			"AFL Live 2004 - Aussie Rules Football"
		],
		"Ai yori Aoshi (Shokai Genteiban)": [
			"Ai yori Aoshi",
			"SuperLite 2000 Vol. 32 - Ai yori Aoshi"
		],
		"AirForce Delta Strike": [
			"AirForce Delta - Blue Wing Knights",
			"Deadly Skies III"
		],
		"Alarm for Cobra 11 - Vol. II": [
			"Alarm for Cobra 11 Vol. 2 - Hot Pursuit"
		],
		"Alex Ferguson's Player Manager 2001": [
			"DSF Fussball Manager 2002",
			"Guy Roux Manager 2002"
		],
		"Alfa Romeo Racing Italiano": [
			"SCAR - Squadra Corse Alfa Romeo"
		],
		"All-Star Fighters": [
			"Simple 2000 Series Vol. 91 - The All Star Kakutousai"
		],
		"Alpine Racer 3": [
			"Downhill Racer"
		],
		"Altered Beast": [
			"Juuouki - Project Altered Beast"
		],
		"Amagami (ebKore Plus)": [
			"Amagami"
		],
		"Amagoushi no Yakata": [
			"Amagoushi no Yakata - Ichiyanagi Nagomu, Saisho no Junan"
		],
		"American Idol": [
			"Pop Idol"
		],
		"AMF Xtreme Bowling": [
			"AMF Xtreme Bowling 2006"
		],
		"Angelique Etoile (Premium Box)": [
			"Angelique Etoile"
		],
		"Angelique Trois (Premium Box)": [
			"Angelique Trois"
		],
		"Angelique Trois - Aizouban (Shokai Gentei Package)": [
			"Angelique Trois - Aizouban"
		],
		"Anubis - Zone of the Enders - Special Edition (Shokai Genteiban)": [
			"Anubis - Zone of the Enders - Special Edition"
		],
		"Aoi Sora no Neosphere - Nanoca Flanka Hatsumei Koubouki 2 (Shokai Genteiban)": [
			"Aoi Sora no Neosphere - Nanoca Flanka Hatsumei Koubouki 2"
		],
		"Aoi Umi no Tristia - Nanoca Flanka Hatsumei Koubouki (Shokai Genteiban)": [
			"Aoi Umi no Tristia - Nanoca Flanka Hatsumei Koubouki"
		],
		"Ape Escape - Pumped & Primed": [
			"Gacha Mecha Stadium Saru Battle"
		],
		"Ape Escape 2": [
			"Saru! Get You! 2"
		],
		"Ape Escape 3": [
			"Saru! Get You! 3",
			"Zhuo Hou La 3"
		],
		"Aqua Aqua": [
			"Aqua Aqua - Wetrix 2",
			"Aquaqua"
		],
		"Arc the Lad - End of Darkness": [
			"Arc the Lad - Generation"
		],
		"Arc the Lad - Seirei no Tasogare (Premium Box)": [
			"Arc the Lad - Seirei no Tasogare"
		],
		"Arc the Lad - Twilight of the Spirits": [
			"Arc the Lad - Jeongryeongui Hwanghon",
			"Arc the Lad - Jing Ling Zhi Huang Hun",
			"Arc - Twilight of the Spirits"
		],
		"Army Men - Air Attack 2": [
			"Army Men - Air Attack - Blade's Revenge"
		],
		"Armored Core - Last Raven": [
			"Armored Core - Last Raven (Champion Tokubetsu-ban)",
			"Armored Core - Last Raven (Machine Side Box)"
		],
		"Arthur and the Invisibles - The Game": [
			"Arthur and the Minimoys"
		],
		"Artlist Collection - The Dog Island": [
			"Artlist Collection - The Dog Island - Hitotsu no Hana no Monogatari"
		],
		"Asterix & Obelix - Kick Buttix": [
			"Asterix & Obelix XXL"
		],
		"Asterix at the Olympic Games": [
			"Asterix aux Jeux Olympiques"
		],
		"Astro Boy": [
			"Astro Boy - Tetsuwan Atom",
			"Astro Boy Atom"
		],
		"Atelier Iris - Eternal Mana": [
			"Iris no Atelier - Eternal Mana",
			"Iris no Atelier - Eternal Mana (Gust Best Price)"
		],
		"Atelier Iris 2 - The Azoth of Destiny": [
			"Iris no Atelier - Eternal Mana 2"
		],
		"Atelier Iris 3 - Grand Phantasm": [
			"Iris no Atelier - Grand Fantasm"
		],
		"ATV Offroad Fury": [
			"ATV Offroad - All Terrain Vehicle"
		],
		"Bakufuu Slash! Kizuna Arashi (EyeToy Camera Doukonban)": [
			"Bakufuu Slash! Kizuna Arashi"
		],
		"Bakumatsu Renka - Karyuu Kenshiden (Genteiban)": [
			"Bakumatsu Renka - Karyuu Kenshiden"
		],
		"Bad Boys - Miami Takedown": [
			"Bad Boys II"
		],
		"Baldur's Gate - Dark Alliance": [
			"Baldur's Gate - Dark Alliance (Genteiban)"
		],
		"Basketball Xciting": [
			"Simple 2000 Series Vol. 30 - The Street Basketball - 3 on 3"
		],
		"Billiards Xciting": [
			"Simple 2000 Series Vol. 14 - The Billiard"
		],
		"BCV - Battle Construction Vehicles": [
			"Kensetsu Juuki Kenka Battle - Buchigire Kongou!!"
		],
		"Beat Down - Fists of Vengeance": [
			"Beat Down"
		],
		"Big Mutha Truckers": [
			"Bakusou Convoy Densetsu - Otoko Hanamichi America Roman"
		],
		"Big Mutha Truckers 2": [
			"Big Mutha Truckers 2 - Truck Me Harder"
		],
		"Blood Will Tell - Tezuka Osamu's Dororo": [
			"Dororo"
		],
		"Bob the Builder": [
			"Bob the Builder (SLES-54923)"
		],
		"Bob the Builder - Festival of Fun": [
			"Bob O Construtor - Festival do Divertimento"
		],
		"Boboboubo Boubobo - Atsumare!! Taikan Boubobo (EyeToy Camera Doukonban)": [
			"Boboboubo Boubobo - Atsumare!! Taikan Boubobo"
		],
		"Bode Miller Alpine Skiing": [
			"Alpine Skiing 2006 featuring Bode Miller"
		],
		"Bombastic": [
			"XIGO - Zuihou de Touzi"
		],
		"Boxing Champions": [
			"Simple 2000 Series Vol. 7 - The Boxing - Real Fist Fighter"
		],
		"Breath of Fire - Dragon Quarter": [
			"Breath of Fire V - Dragon Quarter"
		],
		"Brian Lara International Cricket 2005": [
			"Ricky Ponting International Cricket 2005"
		],
		"Brian Lara International Cricket 2007": [
			"Ricky Ponting International Cricket 2007"
		],
		"Bistro Cupid 2 (Tokubetsu-ban)": [
			"Bistro Cupid 2"
		],
		"Broken Sword - The Sleeping Dragon": [
			"Baphomets Fluch - Der Schlafende Drache",
			"Chevaliers de Baphomet, Les - Le Manuscrit de Voynich"
		],
		"Brothers in Arms - Earned in Blood": [
			"Brothers in Arms - Meiyo no Daishou"
		],
		"Bujingai - The Forsaken City": [
			"Bujingai",
			"Bujingai - Swordmaster",
			"Muinga"
		],
		"Bully": [
			"Canis Canem Edit"
		],
		"Burnout 2 - Point of Impact": [
			"Burnout 2 - Point of Impact (SLES-52968)"
		],
		"Bust-A-Bloc": [
			"Simple 2000 Series Vol. 5 - The Block Kuzushi Hyper"
		],
		"Buzz! The Big Quiz": [
			"Buzz! Das grosse Quiz",
			"Buzz! El Gran Reto",
			"Buzz! Il Superquiz",
			"Buzz! Le Grand Quiz",
			"Buzz! O Grande Quiz",
			"Buzz! Suuri Tietovisa"
		],
		"Buzz! The Mega Quiz": [
			"Big! Mega Quiz, The",
			"Buzz! Das Mega-Quiz",
			"Buzz! Le Mega Quiz",
			"Buzz! El Mega Concurso",
			"Buzz! Megavisa",
			"Buzz! O Mega Quiz",
			"Buzz! The Maha Quiz"
		],
		"Buzz! The Hollywood Quiz": [
			"Buzz! Hollywood",
			"Buzz! Hollywood Leffavisa",
			"Buzz! Hollywood Quiz"
		],
		"Buzz! The Sports Quiz": [
			"Buzz! Das Sport-Quiz",
			"Buzz! El Gran Concurso de Deportes",
			"Buzz! Sporttivisa",
			"Buzz! Le Quiz du Sport",
			"Buzz! O Quiz Desportivo"
		],
		"Cabela's Dangerous Hunts 2009": [
			"Cabela's Dangerous Adventures"
		],
		"Call of Duty 2 - Big Red One (Collector's Edition)": [
			"Call of Duty 2 - Big Red One"
		],
		"Canvas 2 - Nijiiro no Sketch (DX Pack)": [
			"Canvas 2 - Nijiiro no Sketch"
		],
		"Capcom Classics Collection Vol. 1": [
			"Capcom Classics Collection"
		],
		"Capcom Fighting Evolution": [
			"Capcom Fighting Jam"
		],
		"Capcom vs. SNK 2 - Mark of the Millennium 2001": [
			"Capcom vs. SNK 2 - Millionaire Fighting 2001"
		],
		"Car Racing Challenge": [
			"Simple 2000 Series Vol. 68 - The Tousou Highway - Nagoya-Tokyo"
		],
		"Castle Shikigami 2": [
			"Shikigami no Shiro II",
			"Siksin-ui Seong"
		],
		"Castlevania - Curse of Darkness": [
			"Akumajou Dracula - Yami no Juin"
		],
		"Castlevania - Lament of Innocence": [
			"Castlevania",
			"Castlevania (Genteiban)"
		],
		"Castleween": [
			"Mahou no Pumpkin - Ann to Greg no Daibouken"
		],
		"Championship Manager 5": [
			"Entraineur 5, L' - Saison 04-05",
			"Scudetto 5"
		],
		"Choro Q HG (Jenny Hi-Grade Box)": [
			"Choro Q HG"
		],
		"Chou Battle Houshin (Premium Pack)": [
			"Chou Battle Houshin"
		],
		"Chronicles of Narnia, The - The Lion, the Witch and the Wardrobe": [
			"Cronache di Narnia, Le - Il leone, la strega e l'armadio",
			"Cronicas de Narnia, Las - El Leon, la Bruja y el Armario",
			"Chroniken von Narnia, Die - Der Koenig von Narnia",
			"Opowiesci z Narnii - Lew, Czarownica i Stara Szafa"
		],
		"Clover Heart's - Looking for Happiness (Shokai Genteiban)": [
			"Clover Heart's - Looking for Happiness"
		],
		"Colosseum - Road to Freedom": [
			"Gladiator - Road to Freedom"
		],
		"Conflict - Desert Storm": [
			"Conflict Delta - Wangan Sensou 1991"
		],
		"Conflict - Desert Storm II - Back to Baghdad": [
			"Conflict - Desert Storm II",
			"Conflict Delta II - Wangan Sensou 1991"
		],
		"Conflict - Global Terror": [
			"Conflict - Global Storm"
		],
		"Conflict Zone - Modern War Strategy": [
			"Conflict Zone"
		],
		"Contra - Shattered Soldier": [
			"Shin Contra"
		],
		"Corvette Evolution GT": [
			"Evolution GT"
		],
		"Covert Command": [
			"Simple 2000 Series Vol. 102 - The Hohei - Senjou no Inu-tachi"
		],
		"Crash Bandicoot - The Wrath of Cortex": [
			"Crash Bandicoot 4 - Sakuretsu! Majin Power"
		],
		"Crash Nitro Kart": [
			"Crash Bandicoot - Bakusou! Nitro Kart"
		],
		"Crash Twinsanity": [
			"Crash Bandicoot 5 - Eeee Crash to Cortex no Yabou!"
		],
		"Crazy Chicken X": [],
		"Crazy Frog Arcade Racer": [
			"Crazy Frog Racer 2"
		],
		"Crazy Taxi (Greatest Hits)": [
			"Crazy Taxi"
		],
		"Crimson Sea 2": [
			"Kurenai no Umi 2 - Crimson Sea"
		],
		"Crouching Tiger, Hidden Dragon": [
			"Gako Zouryuu - Crouching Tiger, Hidden Dragon"
		],
		"CSI - Crime Scene Investigation - 3 Dimensions of Murder": [
			"CSI - Crime Scene Investigation"
		],
		"Cy Girls (Disc 1) (Ice)": [
			"Cy Girls (Ice Disc)"
		],
		"Cy Girls (Disc 2) (Aska)": [
			"Cy Girls (Aska Disc)"
		],
		"Cyber Troopers - Virtual-On Marz": [
			"Dennou Senki - Virtual-On Marz"
		],
		"D.C.F.S. - Da Capo - Four Seasons (DX Pack)": [
			"D.C.F.S. - Da Capo - Four Seasons"
		],
		"D.C.II P.S. (Disc 1) (DX Pack)": [
			"D.C.II P.S. (Disc 1)"
		],
		"D.C.II P.S. (Disc 2) (DX Pack)": [
			"D.C.II P.S. (Disc 2)"
		],
		"Dai-2-Ji Super Robot Taisen Alpha (Genteiban Collection Figure Box)": [
			"Dai-2-Ji Super Robot Taisen Alpha"
		],
		"Dai Senryaku VII - Modern Military Tactics Exceed": [
			"Daisenryaku VII - Exceed"
		],
		"Dance Dance Revolution Extreme": [
			"Dancing Stage Fusion",
			"DDR Festival - Dance Dance Revolution"
		],
		"Dance Dance Revolution Extreme 2": [
			"Dance Dance Revolution Strike",
			"Dancing Stage Max"
		],
		"Dance Dance Revolution SuperNova": [
			"Dancing Stage SuperNova"
		],
		"Dance Dance Revolution SuperNova 2": [
			"Dancing Stage SuperNova 2"
		],
		"Dance-UK": [
			"All Music Dance!",
			"Dance Europe"
		],
		"Dance-UK XL": [
			"Dance-UK XL Lite"
		],
		"Dark Cloud 2": [
			"Dark Chronicle"
		],
		"Dawn of Mana": [
			"Seiken Densetsu 4"
		],
		"DDRMAX - Dance Dance Revolution": [
			"Dancing Stage MegaMix",
			"DDRMAX - Dance Dance Revolution 6th MIX"
		],
		"DDRMAX2 - Dance Dance Revolution": [
			"Dancing Stage MegaMix",
			"DDRMAX2 - Dance Dance Revolution 7th MIX"
		],
		"Deadly Strike": [
			"Simple 2000 Series Ultimate Vol. 16 - Sengoku VS Gendai"
		],
		"Death by Degrees": [
			"Tekken's Nina Williams in - Death by Degrees"
		],
		"Deep Water": [
			"Simple 2000 Series Vol. 54 - The Daikaijuu"
		],
		"Defender": [
			"Defender - For All Mankind"
		],
		"DekaVoice (USB Mic Doukonban)": [
			"DekaVoice"
		],
		"Demo Disc Version 2.2": [
			"Demo Disc Version 2.1"
		],
		"Demolition Girl": [
			"Simple 2000 Series Vol. 50 - The Daibijin"
		],
		"Demon Chaos": [
			"Ikusagami",
			"Jeonsin - Ikusagami"
		],
		"Demon Stone": [
			"Forgotten Realms - Demon Stone"
		],
		"Densha de Go! 3 - Tsuukin-hen": [
			"Simple 2000 Series Vol. 22 - The Tsuukin Densha Untenshi - Densha de Go! 3 - Tsuukin-hen"
		],
		"Detonator": [
			"Buile Baku"
		],
		"Deus Ex - The Conspiracy": [
			"Deus Ex"
		],
		"Devil May Cry 2 (Disc 1)": [
			"Devil May Cry 2 (Disc 1) (Dante)"
		],
		"Devil May Cry 2 (Disc 2)": [
			"Devil May Cry 2 (Disc 2) (Lucia)"
		],
		"Devil May Cry 3 - Dante's Awakening": [
			"Devil May Cry 3"
		],
		"Devil May Cry 3 - Dante's Awakening (Special Edition)": [
			"Devil May Cry 3 (Special Edition)"
		],
		"Di Gi Charat Fantasy Excellent (Premium-ban)": [
			"Di Gi Charat Fantasy Excellent (Standard-ban)"
		],
		"Digimon World 4": [
			"Digimon World X"
		],
		"Digimon World - Data Squad": [
			"Digimon Savers - Another Mission"
		],
		"Digital Hitz Factory": [
			"Music 3000"
		],
		"Dino Stalker": [
			"Gun Survivor 3 - Dino Crisis"
		],
		"Disaster Report": [
			"SOS - The Final Escape",
			"Zettai Zetsumei Toshi 2 - Itetsuita Kioku-tachi"
		],
		"Disney Golf": [
			"Disney Golf Classic"
		],
		"Disney Presents Piglet's Big Game": [
			"Disney's Piglet's Big Game",
			"Disneys Ferkels grosses Abenteuer-Spiel",
			"Disney's Knorretje Kleine Grote Held",
			"Disney Piglet el Gran Juego",
			"Disney Pimpi, Piccolo Grande Eroe",
			"Disney Les Aventures de Porcinet"
		],
		"Disney-Pixar Cars": [
			"Disney-Pixar Bilar"
		],
		"Disney-Pixar Cars - Mater-National Championship": [
			"Disney-Pixar Cars - Hook International",
			"Disney-Pixar Cars - La Copa Internacional de Mate",
			"Disney-Pixar Cars - La Coppa Internazionale di Carl Attrezzi"
		],
		"Disney-Pixar Finding Nemo": [
			"Disney-Pixar A Procura de Nemo",
			"Disney-Pixar Alla Ricerca di Nemo"
		],
		"Disney-Pixar Monsters, Inc.": [
			"Disney-Pixar Monsters, Inc. - Scare Island",
			"Disney-Pixar Monster & Co. - L'Isola dello Spavento",
			"Disney-Pixar Monsterit Oy - Saeikkysaari",
			"Disney-Pixar Monsters en Co. - Schrik Eiland",
			"Disney-Pixar Monsters, Inc. - Skraemmaroen",
			"Disney-Pixar Monstres & Cie - L'ile de l'Epouvante",
			"Disney-Pixar Monstruos, S.A. - Isla de los Sustos",
			"Disney-Pixar Die Monster AG - Schreckens-Insel"
		],
		"Disney-Pixar The Incredibles": [
			"Disney-Pixar Gli Incredibili",
			"Disney-Pixar Los Increibles",
			"Disney-Pixar Die Unglaublichen",
			"Incredibles, The - Os Super-Herois"
		],
		"Disney-Pixar Up": [
			"Disney-Pixar Psila ston Ourano",
			"Disney-Pixar Oben"
		],
		"Disney-Pixar WALL-E": [
			"Disney-Pixar WALL-E - Der Letzte raeumt die Erde auf"
		],
		"Disney's Chicken Little": [
			"Disney Chicken Little",
			"Disneys Himmel und Huhn"
		],
		"Disney's Chicken Little - Ace in Action": [
			"Disneys Himmel und Huhn - Ace in Action",
			"Disney Chicken Little - As en Accion",
			"Disney Chicken Little - Asso Spaziale!",
			"Disney Chicken Little - Aventures Intergalactiques"
		],
		"Disney's Donald Duck - Goin' Quackers": [
			"Disney's Donald Duck - Quack Attack"
		],
		"Disney's PK - Out of the Shadows": [
			"Disney's Donald Duck PK"
		],
		"Disney's Tarzan - Untamed": [
			"Disney's Tarzan - Freeride"
		],
		"Disney's Winnie the Pooh's Rumbly Tumbly Adventure": [
			"Disney Urodzinowe Przygody Kubusia"
		],
		"DJbox (Premium Kit)": [
			"DJbox"
		],
		"DNA - Dark Native Apostle": [
			"D.N.A. - Dark Native Apostle"
		],
		"DOA2 - Hardcore": [
			"Dead or Alive 2"
		],
		"Dot Hack G.U. Vol. 1 - Rebirth": [
			"Dot Hack G.U. Vol. 1 - Saitan"
		],
		"Dot Hack G.U. Vol. 2 - Reminisce": [
			"Dot Hack G.U. Vol. 2 - Kimi Omou Koe"
		],
		"Dot Hack G.U. Vol. 3 - Redemption": [
			"Dot Hack G.U. Vol. 3 - Aruku You na Hayasa de"
		],
		"Dot Hack Part 1 - Infection": [
			"Dot Hack Kansen Kakudai Vol. 1",
			"Dot Hack Vol. 1 - Infection"
		],
		"Dot Hack Part 2 - Mutation": [
			"Dot Hack Akusei Hen'i Vol. 2",
			"Dot Hack Vol. 2 - Mutation"
		],
		"Dot Hack Part 3 - Outbreak": [
			"Dot Hack Shinshoku Osen Vol. 3",
			"Dot Hack Vol. 3 - Outbreak"
		],
		"Dot Hack Part 4 - Quarantine": [
			"Dot Hack Zettai Houi Vol. 4"
		],
		"Dr. Seuss' The Cat in the Hat": [
			"Cat in the Hat, The"
		],
		"Dragon Ball Z - Budokai 2": [
			"Dragon Ball Z 2V"
		],
		"Dragon Ball Z - Budokai 3 (Greatest Hits)": [
			"Dragon Ball Z - Budokai 3",
			"Dragon Ball Z 3"
		],
		"Dragon Ball Z - Budokai Tenkaichi": [
			"Dragon Ball Z Sparking!"
		],
		"Dragon Ball Z - Budokai Tenkaichi 2": [
			"Dragon Ball Z Sparking! Neo"
		],
		"Dragon Ball Z - Budokai Tenkaichi 3": [
			"Dragon Ball Z Sparking! Meteor"
		],
		"Dragon Quest VIII - Journey of the Cursed King": [
			"Dragon Quest - The Journey of the Cursed King",
			"Dragon Quest VIII - Sora to Umi to Daichi to Norowareshi Himegimi",
			"Dragon Quest VIII Premium Disc"
		],
		"Dragon Sisters": [
			"Simple 2000 Series Vol. 87 - The Nadeshiko"
		],
		"Drakengard": [
			"Drag-on Dragoon"
		],
		"Drakengard 2": [
			"Drag-on Dragoon 2 - Fuuin no Aka, Haitoku no Kuro"
		],
		"DreamWorks Madagascar - Escape 2 Africa": [
			"DreamWorks Madagaskar 2"
		],
		"DreamWorks Over the Hedge": [
			"DreamWorks La Gang del Bosco",
			"DreamWorks Vecinos Invasores",
			"Pa Andra Sidan Haecken"
		],
		"DreamWorks Shark Tale": [
			"DreamWorks Hajar som Hajar"
		],
		"Driver - Parallel Lines (Limited Edition)": [
			"Driver - Parallel Lines"
		],
		"Duel Masters": [
			"Duel Masters - Birth of Super Dragon"
		],
		"DVD Player Version 2.14": [
			"DVD Player Version 2.01",
			"DVD Player Version 2.10",
			"DVD Player Version 2.12",
			"DVD Player Version 2.16",
			"DVD Player Version 3.00",
			"DVD Player Version 3.04"
		],
		"Dynasty Tactics": [
			"San Guo Zhi Zhan Ji",
			"Sangokushi Senki"
		],
		"Dynasty Tactics 2": [
			"Sangokushi Senki 2",
			"Sangokushi Senki 2 (Sangokushi no Sekai Duo Treasure Box)"
		],
		"Dynasty Warriors - Gundam 2": [
			"Gundam Musou 2"
		],
		"Dynasty Warriors 2": [
			"Shin Sangoku Musou",
			"Shin Sangoku Musou (Shin Sangoku Musou Series Collection Joukan)"
		],
		"Dynasty Warriors 3": [
			"Jin Samguk Mussang 2",
			"Shin Sangoku Musou 2",
			"Shin Sangoku Musou 2 (Shin Sangoku Musou Series Collection Joukan)",
			"Zhen San Guo Wu Shuang 2"
		],
		"Dynasty Warriors 3 - Xtreme Legends": [
			"Jin Samguk Mussang 2 - Maengjangjeon",
			"Shin Sangoku Musou 2 - Moushouden",
			"Shin Sangoku Musou 2 - Moushouden (Shin Sangoku Musou Series Collection Joukan)"
		],
		"Dynasty Warriors 4": [
			"Jin Samguk Mussang 3",
			"Shin Sangoku Musou 3",
			"Shin Sangoku Musou 3 (Shin Sangoku Musou Series Collection Joukan)"
		],
		"Dynasty Warriors 4 - Empires": [
			"Jin Samguk Mussang 3 - Empires",
			"Shin Sangoku Musou 3 - Empires"
		],
		"Dynasty Warriors 4 - Xtreme Legends": [
			"Jin Samguk Mussang 3 - Maengjangjeon",
			"Shin Sangoku Musou 3 - Moushouden",
			"Shin Sangoku Musou 3 - Moushouden (Shin Sangoku Musou Series Collection Joukan)",
			"Shin Sangoku Musou 3 - Moushouden (Super Value Set)"
		],
		"Dynasty Warriors 5": [
			"Jin Samguk Mussang 4",
			"Shin Sangoku Musou 4"
		],
		"Dynasty Warriors 5 - Empires": [
			"Shin Sangoku Musou 4 - Empires",
			"Shin Sangoku Musou 4 - Empires (Super Premium Box)"
		],
		"Dynasty Warriors 5 - Xtreme Legends": [
			"Jin Samguk Mussang 4 - Maengjangjeon",
			"Shin Sangoku Musou 4 - Moushouden",
			"Shin Sangoku Musou 4 - Moushouden (Super Premium Box)"
		],
		"Dynasty Warriors 6": [
			"Shin Sangoku Musou 5 Special (Disc 1)",
			"Shin Sangoku Musou 5 Special (Disc 2)",
			"Jin Samguk Mussang 5 Special"
		],
		"E.O.E - Eve of Extinction": [
			"E.O.E - Eve of Extinction - Houkai no Zen'ya"
		],
		"Eagle Eye Golf": [
			"Enjoy Golf!"
		],
		"Echo Night - Beyond": [
			"Nebula - Echo Night"
		],
		"Edel Blume (Genteiban)": [
			"Edel Blume"
		],
		"Ef - A Fairy Tale of the Two. (Shokai Gentei Tokubetsu Doukonban)": [
			"Ef - A Fairy Tale of the Two."
		],
		"Egg Mania - Eggstreme Madness": [
			"Eggo Mania",
			"Egg Mania - Tsukande! Mawashite! Dossun Puzzle!!"
		],
		"Energy Airforce - Aim Strike!": [
			"Energy Airforce AimStrike!"
		],
		"Enthusia - Professional Racing": [
			"Enthusia Professional Racing"
		],
		"Escape from Monkey Island": [
			"Flucht von Monkey Island",
			"Fuga da Monkey Island",
			"Fuga de Monkey Island, La"
		],
		"ESPN International Track & Field": [
			"Ganbare! Nippon! Olympic 2000"
		],
		"ESPN International Winter Sports 2002": [
			"ESPN International Winter Sports",
			"Hyper Sports 2002 Winter"
		],
		"ESPN NBA 2Night 2002": [
			"NBA 2Night 2002"
		],
		"ESPN Winter X Games Snowboarding": [
			"Winter X Games Snowboarding"
		],
		"ESPN X Games Skateboarding": [
			"X Games Skateboarding"
		],
		"Eternal Poison": [
			"Poison Pink"
		],
		"Eternal Quest": [
			"Simple 2000 Series Vol. 20 - The Dungeon RPG - Shinobi - Mamono no Sumu Shiro"
		],
		"Eureka Seven Vol. 1 - The New Wave": [
			"Eureka Seven TR1 - New Wave",
			"Eureka Seven TR1 - New Wave Graduation"
		],
		"Eureka Seven Vol. 2 - The New Vision": [
			"Eureka Seven - New Vision"
		],
		"Eve - Burst Error Plus (Genteiban DVD-Box)": [
			"Eve - Burst Error Plus"
		],
		"Eve - New Generation (DX Pack)": [
			"Eve - New Generation"
		],
		"Ever 17 - The Out of Infinity Premium Edition": [
			"Ever 17 - The Out of Infinity (Infinity Plus)",
			"Ever 17 - The Out of Infinity (Shokai Genteiban)",
			"SuperLite 2000 Vol. 24 - Ever 17 - The Out of Infinity - Premium Edition"
		],
		"Evil Dead - A Fistful of Boomstick": [
			"Evil Dead - A Fistful of Boomstick (SLES-51588)"
		],
		"EX Jinsei Game (Roulette Controller Doukonban)": [
			"EX Jinsei Game"
		],
		"Exciting Pro Wres 3 (Genteiban)": [
			"Exciting Pro Wres 3"
		],
		"Exciting Pro Wres 5 (Shokai Genteiban)": [
			"Exciting Pro Wres 5"
		],
		"EyeToy - Furi Furi Dance Tengoku (EyeToy Camera Doukonban)": [
			"EyeToy - Furi Furi Dance Tengoku"
		],
		"EyeToy - Operation Spy": [
			"SpyToy"
		],
		"EyeToy - Play 2": [
			"EyeToy - Play 2 (EyeToy Camera Doukonban)"
		],
		"Fantavision": [
			"Fantavision - For You and Me"
		],
		"Fahrenheit": [
			"Indigo Prophecy"
		],
		"Fatal Frame": [
			"Project Zero",
			"Zero"
		],
		"Fatal Frame II - Crimson Butterfly": [
			"Project Zero II - Crimson Butterfly",
			"Zero - Akai Chou"
		],
		"Fatal Frame III - The Tormented": [
			"Project Zero 3",
			"Zero - Shisei no Koe"
		],
		"FIFA 2001": [
			"FIFA 2001 - World Championship"
		],
		"FIFA Soccer 06": [
			"FIFA 06"
		],
		"FIFA Soccer 07": [
			"FIFA 07"
		],
		"FIFA Soccer 08": [
			"FIFA 08"
		],
		"FIFA Soccer 09": [
			"FIFA 09"
		],
		"FIFA Soccer 10": [
			"FIFA 10"
		],
		"FIFA Soccer 11": [
			"FIFA 11"
		],
		"FIFA Soccer 12": [
			"FIFA 12"
		],
		"FIFA Soccer 2002": [
			"FIFA 2002 - Road to FIFA World Cup",
			"FIFA Football 2002"
		],
		"FIFA Soccer 2003": [
			"FIFA 2003 - Europe Soccer",
			"FIFA Football 2003"
		],
		"FIFA Soccer 2004": [
			"FIFA Football 2004"
		],
		"FIFA Soccer 2005": [
			"FIFA Football 2005"
		],
		"Fighting Fury": [
			"Grappler Baki - Baki Saikyou Retsuden"
		],
		"Final Approach 2 - 1st Priority (Shokai Genteiban)": [
			"Final Approach 2 - 1st Priority"
		],
		"Final Fantasy X": [
			"Final Fantasy X International"
		],
		"Final Fantasy XI - Online": [
			"Final Fantasy XI - Entry Disc 2005"
		],
		"Final Fantasy XI - Online - Chains of Promathia": [
			"Final Fantasy XI - Promathia no Jubaku"
		],
		"Final Fantasy XI - Online - Treasures of Aht Urhgan": [
			"Final Fantasy XI - Aht Urhgan no Hihou"
		],
		"Final Fantasy XI - Online - Vana'diel Collection 2008": [
			"Final Fantasy XI - Vana'diel Collection"
		],
		"Final Fantasy XI - Online - Wings of the Goddess Expansion Pack": [
			"Final Fantasy XI - Altana no Shinpei"
		],
		"Final Fantasy XI - Zilart no Gen'ei (All in One Pack 2003)": [
			"Final Fantasy XI - Zilart no Gen'ei"
		],
		"Final Fantasy XII": [
			"Final Fantasy XII International - Zodiac Job System"
		],
		"Finny the Fish & the Seven Waters": [
			"Uo - 7-tsu no Mizu to Densetsu no Nushi"
		],
		"Fire Pro Wrestling Z (Toujien Doukon Box Saishuu-ban)": [
			"Fire Pro Wrestling Z"
		],
		"Fitness Fun": [
			"Simple 2000 Series Ultimate Vol. 18 - Love - Aerobi"
		],
		"Fisherman's Bass Club": [
			"Bass Master Fishing"
		],
		"FlatOut": [
			"Racing Game - Chuui!!!!"
		],
		"Flipnic - Ultimate Pinball": [
			"Flipnic"
		],
		"Flying Circus - RC Copter Adventure Championship (Propo-gata Controller Doukonban)": [
			"Flying Circus - RC Copter Adventure Championship"
		],
		"Forbidden Siren 2": [
			"Si Hun Qu",
			"Siren 2"
		],
		"Ford Bold Moves Street Racing": [
			"Ford Street Racing",
			"Ford Street Racing XR Edition"
		],
		"Ford Racing - Off Road": [
			"Off Road"
		],
		"Forever Kingdom": [
			"Evergrace II"
		],
		"Forty 4 Party": [
			"Simple 2000 Series Vol. 2 - The Party Game"
		],
		"Freekstyle": [
			"Freekstyle Motocross"
		],
		"Friends - The One with All the Trivia": [
			"Friends - Celui Qui Repond A Toutes les Questions",
			"Friends - Das Trivia Game"
		],
		"Frogger Beyond": [
			"Frogger"
		],
		"Front Mission 5 - Scars of the War (Ultimate Hits)": [
			"Front Mission 5 - Scars of the War"
		],
		"Fugitive Hunter - War on Terror": [
			"10 Most Wanted",
			"America's 10 Most Wanted"
		],
		"Fullmetal Alchemist 2 - Curse of the Crimson Elixir": [
			"Hagane no Renkinjutsushi 2 - Akaki Elixir no Akuma"
		],
		"Fullmetal Alchemist and the Broken Angel": [
			"Hagane no Renkinjutsushi - Tobenai Tenshi"
		],
		"Furasera - Hurrah! Sailor (Shokai Genteiban)": [
			"Furasera - Hurrah! Sailor"
		],
		"Fushigi no Umi no Nadia - Inherit the Blue Water (Collector's Edition)": [
			"Fushigi no Umi no Nadia - Inherit the Blue Water"
		],
		"Futakoi Alternative - Koi to Shoujo to Machine Gun (Shokai Genteiban)": [
			"Futakoi Alternative - Koi to Shoujo to Machine Gun"
		],
		"Fuuun Bakumatsuden": [
			"Pungun Sinseonjo"
		],
		"G-Taste Mahjong (Special Ban)": [
			"G-Taste Mahjong"
		],
		"G1 Jockey": [
			"GI Jockey 2 2001",
			"GI Jockey 2 2001 (Super Value Set)"
		],
		"G1 Jockey 3": [
			"GI Jockey 3",
			"GI Jockey 3 (Premium Pack)",
			"GI Jockey 3 - 2005 Nendo-ban"
		],
		"GI Jockey 3 2003 (Premium Pack)": [
			"GI Jockey 3 2003"
		],
		"G1 Jockey 4": [
			"GI Jockey 4",
			"GI Jockey 4 (Twin Pack)"
		],
		"Gadget Racers": [
			"Choro Q HG 3",
			"Penny Racers"
		],
		"Gakuen Utopia - Manabi Straight! Kira Kira Happy Festa! (Genteiban)": [
			"Gakuen Utopia - Manabi Straight! Kira Kira Happy Festa!"
		],
		"Galactic Wrestling featuring Ultimate Muscle - The Kinnikuman Legacy": [
			"Kinnikuman Generations"
		],
		"Gallop Racer 2001": [
			"Gallop Racer 5"
		],
		"Gallop Racer 2003 - A New Breed": [
			"Attheraces Presents Gallop Racer",
			"Gallop Racer 6 - Revolution"
		],
		"Gallop Racer 2004": [
			"Gallop Racer - Lucky 7",
			"Gallop Racer 2"
		],
		"Gallop Racer 2006": [
			"Gallop Racer 8 - Live Horse Racing"
		],
		"Generation of Chaos (Genteiban)": [
			"Generation of Chaos"
		],
		"Generation of Chaos III - Toki no Fuuin (Eikyuu Hozon Box)": [
			"Generation of Chaos III - Toki no Fuuin"
		],
		"Generation of Chaos Next - Ushinawareshi Kizuna (Genteiban)": [
			"Generation of Chaos Next - Ushinawareshi Kizuna"
		],
		"Gensou Suikoden III": [
			"Gensou Suikoden III (Shokai Genteiban)"
		],
		"Gensou Suikoden IV (Genteiban)": [
			"Gensou Suikoden IV",
			"Gensou Suikoden IV (Shokai Seisanban)"
		],
		"Gensou Suikoden V (Genteiban)": [
			"Gensou Suikoden V"
		],
		"Genji - Dawn of the Samurai": [
			"Genji"
		],
		"George of the Jungle and the Search for the Secret": [
			"George of the Jungle"
		],
		"Getsumento Heiki Mina - Futatsu no Project M (Genteiban)": [
			"Getsumento Heiki Mina - Futatsu no Project M"
		],
		"Ghost in the Shell - Stand Alone Complex": [
			"Gonggak Gidongdae - Stand Alone Complex"
		],
		"GigaWing Generations": [
			"Yokushin - GigaWing Generations"
		],
		"Gitaroo Man": [
			"Gitaroo Man One"
		],
		"Gladiator - Sword of Vengeance": [
			"Gladiator - Schwert der Rache"
		],
		"Glass Rose": [
			"Garasu no Bara"
		],
		"Global Defence Force": [
			"Simple 2000 Series Vol. 81 - The Chikyuu Boueigun 2"
		],
		"Global Defence Force Tactics": [
			"Simple 2000 Series Vol. 103 - The Chikyuu Boueigun Tactics"
		],
		"Global Touring Challenge - Africa": [
			"GTC Africa"
		],
		"Go Go Golf": [
			"Magical Sports GoGoGolf"
		],
		"God of War": [
			"God of War - Yeonghonui Banyeokja"
		],
		"God of War II": [
			"God of War II - Shuuen e no Jokyoku"
		],
		"Godfather, The - The Game (Limited Edition)": [
			"Godfather, The",
			"Godfather, The - The Game",
			"Padrino, El",
			"Padrino, Il",
			"Parrain, Le",
			"Pate, Der"
		],
		"Godzilla - Save the Earth": [
			"Godzilla - Kaijuu Dairantou - Chikyuu Saishuu Kessen"
		],
		"GoldenEye - Rogue Agent": [
			"GoldenEye - Agente Corrupto",
			"GoldenEye - Au Service du Mal",
			"GoldenEye - Dark Agent"
		],
		"Golf Paradise DX": [
			"Golf Paradise"
		],
		"Gradius III and IV": [
			"Gradius III and IV - Fukkatsu no Shinwa"
		],
		"Graffiti Kingdom": [
			"Rakugaki Oukoku 2 - Maou-jou no Tatakai"
		],
		"Gran Turismo 4": [
			"Gran Turismo 4 (PlayStation 2 Racing Pack)"
		],
		"Gran Turismo 4 - Prologue": [
			"Gran Turismo 4 - Prologue (PlayStation 2 Racing Pack Doukonban)"
		],
		"Grand Theft Auto - San Andreas": [
			"Grand Theft Auto - San Andreas (Rockstar Classics)"
		],
		"Grand Theft Auto - Vice City": [
			"Grand Theft Auto - Vice City (Rockstar Classics)"
		],
		"Grand Theft Auto III": [
			"Grand Theft Auto III (Rockstar Classics)"
		],
		"Great British Football Quiz, The": [
			"Grande quiz sul calcio italiano, Il",
			"Grosse deutsche Fussball-Quiz, Das",
			"Grote Nederlandse Voetbalquiz, De",
			"Maxi Quiz du Foot Francais"
		],
		"Gregory Horror Show": [
			"Gregory Horror Show - Soul Collector"
		],
		"GrimGrimoire": [
			"GrimGrimoire (Shokai Seisanban)"
		],
		"Growlanser Generations (Disc 1) (Growlanser II - The Sense of Justice)": [
			"Growlanser II - The Sense of Justice",
			"Growlanser II - The Sense of Justice (Deluxe Pack)"
		],
		"Growlanser Generations (Disc 2) (Growlanser III - The Dual Darkness)": [
			"Growlanser III - The Dual Darkness",
			"Growlanser III - The Dual Darkness (Moe-Moe Lucky Pack)"
		],
		"Growlanser IV - Wayfarer of the Time (Deluxe Pack)": [
			"Growlanser IV - Wayfarer of the Time"
		],
		"Growlanser V - Generations (Shokai Genteiban)": [
			"Growlanser V - Generations"
		],
		"Guilty Gear X2 Reload - The Midnight Carnival": [
			"Guilty Gear XX Reload - The Midnight Carnival"
		],
		"Guitar Hero - Smash Hits": [
			"Guitar Hero - Greatest Hits"
		],
		"Guitar Hero Encore - Rocks the 80s": [
			"Guitar Hero - Rocks the 80s"
		],
		"Gunbird Special Edition": [
			"Gunbird - Premium Package"
		],
		"Guncom 2": [
			"Death Crimson OX+"
		],
		"Gungrave - Overdose": [
			"Gungrave OD"
		],
		"Hakarena Heart - Kimi ga Tame ni Kagayaki o (Genteiban)": [
			"Hakarena Heart - Kimi ga Tame ni Kagayaki o"
		],
		"Hakuouki - Shinsengumi Kitan (Genteiban)": [
			"Hakuouki - Shinsengumi Kitan"
		],
		"Hanabi Hyakkei (Tokutenban)": [
			"Hanabi Hyakkei"
		],
		"Hanjuku Hero tai 3D": [
			"Bansuk Yeongung vs 3D"
		],
		"Hannspree Ten Kate Honda SBK - Superbike World Championship": [
			"SBK-07 - Superbike World Championship"
		],
		"Hard Hitter Tennis": [
			"Centre Court - Hard Hitter",
			"Hard Hitter"
		],
		"Hard Knock High": [
			"Simple 2000 Series Vol. 107 - The Honoo no Kakutou Banchou"
		],
		"Hardware - Online Arena": [
			"Gangcheol Gigap Sadan - Online Battlefield"
		],
		"Harley-Davidson Motorcycles - Race to the Rally": [
			"Harley-Davidson Motor Cycles"
		],
		"Harry Potter and the Chamber of Secrets": [
			"Harry Potter e a Camara dos Segredos",
			"Harry Potter e la Camera dei Segreti",
			"Harry Potter en de Geheime Kamer",
			"Harry Potter et la Chambre des Secrets",
			"Harry Potter ja Salaisuuksien Kammio",
			"Harry Potter och Hemligheternas Kammare",
			"Harry Potter og Mysteriekammeret",
			"Harry Potter to Himitsu no Heya",
			"Harry Potter und die Kammer des Schreckens",
			"Harry Potter y la Camara Secreta"
		],
		"Harry Potter and the Order of the Phoenix": [
			"Harry Potter to Fushichou no Kishidan"
		],
		"Harry Potter and the Prisoner of Azkaban": [
			"Harry Potter i Wiezien Azkabanu",
			"Harry Potter to Azkaban no Shuujin"
		],
		"Harry Potter and the Sorcerer's Stone": [
			"Harry Potter and the Philosopher's Stone",
			"Harry Potter to Kenja no Ishi"
		],
		"Harukanaru Toki no Naka de - Hachiyou-shou (Premium Box)": [
			"Harukanaru Toki no Naka de - Hachiyou-shou",
			"Harukanaru Toki no Naka de - Hachiyou-shou (History Box)"
		],
		"Harukanaru Toki no Naka de 2 (Premium Box)": [
			"Harukanaru Toki no Naka de 2"
		],
		"Harukanaru Toki no Naka de 3 (Triple Pack)": [
			"Harukanaru Toki no Naka de 3",
			"Harukanaru Toki no Naka de 3 (History Box)"
		],
		"Harukanaru Toki no Naka de 3 - Izayoiki (Triple Pack)": [
			"Harukanaru Toki no Naka de 3 - Izayoiki"
		],
		"Harukanaru Toki no Naka de 3 - Unmei no Labyrinth (Triple Pack)": [
			"Harukanaru Toki no Naka de 3 - Unmei no Labyrinth"
		],
		"Hasbro Family Game Night": [
			"Hasbro Familien-Spieleabend",
			"Hasbro Family Party"
		],
		"Harvest Moon - A Wonderful Life - Special Edition": [
			"Bokujou Monogatari - Oh! Wonderful Life"
		],
		"Harvest Moon - Save the Homeland": [
			"Bokujou Monogatari 3 - Heart ni Hi o Tsukete"
		],
		"Haunting Ground": [
			"Demento"
		],
		"Hawk Kawasaki Racing": [
			"Hawk Superbike Racing"
		],
		"Heartbeat Boxing": [
			"Simple 2000 Series Ultimate Vol. 6 - Love - Upper!"
		],
		"Heavenly Guardian": [
			"Legend of Sayuki",
			"Yukinko Daisenpuu - Sayuki to Koyuki no Hie Hie Daisoudou"
		],
		"Hisui no Shizuku - Hiiro no Kakera 2 (Genteiban)": [
			"Hisui no Shizuku - Hiiro no Kakera 2"
		],
		"Hitman 2 - Silent Assassin": [
			"Hitman - Silent Assassin"
		],
		"Horsez": [
			"Pippa Funnell - Take the Reins"
		],
		"Hot Shots Golf 3": [
			"Minna no Golf 3"
		],
		"Hot Shots Golf Fore!": [
			"Everybody's Golf",
			"Everybody's Golf 4"
		],
		"Hot Shots Tennis": [
			"Everybody's Tennis",
			"Minna no Tennis"
		],
		"Houshin Engi 2 (Premium Pack)": [
			"Houshin Engi 2"
		],
		"HSX - HyperSonic.Xtreme": [
			"G-Surfers"
		],
		"Hyper Street Fighter II - The Anniversary Edition": [
			"Hyper Street Fighter II - The Anniversary Edition (CapKore)"
		],
		"Ice Age - Dawn of the Dinosaurs": [
			"Era Glaciale 3, L' - L'Alba dei Dinosauri",
			"Ice Age 3 - Dawn of the Dinosaurs"
		],
		"Ichigeki Satchuu!! Hoihoi-san (Genteiban)": [
			"Ichigeki Satchuu!! Hoihoi-san"
		],
		"Idol Janshi Suchie-Pai IV (Collector's Edition)": [
			"Idol Janshi Suchie-Pai IV"
		],
		"Iinazuke (Shokai Genteiban)": [
			"Iinazuke"
		],
		"IndyCar Series featuring the Indianapolis 500": [
			"IndyCar Series"
		],
		"Indiana Jones and the Emperor's Tomb": [
			"Indiana Jones e la Tomba dell'Imperatore",
			"Indiana Jones et le Tombeau de l'Empereur",
			"Indiana Jones y la Tumba del Emperador",
			"Indiana Jones und die Legende der Kaisergruft"
		],
		"Innocent Life - A Futuristic Harvest Moon - Special Edition": [
			"Shin Bokujou Monogatari - Pure - Innocent Life"
		],
		"Inuyasha - The Secret of the Cursed Mask": [
			"Inuyasha - Juso no Kamen"
		],
		"Initial D - Special Stage": [
			"Initial D - Special Stage (Koudansha Kenshouhin)"
		],
		"Intellivision Lives!": [
			"Intellivision Lives - The History of Video Gaming"
		],
		"Iron Aces 2 - Birds of Prey": [
			"Kuusen"
		],
		"Iron Man": [
			"Iron Man - The Official Videogame"
		],
		"Iron Sea": [
			"Simple 2000 Series Vol. 51 - The Senkan"
		],
		"Jak and Daxter - The Precursor Legacy": [
			"Jak x Daxter - Kyuu Sekai no Isan"
		],
		"Jak II": [
			"Jak II - Jak x Daxter 2",
			"Jak II - Renegade"
		],
		"Jak X - Combat Racing": [
			"Jak X"
		],
		"Jet Ion GP": [
			"Hresvelgr - International Edition"
		],
		"Jet Li - Rise to Honor": [
			"Jet Li - Rise to Honour"
		],
		"Jissen Pachi-Slot Hisshouhou! Aladdin A (Shokai Genteiban)": [
			"Jissen Pachi-Slot Hisshouhou! Aladdin A"
		],
		"Jissen Pachi-Slot Hisshouhou! Hokuto no Ken (Shokai Genteiban)": [
			"Jissen Pachi-Slot Hisshouhou! Hokuto no Ken"
		],
		"Jissen Pachi-Slot Hisshouhou! Moujuuou S (Shokai Genteiban)": [
			"Jissen Pachi-Slot Hisshouhou! Moujuuou S"
		],
		"Jissen Pachi-Slot Hisshouhou! Salaryman Kintarou (Shokai Genteiban)": [
			"Jissen Pachi-Slot Hisshouhou! Salaryman Kintarou"
		],
		"Juiced 2 - Hot Import Nights": [
			"Drift Nights - Juiced 2"
		],
		"Jurassic Park - Operation Genesis": [
			"Keiei Simulation - Jurassic Park"
		],
		"K-1 World Grand Prix": [
			"K-1 World GP",
			"K-1 World Grand Prix - The Beast Attack!"
		],
		"Kaido Racer": [
			"Kaidou Battle 2 - Chain Reaction"
		],
		"Kamaitachi no Yoru 2 - Kangoku-jima no Warabe-uta (Special Eizou CD)": [
			"Kamaitachi no Yoru 2 - Kangoku-jima no Warabe-uta",
			"Kamaitachi no Yoru 2 - Kangoku-jima no Warabe-uta (Special Box)"
		],
		"Kanuchi - Shiroki Tsubasa no Shou (Tokubetsu Genteiban)": [
			"Kanuchi - Shiroki Tsubasa no Shou"
		],
		"Karaoke Revolution": [
			"Karaoke Stage"
		],
		"Karaoke Revolution Party": [
			"Karaoke Stage 2"
		],
		"Kelly Slater's Pro Surfer": [
			"Kelly Slater's Pro Surfer 2003"
		],
		"Kengo - Master of Bushido": [
			"Kengou"
		],
		"Kenka Banchou": [
			"Kenka Banchou (Shokai Seisanban)"
		],
		"Keroro Gunsou - Mero Mero Battle Royale": [
			"Gaeguri Jungsa Keroro - Bulkkottwineun Battle Royale Z"
		],
		"Kessen": [
			"Kessen (Super Value Set)"
		],
		"Kessen II": [
			"Kessen II (Super Value Set)"
		],
		"Kidou Senshi Gundam Senki - Lost War Chronicles (Limited Box)": [
			"Kidou Senshi Gundam Senki - Lost War Chronicles"
		],
		"Kidou Senshi Z Gundam - AEUG vs. Titans (100-shiki Gold Pack PlayStation 2 Doukonban)": [
			"Kidou Senshi Z Gundam - A.E.U.G. vs. Titans"
		],
		"Kimi ga Aruji de Shitsuji ga Ore de - Otsukae Nikki (Shokai Genteiban)": [
			"Kimi ga Aruji de Shitsuji ga Ore de - Otsukae Nikki"
		],
		"Kin'iro no Corda 2 (Premium Box)": [
			"Kin'iro no Corda 2"
		],
		"Kindan no Pet - Seaman - Gaze Hakase no Jikken-tou (Sea-Mic Controller Original Doukonban)": [
			"Kindan no Pet - Seaman - Gaze Hakase no Jikken-tou (Sea-Mic Controller Doukonban)"
		],
		"King of Fighters '94, The - Re-Bout (Special Genteiban)": [
			"King of Fighters '94, The - Re-Bout"
		],
		"Kingdom Hearts - Final Mix (Platinum Limited)": [
			"Kingdom Hearts - Final Mix"
		],
		"King of Fighters 2002, The - Challenge to Ultimate Battle": [
			"King of Fighters 2002, The",
			"King of Fighters 2002, The (SNK Best Collection)"
		],
		"King of Fighters 2006, The": [
			"King of Fighters, The - Maximum Impact 2",
			"KOF2 - Maximum Impact II",
			"KOF2 - Maximum Impact II (Shokai Seisanban)"
		],
		"King's Field - The Ancient City": [
			"King's Field IV"
		],
		"Kishin Houkou Demonbane (DX Pack)": [
			"Kishin Houkou Demonbane",
			"Kishin Houkou Demonbane (Kadokawa the Best)"
		],
		"Klonoa 2 - Lunatea's Veil": [
			"Kaze no Klonoa 2 - Sekai ga Nozonda Wasuremono"
		],
		"KOF - Maximum Impact": [
			"King of Fighters, The - Maximum Impact"
		],
		"Kokoro no Tobira (Shokai Genteiban)": [
			"Kokoro no Tobira"
		],
		"Konjiki no Gashbell!! Go! Go! Mamono Fight!! (Multi Tap (SCPH-70120) Doukonban)": [
			"Konjiki no Gashbell!! Go! Go! Mamono Fight!!",
			"Konjiki no Gashbell!! Go! Go! Mamono Fight!! (Multi Tap (SCPH-10090) Doukonban)"
		],
		"Konohana 2 - Todokanai Requiem": [
			"SuperLite 2000 Vol. 6 - Konohana 2 - Todokanai Requiem"
		],
		"Kowloon Youma Gakuenki (Deluxe Pack)": [
			"Kowloon Youma Gakuenki"
		],
		"Kujibiki Unbalance - Kaichou Onegai Smash Fight (Shokai Genteiban)": [
			"Kujibiki Unbalance - Kaichou Onegai Smash Fight"
		],
		"Kyou kara Maou! Hajimari no Tabi (Premium Box)": [
			"Kyou kara Maou! Hajimari no Tabi"
		],
		"La Pucelle - Tactics": [
			"La Pucelle - Hikari no Seijo Densetsu",
			"La Pucelle - Hikari no Seijo Densetsu (Genteiban)",
			"La Pucelle - Hikari no Seijo Densetsu - 2-shuume Hajimemashita."
		],
		"Lara Croft Tomb Raider - The Angel of Darkness": [
			"Lara Croft Tomb Raider - Utsukushiki Toubousha"
		],
		"Last Escort 2 - Shin'ya no Amai Toge (Gorgeous-ban)": [
			"Last Escort 2 - Shin'ya no Amai Toge"
		],
		"League Series Baseball 2": [
			"Magical Sports 2001 Koushien"
		],
		"Legaia 2 - Duel Saga": [
			"Legaia - Duel Saga"
		],
		"Lemony Snicket's A Series of Unfortunate Events": [
			"Desastreuses Aventures des Orphelins Baudelaire, Les - D'Apres Lemony Snicket",
			"Lemony Snicket - Raetselhafte Ereignisse",
			"Lemony Snicket Una Serie di Sfortunati Eventi",
			"Una Serie de Catastroficas Desdichas de Lemony Snicket"
		],
		"Let's Make a Soccer Team!": [
			"Pro Soccer Club wo Tsukurou! Europe Championship"
		],
		"Lethal Skies - Elite Pilot - Team SW": [
			"Sidewinder F"
		],
		"Lethal Skies II": [
			"Sidewinder V"
		],
		"Life Line": [
			"Operator's Side"
		],
		"Linux (for PlayStation 2) Release 1.0 (Disc 1) (Runtime Environment)": [
			"Linux for PlayStation 2 - Release 1.0 (Disc 1) (Runtime Environment)"
		],
		"Linux (for PlayStation 2) Release 1.0 (Disc 2) (Software Packages)": [
			"Linux for PlayStation 2 - Release 1.0 (Disc 2) (Software Packages)"
		],
		"LMA Manager 2002": [
			"BDFL Manager 2002",
			"Football Manager Campionato 2002",
			"Manager de Liga 2002",
			"Roger Lemerre - La Selection des Champions 2002"
		],
		"LMA Manager 2003": [
			"BDFL Manager 2003",
			"Football Manager Campionato 2003",
			"Manager de Liga 2003",
			"Roger Lemerre - La Selection des Champions 2003"
		],
		"LMA Manager 2004": [
			"BDFL Manager 2004",
			"Football Manager Campionato 2004",
			"Manager de Liga 2004",
			"Roger Lemerre - La Selection des Champions 2004"
		],
		"LMA Manager 2005": [
			"BDFL Manager 2005",
			"Football Manager Campionato 2005",
			"Manager de Liga 2005",
			"Roger Lemerre - La Selection des Champions 2005"
		],
		"London Racer II": [
			"Paris-Marseille Racing II"
		],
		"Lord of the Rings, The - The Return of the King": [
			"Herr der Ringe, Der - Die Rueckkehr des Koenigs",
			"Lord of the Rings, The - Ou no Kikan",
			"Seigneur des Anneaux, Le - Le Retour du Roi",
			"Senor de los Anillos, El - El Retorno del Rey",
			"Signore degli Anelli, Il - Il ritorno del Re"
		],
		"Lord of the Rings, The - The Third Age": [
			"Lord of the Rings, The - Nakatsu Kuni Daisanki",
			"Herr der Ringe, Der - Das dritte Zeitalter",
			"Seigneur des Anneaux, Le - Le Tiers Age",
			"Senor de los Anillos, El - La Tercera Edad",
			"Signore degli Anelli, Il - La Terza Era"
		],
		"Lord of the Rings, The - The Two Towers": [
			"Lord of the Rings, The - Futatsu no Tou",
			"Herr der Ringe, Der - Die zwei Tuerme",
			"Seigneur des Anneaux, Le - Les Deux Tours",
			"Senor de los Anillos, El - Las Dos Torres",
			"Signore degli Anelli, Il - Le Due Torri"
		],
		"Love - Com - Punch de Conte (Shokai Genteiban)": [
			"Love - Com - Punch de Conte"
		],
		"Lovedol - Lovely Idol (Shokai Genteiban)": [
			"Lovedol - Lovely Idol"
		],
		"Love Songs - Idol ga Classmate (Shokai Gentei Box)": [
			"Love Songs - Idol ga Classmate"
		],
		"Lowrider": [
			"LowRider - Round the World"
		],
		"Lucky Star - Ryouou Gakuen Outousai (DX Pack)": [
			"Lucky Star - Ryouou Gakuen Outousai"
		],
		"Lupin the 3rd - Treasure of the Sorcerer King": [
			"Avventure di Lupin III, Le - Il Tesoro del Re Stregone",
			"Lupin Sansei - Majutsu-ou no Isan"
		],
		"Mabino x Style (Shokai Genteiban)": [
			"Mabino x Style"
		],
		"Maestromusic II, The (Doukonban)": [
			"Maestromusic II, The"
		],
		"Made Man - Confessions of the Family Blood": [
			"Made Man"
		],
		"Magic Pengel - The Quest for Color": [
			"Garakuta Meisaku Gekijou - Rakugaki Oukoku"
		],
		"MAGIX Music Maker (Deluxe Edition)": [
			"MAGIX Music Maker",
			"MAGIX Music Maker - Rocks Your Console"
		],
		"Magna Carta - Tears of Blood": [
			"Magna Carta",
			"Magna Carta - Lacrime di Sangue",
			"Magna Carta - Les Larmes de Sang"
		],
		"Makai Senki Disgaea (Genteiban)": [
			"Makai Senki Disgaea"
		],
		"Makai Senki Disgaea 2": [
			"Makai Senki Disgaea 2 (Genteiban)"
		],
		"Maken Shao - Demon Sword": [
			"Maken Shao (Shokai Seisan Genteiban)",
			"Maken Shao"
		],
		"Mana-Khemia - Gakuen no Renkinjutsushi-tachi": [
			"Mana-Khemia - Gakuen no Renkinjutsushi-tachi (Gust Best Price)"
		],
		"Mana-Khemia 2 - Ochita Gakuen to Renkinjutsushi-tachi": [
			"Mana-Khemia 2 - Ochita Gakuen to Renkinjutsushi-tachi (Gust Best Price)"
		],
		"Marl de Jigsaw (Genteiban)": [
			"Marl de Jigsaw"
		],
		"Mashed - Fully Loaded": [
			"Drive to Survive"
		],
		"Maximo - Ghosts to Glory": [
			"Maximo"
		],
		"Maximo vs Army of Zin": [
			"Makai Eiyuuki Maximo - Machine Monster no Yabou"
		],
		"Maxxed Out Racing": [
			"Simple 2000 Series Ultimate Vol. 3 - Saisoku! Zokusha King - Butchigiri Densetsu"
		],
		"Maze Action": [
			"Simple 2000 Series Ultimate Vol. 8 - Gekitou! Meiro King"
		],
		"Medal of Honor - European Assault": [
			"Medal of Honor - Europe Kyoushuu",
			"Medal of Honor - Les Faucons de Guerre"
		],
		"Medal of Honor - Frontline": [
			"Medal of Honor - En Premiere Ligne",
			"Medal of Honor - Shijou Saidai no Sakusen"
		],
		"Medal of Honor - Rising Sun": [
			"Medal of Honor - Soleil Levant"
		],
		"Medal of Honor - Vanguard": [],
		"Mega Man X - Command Mission": [
			"Rockman X - Command Mission"
		],
		"Mega Man X7": [
			"Rockman X7"
		],
		"Mega Man X8": [
			"Rockman X8"
		],
		"Memories Off - After Rain Vol. 1 - Orizuru (Special Edition)": [
			"Memories Off - After Rain Vol. 1 - Orizuru"
		],
		"Memories Off - After Rain Vol. 2 - Souen (Special Edition)": [
			"Memories Off - After Rain Vol. 2 - Souen",
			"SuperLite 2000 Vol. 38 - Memories Off - After Rain Vol. 2 - Souen"
		],
		"Memories Off - After Rain Vol. 3 - Sotsugyou (Special Edition)": [
			"Memories Off - After Rain Vol. 3 - Sotsugyou"
		],
		"Memories Off - Sorekara Again (Genteiban)": [
			"Memories Off - Sorekara Again"
		],
		"Memories Off 5 - Togireta Film (Shokai Genteiban)": [
			"Memories Off 5 - Togireta Film"
		],
		"Memory Manager Plus (Unl) (Version 2.0)": [
			"Memory Manager Plus (Unl)",
			"Memory Manager Plus (Unl) (Version 1.01)",
			"Memory Manager Plus (Unl) (Version 1.8)",
			"Memory Manager Plus (Unl) (Version 1.9)"
		],
		"Mercenaries 2 - World in Flames": [
			"Mercenaries 2 - Inferno di Fuoco",
			"Mercenaries 2 - L'enfer des Favelas"
		],
		"Mermaid Prism": [
			"Simple 2000 Series Vol. 122 - The Ningyo-hime Monogatari - Mermaid Prism"
		],
		"Metal Gear Solid 2 - Sons of Liberty": [
			"Metal Gear Solid 2 - Sons of Liberty (Hatsu Taikenban)",
			"Metal Gear Solid 2 - Sons of Liberty (Premium Package)",
			"Metal Gear Solid 2 - Sons of Liberty (Daini-kai Metal Gear Solid Sai Hakkou Kinen)"
		],
		"Metal Gear Solid 3 - Snake Eater": [
			"Metal Gear Solid 3 - Snake Eater (Premium Package)",
			"Metal Gear Solid 3 - Snake Eater (Kabunushi Goyuutai-ban)"
		],
		"Metal Gear Solid 3 - Subsistence (Disc 1) (Subsistence)": [
			"Metal Gear Solid 3 - Subsistence (Disc 1) (Subsistence) (Shokai Seisanban)"
		],
		"Metal Gear Solid 3 - Subsistence (Disc 2) (Persistence)": [
			"Metal Gear Solid 3 - Subsistence (Disc 2) (Persistence) (Shokai Seisanban)"
		],
		"Metal Gear Solid 3 - Subsistence (Disc 3) (Existence) (Limited Edition)": [
			"Metal Gear Solid 3 - Subsistence (Disc 3) (Existence)",
			"Metal Gear Solid 3 - Subsistence (Disc 3) (Existence) (Shokai Seisanban)"
		],
		"Metal Slug Anthology": [
			"Metal Slug Complete"
		],
		"Michigan - Report from Hell": [
			"Michigan"
		],
		"Minority Report - Everybody Runs": [
			"Minority Report - Le Futur vous Rattrape"
		],
		"Missing Blue (Shokai Genteiban)": [
			"Missing Blue"
		],
		"Mister Mosquito": [
			"Mr Moskeeto"
		],
		"Mizu no Senritsu (Shokai Genteiban)": [
			"Mizu no Senritsu"
		],
		"Mizu no Senritsu 2 - Hi no Kioku (Genteiban)": [
			"Mizu no Senritsu 2 - Hi no Kioku"
		],
		"MLB 2004": [
			"MLB 2003"
		],
		"Mobile Light Force 2": [
			"Shikigami no Shiro"
		],
		"Mobile Suit Gundam - Encounters in Space": [
			"Gidong Jeonsa Gundam - Haehu-ui Uju",
			"Kidou Senshi Gundam - Meguriai Sora (Gundam the Best)",
			"Kidou Senshi Gundam - Meguriai Sora (Digest DVD Doukon-ban)",
			"Kidou Senshi Gundam - Meguriai Sora (Limited Box)"
		],
		"Mobile Suit Gundam - Federation vs. Zeon": [
			"Kidou Senshi Gundam - Renpou vs. Zeon DX"
		],
		"Mobile Suit Gundam Seed - Never Ending Tomorrow": [
			"Kidou Senshi Gundam Seed - Owaranai Ashita e",
			"Mobile Suit Gundam Seed"
		],
		"Mobile Suit Gundam - Gundam vs. Zeta Gundam": [
			"Kidou Senshi Gundam - Gundam vs. Z Gundam"
		],
		"Mobile Suit Gundam - Journey to Jaburo": [
			"Kidou Senshi Gundam"
		],
		"Mobile Suit Gundam - Zeonic Front": [
			"Zeonic Front - Kidou Senshi Gundam 0079",
			"Zeonic Front - Kidou Senshi Gundam 0079 (Koudansha 8-shi Rengou Kikaku Tokubetsu-ban)"
		],
		"Monster Attack": [
			"Simple 2000 Series Vol. 31 - The Chikyuu Boueigun"
		],
		"Monster Rancher 3": [
			"Monster Farm"
		],
		"Monster Rancher 4": [
			"Monster Farm 4"
		],
		"Monster Rancher Evo": [
			"Monster Farm 5 - Circus Caravan"
		],
		"Mortal Kombat - Armageddon (Premium Edition)": [
			"Mortal Kombat - Armageddon"
		],
		"Motorbike King": [
			"Simple 2000 Series Ultimate Vol. 13 - Kyousou! Tansha King - Kattobi! Bari Bari Densetsu"
		],
		"Mountain Bike Adrenaline": [
			"Mountain Bike Adrenaline featuring Salomon"
		],
		"Monochrome (Shokai Genteiban)": [
			"Monochrome",
			"SuperLite 2000 Vol. 35 - Monochrome"
		],
		"Mr. Golf": [
			"Golful Golf"
		],
		"MTV Music Generator 3 - This Is the Remix": [
			"MTV Music Generator 3"
		],
		"Musashi - Samurai Legend": [
			"Musashiden II - Blademaster"
		],
		"MX vs. ATV Untamed": [
			"MX vs. ATV Extreme Limite"
		],
		"MX World Tour featuring Jamie Little": [
			"MX World Tour"
		],
		"Myself; Yourself (Shokai Genteiban)": [
			"Myself; Yourself"
		],
		"Namco Museum 50th Anniversary": [
			"Namco Museum Arcade Hits!"
		],
		"Namco Transmission v1.03": [
			"Namco Transmission v1.03 (Bundled with Soulcalibur II)"
		],
		"Naruto - Ultimate Ninja": [
			"Naruto - Narutimate Hero"
		],
		"Naruto - Ultimate Ninja 2": [
			"Naruto - Narutimate Hero 2"
		],
		"Naruto - Ultimate Ninja 3": [
			"Naruto - Narutimate Hero 3"
		],
		"Naruto - Uzumaki Chronicles": [
			"Naruto - Uzumaki Injeon",
			"Naruto - Uzumaki Ninden"
		],
		"Naruto - Uzumaki Chronicles 2": [
			"Naruto - Konoha Spirits!!"
		],
		"Naruto Shippuden - Ultimate Ninja 4": [
			"Naruto Shippuuden - Narutimate Accel"
		],
		"Naruto Shippuden - Ultimate Ninja 5": [
			"Naruto Shippuuden - Narutimate Accel 2"
		],
		"Naval Ops - Commander": [
			"Kurogane no Houkou 2 - Warship Commander"
		],
		"Naval Ops - Warship Gunner": [
			"Kurogane no Houkou 2 - Warship Gunner"
		],
		"NBA 08 featuring the Life Vol. 3": [
			"NBA 08"
		],
		"Need for Speed - Carbon - Collector's Edition": [
			"Need for Speed - Carbon"
		],
		"Need for Speed - Underground": [
			"Need for Speed - Underground J"
		],
		"Need for Speed - Underground 2": [
			"Need for Speed - Underground 2 - SHA_DO"
		],
		"Neo Angelique (Premium Box)": [
			"Neo Angelique"
		],
		"NeoGeo Online Collection Vol. 3 - The King of Fighters - Orochi-hen (Tokubetsu Genteiban - Nichirin Version)": [
			"NeoGeo Online Collection Vol. 3 - The King of Fighters - Orochi-hen"
		],
		"Network Adaptor Start-Up Disc Version 2.50": [
			"Network Adaptor Start-Up Disc",
			"Network Adaptor Start-Up Disc v2.0",
			"Network Adaptor Start-Up Disc v2.0 (Rev)"
		],
		"Never 7 - The End of Infinity": [
			"SuperLite 2000 Vol. 23 - Never 7 - The End of Infinity"
		],
		"Nickelodeon Avatar - The Last Airbender": [
			"Nickelodeon Avatar - The Legend of Aang"
		],
		"Nickelodeon Avatar - The Last Airbender - Into the Inferno": [
			"Nickelodeon Avatar - The Legend of Aang - Into the Inferno"
		],
		"Nickelodeon Avatar - The Last Airbender - The Burning Earth": [
			"Nickelodeon Avatar - The Legend of Aang - The Burning Earth"
		],
		"Nickelodeon Barnyard": [
			"Nick - Der tierisch verrueckte Bauernhof"
		],
		"Nickelodeon Jimmy Neutron - Boy Genius": [
			"Nickelodeon Jimmy Neutron - Der mutige Erfinder"
		],
		"Nickelodeon Jimmy Neutron - Boy Genius - Jet Fusion": [
			"Nickelodeon The Adventures of Jimmy Neutron - Boy Genius - Jet Fusion"
		],
		"Nickelodeon Rugrats - Royal Ransom": [
			"Nickelodeon Rugrats - Rescate Real",
			"Nickelodeon Les Razmoket - La Rancon Royale"
		],
		"Nickelodeon SpongeBob SquarePants - Lights, Camera, Pants!": [
			"Nickelodeon SpongeBob SquarePants - Licht uit, Camera aan!",
			"Nickelodeon Bob L'eponge - Silence on Tourne!",
			"Nickelodeon SpongeBob Schwammkopf - Film ab!",
			"Nickelodeon SpongeBob - Ciak si Gira!",
			"Nickelodeon Bob Esponja - Luces, Camara, Esponja!"
		],
		"Nickelodeon SpongeBob SquarePants - The Movie": [
			"Nickelodeon SpongeBob - Il Film",
			"Nickelodeon SpongeBob Schwammkopf - Der Film",
			"Nickelodeon Bob Esponja - La Pelicula"
		],
		"Nicktoons - Attack of the Toybots": [
			"Nickelodeon SpongeBob and Friends - Attack of the Toybots"
		],
		"Nicktoons - Battle for Volcano Island": [
			"Nickelodeon SpongeBob and Friends - Battle for Volcano Island"
		],
		"Nicktoons Movin'": [
			"Nickelodeon SpongeBob SquarePants - Movin' with Friends"
		],
		"Nickelodeon SpongeBob SquarePants in - Battle for Bikini Bottom": [
			"Nickelodeon Bob L'eponge - La Bataille de Bikini Bottom",
			"Nickelodeon SpongeBob Schwammkopf - Schlacht um Bikini Bottom"
		],
		"Nicktoons Unite!": [
			"Nickelodeon SpongeBob SquarePants and Friends Unite!"
		],
		"Nightmare of Druaga, The - Fushigino Dungeon": [
			"Nightmare of Druaga, The - Fushigi no Dungeon"
		],
		"Nobunaga's Ambition - Iron Triangle": [
			"Nobunaga no Yabou - Kakushin",
			"Nobunaga no Yabou - Kakushin with Power-Up Kit"
		],
		"Nobunaga's Ambition - Rise to Power": [
			"Nobunaga no Yabou - Tenka Sousei",
			"Nobunaga no Yabou - Tenka Sousei with Power-Up Kit"
		],
		"NPPL Championship Paintball 2009": [
			"Millennium European Paintball Series, The - Championship Paintball 2009"
		],
		"NRA Gun Club": [
			"Gun Club"
		],
		"ObsCure - The Aftermath": [
			"ObsCure II"
		],
		"Okage - Shadow King": [
			"Boku to Maou"
		],
		"One Piece - Pirates Carnival (Multi Tap (SCPH-70120) Doukonban)": [
			"One Piece - Pirates Carnival",
			"One Piece - Pirates Carnival (Multi Tap (SCPH-10090) Doukonban)"
		],
		"Onimusha - Dawn of Dreams (Disc 1)": [
			"Shin Onimusha - Dawn of Dreams (Disc 1)"
		],
		"Onimusha - Dawn of Dreams (Disc 2)": [
			"Shin Onimusha - Dawn of Dreams (Disc 2)"
		],
		"Onimusha - Warlords": [
			"Onimusha"
		],
		"Onimusha 2 - Samurai's Destiny": [
			"Gwimuja 2",
			"Onimusha 2",
			"Onimusha 2 (Shokai Press Ban)"
		],
		"Onimusha 3 - Demon Siege": [
			"Gwimuja 3",
			"Onimusha 3"
		],
		"Onimusha - Blade Warriors": [
			"Onimusha Buraiden"
		],
		"Online Start-Up Disc 4.0": [
			"Online Start-Up Disc v1.0",
			"Online Start-Up Disc v3.0"
		],
		"Online Start-Up Disc 4.0 - Broadband Only": [
			"Online Start-Up Disc v3.5 - Broadband Only"
		],
		"Onmyou Taisenki - Byakko Enbu (EyeToy Camera Doukonban)": [
			"Onmyou Taisenki - Byakko Enbu"
		],
		"Orange Honey - Boku wa Kimi ni Koi Shiteru (Shokai Genteiban)": [
			"Orange Honey - Boku wa Kimi ni Koi Shiteru"
		],
		"Orphen - Scion of Sorcery": [
			"Sorcerous Stabber Orphen"
		],
		"Ougon Kishi Garo (Genteiban)": [
			"Ougon Kishi Garo"
		],
		"P.T.O. IV - Pacific Theater of Operations": [
			"Teitoku no Ketsudan IV"
		],
		"Pac-Man World Rally": [
			"Pac-Man Rally"
		],
		"Paparazzi": [
			"Simple 2000 Series Vol. 53 - The Camera Kozou"
		],
		"Party Girls": [
			"Simple 2000 Series Vol. 63 - Mogitate Mizugi! Onna Mamire no - The Suiei Taikai"
		],
		"Patissier na Nyanko - Hatsukoi wa Ichigo Aji (Shokai Genteiban)": [
			"Patissier na Nyanko - Hatsukoi wa Ichigo Aji"
		],
		"PDC World Championship Darts": [
			"PDC World Championship Darts 2008"
		],
		"PES 2008 - Pro Evolution Soccer": [
			"World Soccer Winning Eleven 2008"
		],
		"PES 2009 - Pro Evolution Soccer": [
			"World Soccer Winning Eleven 2009"
		],
		"PES 2010 - Pro Evolution Soccer": [
			"World Soccer Winning Eleven 2010",
			"World Soccer Winning Eleven 2010 - Aoki Samurai no Chousen"
		],
		"PES 2011 - Pro Evolution Soccer": [
			"World Soccer Winning Eleven 2011"
		],
		"PES 2012 - Pro Evolution Soccer": [
			"World Soccer Winning Eleven 2012"
		],
		"Petit Four (Genteiban)": [
			"Petit Four"
		],
		"PetitCopter (Controller Set)": [
			"PetitCopter"
		],
		"Petz - Catz 2": [
			"Catz"
		],
		"Petz - Dogz 2": [
			"Dogz"
		],
		"Petz - Horsez 2": [
			"Pippa Funnell - Ranch Rescue"
		],
		"Phantasy Star Universe - Ambition of the Illuminus": [
			"Phantasy Star Universe - Illuminus no Yabou"
		],
		"Phantom Brave": [
			"Phantom Brave (Genteiban)",
			"Phantom Brave - 2-shuume Hajimemashita."
		],
		"Phantom Kingdom (Genteiban)": [
			"Phantom Kingdom"
		],
		"Phase of Combat - Sentou Kokka Kai Legend (Tokusou-ban)": [
			"Phase of Combat - Sentou Kokka Kai Legend"
		],
		"Pia Carrot e Youkoso!! 3 - Round Summer (Shokai Genteiban)": [
			"Pia Carrot e Youkoso!! 3 - Round Summer"
		],
		"Pinball": [
			"American Arcade"
		],
		"Pinball Fun": [
			"Simple 2000 Series Vol. 26 - The Pinball x3"
		],
		"Pinball Hall of Fame - The Gottlieb Collection": [
			"Gottlieb Pinball Classics"
		],
		"Pink Pong": [
			"Simple 2000 Series Ultimate Vol. 15 - Love - Ping Pong!"
		],
		"Pirates - Legend of the Black Buccaneer": [
			"Black Buccaneer"
		],
		"PlayOnline Viewer and Tetra Master": [
			"PlayOnline Viewer - Tetra Master & Janhourou"
		],
		"PlayStation BB Navigator - Version 0.32": [
			"PlayStation BB Navigator - Version 0.10 (Prerelease) (Disc 1)",
			"PlayStation BB Navigator - Version 0.10 (Prerelease) (Disc 2) (SCPN-60103)",
			"PlayStation BB Navigator - Version 0.10 (Prerelease) (Disc 2) (SCPN-60111)",
			"PlayStation BB Navigator - Version 0.20",
			"PlayStation BB Navigator - Version 0.30",
			"PlayStation BB Navigator - Version 0.31"
		],
		"PlayStation Experience (SCED-51938)": [
			"PlayStation Experience (SCED-51148)",
			"PlayStation Experience (SCED-51899)"
		],
		"Police 24-7": [
			"Keisatsukan, The - Shinjuku 24-ji"
		],
		"Police Chase Down": [
			"Simple 2000 Series Ultimate Vol. 7 - Saikyou! Shirobai King - Security Police"
		],
		"Pool Paradise": [
			"Pool Paradise - International Edition"
		],
		"Pop Star Academy": [
			"Star Academy"
		],
		"PoPoLoCrois - Hajimari no Bouken (Shokai Seisanban)": [
			"PoPoLoCrois - Hajimari no Bouken"
		],
		"Power Drome": [
			"Powerdrome"
		],
		"Power Rangers - Dino Thunder": [
			"Power Rangers - Dino Tonnerre"
		],
		"Power Rangers - Super Legends - 15th Anniversary": [
			"Power Rangers - Super Legends"
		],
		"Pride FC - Fighting Championships": [
			"Pride"
		],
		"Primal": [
			"Saints - Seinaru Mamono"
		],
		"Prince of Persia - The Sands of Time": [
			"Prince of Persia - Jikan no Suna"
		],
		"Pro Evolution Soccer": [
			"World Soccer Winning Eleven 5"
		],
		"Pro Race Driver": [
			"DTM Race Driver",
			"TOCA Race Driver",
			"V8 Supercars Australia - Race Driver"
		],
		"Pro Yakyuu Spirits 2004 Climax": [
			"Pro Yakyuu Spirits 2004"
		],
		"Project Minerva Professional": [],
		"ProStroke Golf - World Tour 2007": [
			"ProStroke Golf"
		],
		"Psyvariar - Complete Edition": [
			"Psyvariar - Complete Edition (Special Capture Box)",
			"Psyvariar - Complete Edition (Special Sound Box)"
		],
		"Puyo Pop Fever": [
			"Puyo Puyo Fever"
		],
		"Puzzle Maniacs": [
			"Simple 2000 Series Vol. 23 - The Puzzle Collection 2,000-mon"
		],
		"Q-Ball - Billiards Master": [
			"Doukyuu - Billiard Master 2",
			"Pool Master"
		],
		"Que - Ancient Leaf no Yousei (Shokai Genteiban)": [
			"Que - Ancient Leaf no Yousei"
		],
		"R-Racing Evolution": [
			"R-Racing",
			"R-Racing Evolution - Life in the Fast Lane"
		],
		"Radio Helicopter": [
			"Simple 2000 Series Vol. 35 - The Helicopter"
		],
		"Raging Blades": [
			"Raging Bless - Gouma Mokushiroku"
		],
		"Ratchet & Clank - Going Commando": [
			"Ratchet & Clank 2",
			"Ratchet & Clank 2 - Gagaga! Ginga no Commando-ssu"
		],
		"Ratchet & Clank - Size Matters": [
			"Ratchet & Clank 5 - Gekitotsu! Dodeka Ginga no Miri Miri Gundan"
		],
		"Ratchet - Deadlocked": [
			"Ratchet - Gladiator",
			"Ratchet & Clank 4th - Giri Giri Ginga no Giga Battle",
			"Ratchet & Clank 4th - Giri Giri Ginga no Giga Battle (Special Gift Package)"
		],
		"Ratchet & Clank - Up Your Arsenal": [
			"Ratchet & Clank 3",
			"Ratchet & Clank 3 - Totsugeki! Galactic Rangers"
		],
		"Rayman 2 - Revolution": [
			"Rayman Revolution"
		],
		"Rayman Arena": [
			"Rayman M"
		],
		"Real Pool": [
			"EX Billiards",
			"International Cue Club"
		],
		"Realm of the Dead": [
			"Bakuen Kakusei - Neverland Senki Zero"
		],
		"RedCard 20-03": [
			"RedCard"
		],
		"Reel Fishing III": [
			"Fish Eyes 3 - Kioku no Hahentachi"
		],
		"Resident Evil - Code - Veronica X": [
			"Biohazard - Code - Veronica Kanzenban"
		],
		"Resident Evil - Dead Aim": [
			"Gun Survivor 4 - Biohazard - Heroes Never Die"
		],
		"Resident Evil - Outbreak": [
			"Biohazard - Outbreak"
		],
		"Resident Evil - Outbreak - File 2": [
			"Biohazard - Outbreak - File 2"
		],
		"Resident Evil - Survivor 2 - Code - Veronica": [
			"Gun Survivor 2 - Biohazard - Code - Veronica",
			"Gun Survivor 2 - Biohazard - Code - Veronica (With GunCon2)"
		],
		"Resident Evil 4": [
			"Biohazard 4"
		],
		"Riding Star": [
			"Paard & Pony - Topruiter"
		],
		"Ripuru no Tamago - Apprentice Magician": [
			"Simple 2000 Series Vol. 74 - Onna no Ko Sen'you - The Oujisama to Romance - Ripuru no Tamago"
		],
		"River King - A Wonderful Journey": [
			"Harvest Fishing"
		],
		"Road Rage 3": [
			"Touge 3"
		],
		"Road Trip": [
			"Road Trip Adventure"
		],
		"Robot Warlords": [
			"Velvet File"
		],
		"Rock Band - Track Pack Volume 1": [
			"Rock Band - Song Pack 1"
		],
		"Rock Band - Track Pack Volume 2": [
			"Rock Band - Song Pack 2"
		],
		"Rogue Galaxy": [
			"Rogue Galaxy - Director's Cut"
		],
		"Romance of the Three Kingdoms IX": [
			"Sangokushi IX",
			"Sangokushi IX with Power-Up Kit"
		],
		"Romance of the Three Kingdoms VII": [
			"Sangokushi VII"
		],
		"Romance of the Three Kingdoms VIII": [
			"Sangokushi VIII",
			"Sangokushi VIII with Power-Up Kit"
		],
		"Romance of the Three Kingdoms X": [
			"Sangokushi X"
		],
		"Romance of the Three Kingdoms XI": [
			"Sangokushi 11",
			"Sangokushi 11 with Power-Up Kit"
		],
		"Romancing SaGa": [
			"Romancing SaGa - Minstrel Song"
		],
		"Rygar - The Legendary Adventure": [
			"A Ge Si Zhan Shi",
			"Argus no Senshi",
			"Argus-ui Jeonsa"
		],
		"Ryu-Koku (Genteiban)": [
			"Ryu-Koku"
		],
		"Ryuu ga Gotoku 2 (Disc 1)": [
			"Ryuu ga Gotoku 2"
		],
		"Saint Seiya - The Hades": [
			"Saint Seiya - Meiou Hades Juunikyuu-hen"
		],
		"Saint Seiya - The Sanctuary": [
			"Saint Seiya - Sanctuary Juunikyuu-hen"
		],
		"Sakura Taisen - Atsuki Chishio ni": [
			"Ying Hua Da Zhan - Chi Re Zhi Xie"
		],
		"Sakura Taisen 3 - Paris wa Moeteiru ka": [
			"Sakura Daejeon 3 - Paris-neun Bultago Issneunga"
		],
		"Sakura Taisen V Episode 0 - Kouya no Samurai Musume": [
			"Sakura Daejeon V Episode 0 - Hwangya-ui Samurai Agassi"
		],
		"Sakura Wars - So Long, My Love (Disc 2) (Japanese Voice Over)": [
			"Sakura Taisen V - Saraba Itoshiki Hito yo"
		],
		"Samurai Shodown V": [
			"Samurai Spirits Zero"
		],
		"Samurai Warriors": [
			"Jeonguk Mussang",
			"Sengoku Musou"
		],
		"Samurai Warriors - Xtreme Legends": [
			"Sengoku Musou - Moushouden"
		],
		"Samurai Warriors 2": [
			"Sengoku Musou 2"
		],
		"Samurai Warriors 2 - Empires": [
			"Sengoku Musou 2 - Empires"
		],
		"Samurai Warriors 2 - Xtreme Legends": [
			"Sengoku Musou 2 - Moushouden"
		],
		"Samurai Western": [
			"Samurai Western - Katsugeki Samurai Dou"
		],
		"Saturday Night Speedway": [
			"Stock Car Speedway"
		],
		"SBK - Superbike World Championship": [
			"SBK 08 - Superbike World Championship"
		],
		"School Rumble - Neru Musume wa Sodatsu (DX Pack)": [
			"School Rumble - Neru Musume wa Sodatsu"
		],
		"Scooby-Doo! Night of 100 Frights": [
			"Scooby-Doo! La Nuit des 100 Frissons",
			"Scooby-Doo! Nacht der 100 Schrecken"
		],
		"Score International Baja 1000 - The Official Game": [
			"Score International Baja 1000 - World Championship Off Road Racing"
		],
		"Seed, The - Warzone": [
			"Seed, The"
		],
		"Sega Bass Fishing Duel": [
			"Get Bass Battle"
		],
		"Sega Genesis Collection": [
			"Sega Mega Drive Collection"
		],
		"Sega Sports Tennis": [
			"Power Smash 2",
			"Virtua Tennis 2 - Sega Professional Tennis"
		],
		"Sega Superstars": [
			"Sega Superstars (EyeToy Camera Doukonban)"
		],
		"Seek and Destroy": [
			"Shin Combat Choro Q"
		],
		"Shadow of Destiny": [
			"Shadow of Memories"
		],
		"Shadow of the Colossus": [
			"Wander to Kyozou",
			"Wang Da Yu Ju Xiang"
		],
		"Shadow Hearts - Covenant (Disc 1)": [
			"Shadow Hearts II (Disc 1)"
		],
		"Shadow Hearts - Covenant (Disc 2)": [
			"Shadow Hearts II (Disc 2)"
		],
		"Shadow Hearts - From the New World": [
			"Shadow Hearts - From the New World (Premium Box)"
		],
		"Shanghai - The Four Elements": [
			"Shanghai - The Four Elements (Super Value 2800)"
		],
		"SharkPort - Code and Save Transfer Kit (Unl) (Version 2.21)": [
			"SharkPort - Code and Save Transfer Kit (Unl) (Version 1.2)"
		],
		"Shibai Michi (USB Mic Doukonban)": [
			"Shibai Michi"
		],
		"Shin Bakusou Dekotora Densetsu - Tenka Touitsu Choujou Kessen": [
			"Shin Bakusou Dekotora Densetsu - Tenka Touitsu Choujou Kessen (Spike the Best)"
		],
		"Shox": [
			"Rally Shox",
			"Shox - Rally Reinvented"
		],
		"Shin Megami Tensei - Devil Summoner - Raidou Kuzunoha vs. the Soulless Army": [
			"Devil Summoner - Kuzunoha Raidou tai Chouriki Heidan"
		],
		"Shin Megami Tensei - Devil Summoner 2 - Raidou Kuzunoha vs. King Abaddon": [
			"Devil Summoner - Kuzunoha Raidou tai Abaddon-ou"
		],
		"Shin Megami Tensei - Digital Devil Saga": [
			"Digital Devil Saga - Avatar Tuner"
		],
		"Shin Megami Tensei - Digital Devil Saga 2": [
			"Digital Devil Saga - Avatar Tuner 2"
		],
		"Shin Megami Tensei - Nocturne": [
			"Jin Yeosin Jeonsaeng III - Nocturne",
			"Shin Megami Tensei - Lucifer's Call",
			"Shin Megami Tensei III - Nocturne",
			"Shin Megami Tensei III - Nocturne (Tsutaya Original Version)",
			"Shin Megami Tensei III - Nocturne (Deluxe Pack)"
		],
		"Shin Megami Tensei - Persona 3": [
			"P3 - Persona 3",
			"Persona 3"
		],
		"Shin Megami Tensei - Persona 3 FES": [
			"Persona 3 FES"
		],
		"Shin Megami Tensei - Persona 4": [
			"Persona 4"
		],
		"Shinki Gensou - Spectral Souls (Genteiban)": [
			"Shinki Gensou - Spectral Souls"
		],
		"Shinobido - Way of the Ninja": [
			"Shinobi-dou - Imashime"
		],
		"Shinten Makai - Generation of Chaos V (Genteiban)": [
			"Shinten Makai - Generation of Chaos V"
		],
		"Shogun's Blade": [
			"Simple 2000 Series Vol. 47 - The Kassen Sekigahara"
		],
		"Shonen Jump's One Piece - Grand Battle": [
			"One Piece - Grand Battle! Rush"
		],
		"Silent Line - Armored Core": [
			"Armored Core 3 - Silent Line"
		],
		"Silent Scope 2 - Dark Silhouette": [
			"Silent Scope 2 - Fatal Judgement",
			"Silent Scope 2 - Innocent Sweeper"
		],
		"Simple 2000 Series Vol. 94 - The Aka-Champion - Come on Baby": [
			"Come on Baby"
		],
		"Simpsons Game, The": [
			"Simpson, Les - Le Jeu",
			"Simpsons, Die - Das Spiel"
		],
		"SingStar Singalong with Disney": [
			"SingStar Best of Disney",
			"SingStar - Chansons Magiques de Disney",
			"SingStar Canciones Disney",
			"SingStar Cancoes Disney",
			"SingStar e la Magia Disney",
			"SingStar Zingt met Disney"
		],
		"Siren": [
			"Forbidden Siren",
			"Si Hun Qu 2"
		],
		"Ski-Doo Snow X Racing": [
			"SXR - Snow X Racing"
		],
		"Sky Odyssey": [
			"Sky Odyssey, The"
		],
		"Sly Cooper and the Thievius Raccoonus": [
			"Kaitou Sly Cooper",
			"Sly Raccoon"
		],
		"Sly 2 - Band of Thieves": [
			"Kaitou Sly Cooper 2"
		],
		"Sly 3 - Honor Among Thieves": [
			"Sly 3 - Honour Among Thieves"
		],
		"Smash Court Tennis - Pro Tournament 2": [
			"Smash Court Pro Tournament 2"
		],
		"Smuggler's Run": [
			"Crazy Bump's - Kattobi Car Battle!"
		],
		"Sniper 2, The": [
			"Simple 2000 Series Vol. 16 - The Sniper 2 - Akumu no Juudan"
		],
		"Snowboard Racer 2": [
			"Simple 2000 Series Vol. 6 - The Snowboard"
		],
		"Soccer America - International Cup": [
			"Greatest Striker",
			"International League Soccer"
		],
		"Soccer Life!": [
			"Soccer Life! We are Challengers to Europe"
		],
		"Soccer Life 2": [
			"Soccer Life 2 - We are Challengers to Europe"
		],
		"Soccer Mania": [
			"Football Mania"
		],
		"SOCOM - U.S. Navy SEALs": [
			"SOCOM - U.S. Navy SEALs (SCKA-24008)"
		],
		"Soukoku no Kusabi - Hiiro no Kakera 3 (Genteiban)": [
			"Soukoku no Kusabi - Hiiro no Kakera 3"
		],
		"Soul Cradle - Sekai o Kurau Mono (Genteiban)": [
			"Soul Cradle - Sekai o Kurau Mono"
		],
		"Space Channel 5 - Special Edition (Disc 1)": [
			"Space Channel 5"
		],
		"Space Channel 5 - Special Edition (Disc 2)": [
			"Space Channel 5 Part 2"
		],
		"Space Invaders - Invasion Day": [
			"Simple 2000 Series Vol. 52 - The Chikyuu Shinryakugun - Space Raiders"
		],
		"Spartan - Total Warrior": [
			"Spartan - Kodai Greece Eiyuuden"
		],
		"Special Forces": [
			"Simple 2000 Series Vol. 108 - The Nihon Tokushu Butai - Kyouaku Hanzai Rettou 24-ji"
		],
		"Spectral Force - Radical Elements (Genteiban)": [
			"Spectral Force - Radical Elements"
		],
		"Spectral Force Chronicle (10th Anniversary Box)": [
			"Spectral Force Chronicle"
		],
		"Splashdown - Rides Gone Wild": [
			"Splashdown 2 - Rides Gone Wild"
		],
		"SSX": [
			"X-treme Racing SSX"
		],
		"Star Ocean - Till the End of Time (Disc 1)": [
			"Star Ocean - Till the End of Time",
			"Star Ocean - Till the End of Time - Director's Cut (Disc 1)"
		],
		"Star Ocean - Till the End of Time (Disc 2)": [
			"Star Ocean - Till the End of Time - Director's Cut (Disc 2)"
		],
		"Star Wars - Bounty Hunter": [
			"Star Wars - Jango Fett"
		],
		"Star Wars - Episode III - Revenge of the Sith": [
			"Star Wars - Episode III - Die Rache der Sith",
			"Star Wars - Episode III - La Revanche des Sith",
			"Star Wars - Episode III - Sith no Fukushuu"
		],
		"Star Wars - The Clone Wars": [
			"Star Wars - La Guerra dei Cloni",
			"Star Wars - Las Guerras Clon"
		],
		"Steambot Chronicles": [
			"Ponkotsu Roman Daikatsugeki - Bumpy Trot"
		],
		"Steel Dragon EX": [
			"Simple 2000 Series Vol. 37 - The Shooting - Double Shienryuu"
		],
		"Stella Deus - The Gate of Eternity": [
			"Stella Deus"
		],
		"Street Boyz": [
			"Simple 2000 Series Ultimate Vol. 21 - Kenka Joutou! Yankee Banchou - Shouwa 99-nen no Densetsu"
		],
		"Street Fighter Alpha Anthology": [
			"Street Fighter Zero - Fighter's Generation"
		],
		"Street Golfer": [
			"Simple 2000 Series Ultimate Vol. 12 - Street Golfer"
		],
		"Stretch Panic": [
			"Freak Out",
			"Hippa Linda"
		],
		"Suikoden Tactics": [
			"Rhapsodia"
		],
		"Summer Athletics - The Ultimate Challenge": [
			"Summer Athletics"
		],
		"Super Trucks Racing": [
			"Super Trucks"
		],
		"Super Bust-A-Move": [
			"Super Puzzle Bobble"
		],
		"Super Bust-A-Move 2": [
			"Super Puzzle Bobble 2"
		],
		"Super Dragon Ball Z": [
			"Chou Dragon Ball Z"
		],
		"Super Robot Taisen Impact (Genteiban)": [
			"Super Robot Taisen Impact"
		],
		"SuperLite 2000 Vol. 22 - Memories Off Duet": [
			"Memories Off"
		],
		"Surfing H3O": [
			"Surfroid - Densetsu no Surfer"
		],
		"Suzuki TT Superbikes - Real Road Racing": [
			"TT Superbikes"
		],
		"Suzuki TT Superbikes - Real Road Racing Championship": [
			"TT Superbikes - Real Road Racing Championship"
		],
		"Sven-Goeran Eriksson's World Challenge": [
			"Marcel Desailly Pro Football",
			"Mundial 2002 Challenge",
			"WM Nationalspieler"
		],
		"Swap Magic 3 Plus (Unl) (DVD Version 3.6)": [
			"Swap Magic 3 Plus (Unl) (CD Version 3.6)"
		],
		"Swords of Destiny": [
			"Cheonseong - Swords of Destiny",
			"Kengou 2",
			"Tensei - Swords of Destiny"
		],
		"Sword of Etheria, The": [
			"Oz"
		],
		"Sword of the Samurai": [
			"Kengou 2"
		],
		"Taiko no Tatsujin - Appare Sandaime (Tatacon Doukon Set)": [
			"Taiko no Tatsujin - Appare Sandaime"
		],
		"Taiko no Tatsujin - Atsumare! Matsuri da!! Yondaime (Tatacon Doukon Set)": [
			"Taiko no Tatsujin - Atsumare! Matsuri da!! Yondaime"
		],
		"Taiko no Tatsujin - Go! Go! Godaime (Tatacon Doukon Set)": [
			"Taiko no Tatsujin - Go! Go! Godaime"
		],
		"Taiko no Tatsujin - Taiko Drum Master (Tatacon Doukon Set)": [
			"Taiko no Tatsujin - Taiko Drum Master"
		],
		"Taiko no Tatsujin - Wai Wai Happy! Rokudaime (Tatacon Doukon Set)": [
			"Taiko no Tatsujin - Wai Wai Happy! Rokudaime"
		],
		"Taikou Risshiden V (Koei the Best)": [
			"Taikou Risshiden V"
		],
		"Taisen Hot Gimmick - Cosplay Jan (Special Ban)": [
			"Taisen Hot Gimmick - Cosplay Jan"
		],
		"Taito Memories - Gekan (Eternal Hits)": [
			"Taito Memories - Gekan (Taito Best)"
		],
		"Taito Memories - Joukan": [
			"Taito Memories - Joukan (Eternal Hits)",
			"Taito Memories - Joukan (Taito Best)"
		],
		"Tak and the Power of Juju": [
			"Tak & Le Pouvoir de Juju",
			"Tak e la Magia Juju",
			"Tak und die Macht des Juju",
			"Tak y el Poder Juju"
		],
		"Tank Elite": [
			"Simple 2000 Series Vol. 32 - The Sensha"
		],
		"Taxi Rider": [
			"Simple 2000 Series Vol. 48 - The Taxi - Untenshu ha Kimi da"
		],
		"Tear Ring Saga Series - Berwick Saga - Lazberia Chronicle Chapter 174 (Premium Box)": [
			"Tear Ring Saga Series - Berwick Saga - Lazberia Chronicle Chapter 174"
		],
		"Teikoku Sensenki (Shokai Genteiban)": [
			"Teikoku Sensenki"
		],
		"Tenchu - Fatal Shadows": [
			"Tenchu Kurenai"
		],
		"Tenchu - Wrath of Heaven": [
			"Tenchu 3",
			"Tenchu - La Colere Divine",
			"Tenchu - La Ira del Cielo"
		],
		"Tengai Makyou II - Manji Maru (Shokai Gentei Picture Label Shiyou)": [
			"Tengai Makyou II - Manji Maru"
		],
		"Tennis no Oujisama - Smash Hit! (Shokai SP Genteiban) (SLPM-65323)": [
			"Tennis no Oujisama - Smash Hit! (Shokai SP Genteiban) (SLPM-65321)",
			"Tennis no Oujisama - Smash Hit! (Shokai SP Genteiban) (SLPM-65322)",
			"Tennis no Oujisama - Smash Hit! Original Anime Game (SLPM-62357)",
			"Tennis no Oujisama - Smash Hit! Original Anime Game (SLPM-62358)",
			"Tennis no Oujisama - Smash Hit! Original Anime Game (SLPM-62359)",
			"Tennis no Oujisama - Smash Hit!"
		],
		"Tennis no Oujisama - Smash Hit! 2": [
			"Tennis no Oujisama - Smash Hit! 2 (Shokai SP Genteiban)",
			"Tennis no Oujisama - Smash Hit! 2 - Original Anime Game"
		],
		"Tenshi no Present - Marl Oukoku Monogatari (Genteiban)": [
			"Tenshi no Present - Marl Oukoku Monogatari"
		],
		"Terminator 3 - Rise of the Machines": [
			"Terminator 3 - La Rebelion de las Maquinas",
			"Terminator 3 - Le Macchine Ribelli",
			"Terminator 3 - Le Soulevement des Machines",
			"Terminator 3 - Rebellion der Maschinen"
		],
		"Test Drive": [
			"TD Overdrive - The Brotherhood of Speed"
		],
		"Test Drive - Eve of Destruction": [
			"Driven to Destruction"
		],
		"Test Drive Off-Road - Wide Open": [
			"Off-Road - Wide Open"
		],
		"Theme Park Roller Coaster": [
			"Theme Park 2001",
			"Theme Park World"
		],
		"Thing, The": [
			"Yuusei kara no Buttai X - Episode II"
		],
		"Thrillville - Off the Rails": [
			"Thrillville - Fuera de Control",
			"Thrillville - Fuori dai Binari",
			"Thrillville - Le Parc en Folie",
			"Thrillville - Verrueckte Achterbahn"
		],
		"Thunder Strike - Operation Phoenix": [
			"Thunderhawk - Operation Phoenix"
		],
		"Tiger Woods PGA Tour 2001": [
			"Tiger Woods USA Tour 2001"
		],
		"Tiger Woods PGA Tour 2002": [
			"Tiger Woods USA Tour 2002"
		],
		"Tim Burton's The Nightmare Before Christmas - Oogie's Revenge": [
			"Tim Burton's The Nightmare Before Christmas - Boogie no Gyakushuu"
		],
		"Time Crisis - Crisis Zone": [
			"Crisis Zone"
		],
		"Time Crisis II": [
			"Time Crisis II (With GunCon2)"
		],
		"TOCA Race Driver 2": [
			"DTM Race Driver 2",
			"TOCA Race Driver 2 - Ultimate Racing Simulator",
			"V8 Supercars Australia 2"
		],
		"TOCA Race Driver 3 - The Ultimate Racing Simulator": [
			"DTM Race Driver 3",
			"TOCA Race Driver 3",
			"V8 Supercars Australia 3"
		],
		"ToHeart 2 (Gentei Deluxe Pack)": [
			"ToHeart 2",
			"ToHeart 2 (Shokai Genteiban)"
		],
		"Tokimeki Memorial - Girl's Side 2nd Kiss (Shokai Seisanban)": [
			"Tokimeki Memorial - Girl's Side 2nd Kiss"
		],
		"Tokobot Plus - Mysteries of the Karakuri": [
			"Korobot Adventure"
		],
		"Tokyo Majin Gakuen - Gehouchou Keppuuroku (Shokai Gentei)": [
			"Tokyo Majin Gakuen - Gehouchou Keppuuroku"
		],
		"Tokyo Xtreme Racer - Zero": [
			"Shutokou Battle 0",
			"Tokyo Xtreme Racer"
		],
		"Tokyo Xtreme Racer - Drift": [
			"Kaidou Battle - Nikkou, Haruna, Rokkou, Hakone"
		],
		"Tokyo Xtreme Racer - Drift 2": [
			"Kaido Racer 2",
			"Kaidou - Touge no Densetsu"
		],
		"Tokyo Xtreme Racer 3": [
			"Shutokou Battle 01"
		],
		"Tom Clancy's Splinter Cell - Double Agent": [
			"Tom Clancy's Splinter Cell - Nijuu Spy"
		],
		"Tony Hawk's Pro Skater 4": [
			"Tony Hawk's Pro Skater 2003"
		],
		"Top Gear Dare Devil": [
			"TG DareDevil"
		],
		"Top Gun - Combat Zones": [
			"Top Gun - Ace of the Sky"
		],
		"Torrente 3 - The Protector": [
			"Torrente 3 - El Protector"
		],
		"Total Overdose - A Gunslinger's Tale in Mexico": [
			"Total Overdose"
		],
		"Tourist Trophy - The Real Riding Simulator": [
			"Tourist Trophy"
		],
		"Towa no Sakura (Genteiban)": [
			"Towa no Sakura"
		],
		"Tsuki wa Kirisaku - Tantei Sagara Kyouichirou (Genteiban)": [
			"Tsuki wa Kirisaku - Tantei Sagara Kyouichirou"
		],
		"Tsugunai - Atonement": [
			"Tsugunai"
		],
		"Tsuyokiss - Mighty Heart (Kanzen Seisan Genteiban)": [
			"Tsuyokiss - Mighty Heart"
		],
		"Typing Namidabashi - Ashita no Joe Touda (USB Keyboard Doukonban)": [
			"Typing Namidabashi - Ashita no Joe Touda"
		],
		"Typing Ren'ai Hakusho - Boys Be... (Keyboard Set)": [
			"Typing Ren'ai Hakusho - Boys Be..."
		],
		"U-Move Super Sports": [
			"Let's Play Sports!"
		],
		"Uchuu Senkan Yamato - Ankoku Seidan Teikoku no Gyakushuu (Shokai Genteiban)": [
			"Uchuu Senkan Yamato - Ankoku Seidan Teikoku no Gyakushuu"
		],
		"UFC - Throwdown": [
			"UFC - Ultimate Fighting Championship 2 - Tapout"
		],
		"Ultimate Casino": [
			"Simple 2000 Honkaku Shikou Series Vol. 6 - The Card - Blackjack, Daifugou, Draw Poker, Speed, Page One, etc."
		],
		"Ultimate Mind Games": [
			"Simple 2000 Series Vol. 10 - The Table Game Sekai-hen - Chess, Backgammon, Diamond, Gunjin Shougi, etc."
		],
		"Ultimate Spider-Man - Limited Edition": [
			"Ultimate Spider-Man"
		],
		"Unlimited Saga": [
			"Unlimited Saga (Limited Edition)"
		],
		"Under the Skin": [
			"Meiwaku Seijin - Panic Maker"
		],
		"Urban Chaos - Riot Response": [
			"Urban Chaos"
		],
		"Utility Disc Version 1.01 (Koukan-you)": [
			"Utility Disc Version 1.01"
		],
		"Venus & Braves - Majo to Megami to Horobi no Yogen (Premium Box)": [
			"Venus & Braves - Majo to Megami to Horobi no Yogen"
		],
		"Victorious Boxers - Ippo's Road to Glory": [
			"Hajime no Ippo - Victorious Boxers"
		],
		"Victorious Boxers 2 - Fighting Spirit": [
			"Hajime no Ippo All Stars"
		],
		"Viewtiful Joe": [
			"Viewtiful Joe - A New Hope",
			"Viewtiful Joe - Aratanaru Kibou"
		],
		"Viewtiful Joe 2": [
			"Viewtiful Joe 2 - Black Film no Nazo"
		],
		"Viorate no Atelier - Gramnad no Renkinjutsushi 2": [
			"Viorate no Atelier - Gramnad no Renkinjutsushi 2 (Gust Best Price)"
		],
		"Virtua Fighter - 10th Anniversary Edition": [
			"Virtua Fighter - 10th Anniversary"
		],
		"Virtua Pro Football": [
			"World Football Climax"
		],
		"Virtua Quest": [
			"Virtua Fighter - Cyber Generation - Judgment Six no Yabou"
		],
		"Vitamin X - We are Super Supriment Boys (Genteiban)": [
			"Vitamin X - We are Super Supriment Boys"
		],
		"Vitamin Z - Welcome Our New Supplement Boys (Genteiban)": [
			"Vitamin Z - Welcome Our New Supplement Boys"
		],
		"Volleyball Challenge": [
			"Simple 2000 Series Vol. 41 - The Volleyball"
		],
		"Waga Ryuu o Miyo - Pride of the Dragon Peace": [
			"Kan Wo Long Xian Shen Wei"
		],
		"Walt Disney's The Jungle Book - Rhythm n' Groove": [
			"Disney's Jungle Book - Groove Party"
		],
		"Warriors Orochi": [
			"Musou Orochi"
		],
		"Warriors Orochi 2": [
			"Musou Orochi - Maou Sairin"
		],
		"Warship Gunner 2": [
			"Warship Gunner 2 - Kurogane no Houkou"
		],
		"Wave Rally": [
			"Jet Ski Riders"
		],
		"We Love Katamari": [
			"Minna Daisuki Katamari Damacy"
		],
		"Weakest Link, The": [
			"Le Maillon Faible"
		],
		"Way of the Samurai": [
			"Samurai",
			"Samurai Kanzenban"
		],
		"Way of the Samurai 2": [
			"Samurai Dou 2 - Kettouban",
			"Samurai Dou 2 - Way of the Samurai 2"
		],
		"Who Wants to Be a Millionaire - 2nd Edition": [
			"Qui Veut Gagner des Millions - Seconde Edition",
			"Wer wird Millionaer - 2. Edition"
		],
		"Who Wants to Be a Millionaire - Party Edition": [
			"Chi Vuol Essere Milionario - Party Edition",
			"Wer wird Millionaer - Party Edition"
		],
		"Wild Arms 3": [
			"Wild Arms - Advanced 3rd (Premium Box)",
			"Wild Arms - Advanced 3rd"
		],
		"Wild Arms 4": [
			"Wild Arms - The 4th Detonator (Shokai Seisanban)",
			"Wild Arms - The 4th Detonator"
		],
		"Wild Arms 5": [
			"Wild Arms - The Vth Vanguard"
		],
		"Will O' Wisp (Genteiban)": [
			"Will O' Wisp"
		],
		"WinBack - Covert Operations": [
			"Operation WinBack",
			"WinBack"
		],
		"WinBack 2 - Project Poseidon": [
			"Operation WinBack 2 - Project Poseidon"
		],
		"Winning Eleven - Pro Evolution Soccer 2007": [
			"Pro Evolution Soccer 6"
		],
		"Winning Post 4 Maximum 2001 (Super Value Set)": [
			"Winning Post 4 Maximum 2001"
		],
		"Winning Post 5 Maximum 2002 (Premium Pack)": [
			"Winning Post 5 Maximum 2002"
		],
		"Winning Post 6 (Premium Pack)": [
			"Winning Post 6"
		],
		"Winter Sports 2008 - The Ultimate Challenge": [
			"RTL Winter Sports 2008 - The Ultimate Challenge"
		],
		"Winter Sports 2 - The Next Challenge": [
			"Winter Sports 2009 - The Next Challenge"
		],
		"Winter X Games Snowboarding 2": [
			"ESPN Winter X Games Snowboarding 2002"
		],
		"Women's Volleyball Championship": [
			"FIVB Volleyball World Cup - Venus Evolution"
		],
		"World Fighting": [
			"Simple 2000 Series Vol. 42 - The Ishu Kakutougi"
		],
		"World of Outlaws - Sprint Cars 2002": [
			"World of Outlaws - Sprint Cars"
		],
		"World Soccer Winning Eleven 6 - International": [
			"Pro Evolution Soccer 2"
		],
		"World Soccer Winning Eleven 7 - International": [
			"Pro Evolution Soccer 3"
		],
		"World Soccer Winning Eleven 8 - International": [
			"Pro Evolution Soccer 4",
			"World Soccer Winning Eleven 8 - Asia Championship",
			"World Soccer Winning Eleven 8 - Liveware Evolution"
		],
		"World Soccer Winning Eleven 9": [
			"Pro Evolution Soccer 5"
		],
		"World Super Police": [
			"Kousoku Kidoutai - World Super Police"
		],
		"World Tour Soccer 2002": [
			"Monde des Bleus 2002, Le",
			"This Is Football 2002"
		],
		"World Tour Soccer 2003": [
			"Monde des Bleus 2003, Le - Un Nouveau Defi",
			"This Is Football 2003",
			"This Is Football - Soccer Sekai Senki 2003"
		],
		"World Tour Soccer 2005": [
			"LMB Nouvelle Generation",
			"This Is Football 2004",
			"This Is Soccer 2004"
		],
		"World Tour Soccer 2006": [
			"Le Monde des Bleus 2005",
			"This Is Football 2005",
			"This Is Soccer 2005"
		],
		"WRC II Extreme - Special Demo (SCED-51632)": [
			"WRC II Extreme - Special Demo (SCED-51305)"
		],
		"WRC - Rally Evolved": [
			"WRC avec Sebastien Loeb Edition 2005"
		],
		"WTA Tour Tennis": [
			"Pro Tennis WTA Tour"
		],
		"WWE SmackDown! Shut Your Mouth": [
			"Exciting Pro Wres 4"
		],
		"WWE SmackDown! vs. Raw": [
			"Exciting Pro Wres 6 - WWE SmackDown! vs. Raw"
		],
		"WWE SmackDown! vs. Raw 2006": [
			"Exciting Pro Wres 7 - WWE SmackDown! vs. Raw 2006"
		],
		"X-treme Express - World Grand Prix": [
			"Tetsu One - Densha de Battle!",
			"Tetsu One - Jeoncharo Battle! World Grand Prix"
		],
		"X Squad": [
			"CrossFire"
		],
		"X2 - Wolverine's Revenge": [
			"X-Men 2 - La Vengeance de Wolverine",
			"X-Men 2 - Wolverine's Revenge"
		],
		"Xenosaga Episode I - Der Wille zur Macht": [
			"Xenosaga Episode I - Der Wille zur Macht (Premium Box)",
			"Xenosaga Episode I Reloaded - Der Wille zur Macht"
		],
		"Xenosaga Episode II - Jenseits von Gut und Boese (Disc 1)": [
			"Xenosaga Episode II - Jenseits von Gut und Bose (Disc 1)",
			"Xenosaga Episode II - Jenseits von Gut und Bose (Disc 1) (Premium Box)"
		],
		"Xenosaga Episode II - Jenseits von Gut und Boese (Disc 2)": [
			"Xenosaga Episode II - Jenseits von Gut und Bose (Disc 2)",
			"Xenosaga Episode II - Jenseits von Gut und Bose (Disc 2) (Premium Box)"
		],
		"XIII": [
			"XIII - Daitouryou o Koroshita Otoko"
		],
		"Yakuza Fury": [
			"Simple 2000 Series Vol. 72 - The Ninkyou"
		],
		"Yanya Caballista - City Skater": [
			"Yanya! Caballista featuring Gawoo"
		],
		"Yoake no Mariko (Performance Pack)": [
			"Yoake no Mariko"
		],
		"Yoake no Mariko 2nd Act (Performance Pack)": [
			"Yoake no Mariko 2nd Act"
		],
		"Yoshitsune Eiyuuden - The Story of Hero Yoshitsune": [
			"Yoshitsune Yeongungjeon"
		],
		"Ys - The Ark of Napishtim": [
			"Ys - Napishtim no Hako"
		],
		"Ys I & II - Eternal Story (Tokubetsu Genteiban)": [
			"Ys I & II - Eternal Story"
		],
		"Yu-Gi-Oh! GX - The Beginning of Destiny": [
			"Yu-Gi-Oh! Duel Monsters GX - Tag Force Evolution",
			"Yu-Gi-Oh! GX - Tag Force Evolution"
		],
		"Zapper - One Wicked Cricket": [
			"Zapper"
		],
		"Zero no Tsukaima - Maigo no Period to Ikusen no Symphony (Genteiban)": [
			"Zero no Tsukaima - Maigo no Period to Ikusen no Symphony"
		],
		"Zombie Attack": [
			"Simple 2000 Series Vol. 65 - The Kyonshii Panic"
		],
		"Zombie Zone": [
			"Simple 2000 Series Vol. 61 - The OneeChambara"
		],
		"Zone of the Enders": [
			"Zone of the Enders - Z.O.E"
		],
		"Zone of the Enders - The 2nd Runner": [
			"Anubis - Zone of the Enders"
		]
	},

	"supersets": {
		"3 nen B gumi Kinpachi Sensei - Densetsu no Kyoudan ni Tate! Kanzenban": [
			"3 nen B gumi Kinpachi Sensei - Densetsu no Kyoudan ni Tate!"
		],
		"Anubis - Zone of the Enders - Special Edition (Shokai Genteiban)": [
			"Anubis - Zone of the Enders - Special Edition",
			"Anubis - Zone of the Enders"
		],
		"Chou Kousoku Mahjong Plus": [
			"Chou Kousoku Mahjong"
		],
		"Devil May Cry 3 - Dante's Awakening (Special Edition)": [
			"Devil May Cry 3 - Dante's Awakening",
			"Devil May Cry 3"
		],
		"Dragon Ball Z - Budokai 3 - Collector's Edition": [
			"Dragon Ball Z - Budokai 3 (Greatest Hits)",
			"Dragon Ball Z - Budokai 3",
			"Dragon Ball Z 3"
		],
		"Fate-stay night - Realta Nua (Extra Edition)": [
			"Fate-stay night - Realta Nua"
		],
		"Final Fantasy XI - Online - Vana'diel Collection 2008": [
			"Final Fantasy XI - Aht Urhgan no Hihou",
			"Final Fantasy XI - Altana no Shinpei",
			"Final Fantasy XI - Entry Disc 2005",
			"Final Fantasy XI - Online - Chains of Promathia",
			"Final Fantasy XI - Online - Treasures of Aht Urhgan",
			"Final Fantasy XI - Online - Wings of the Goddess Expansion Pack",
			"Final Fantasy XI - Online",
			"Final Fantasy XI - Promathia no Jubaku"
		],
		"Kamen Rider Hibiki - Taiko no Tatsujin Special Version": [
			"Kamen Rider Hibiki"
		],
		"Lime-iro Senkitan Jun - Meiji Nihon, Otome Sakimorisu. (DX Pack)": [
			"Lime-iro Senkitan Jun - Meiji Nihon, Otome Sakimorisu."
		],
		"Major League Baseball 2K5 - World Series Edition": [
			"Major League Baseball 2K5"
		],
		"Metal Gear Solid 2 - Substance": [
			"Metal Gear Solid 2 - Sons of Liberty (Hatsu Taikenban)",
			"Metal Gear Solid 2 - Sons of Liberty (Premium Package)",
			"Metal Gear Solid 2 - Sons of Liberty"
		],
		"Metal Gear Solid 3 - Subsistence (Disc 1) (Subsistence)": [
			"Metal Gear Solid 3 - Snake Eater (Premium Package)",
			"Metal Gear Solid 3 - Snake Eater"
		],
		"Metal Gear Solid 3 - Subsistence (Disc 2) (Persistence)": [
			"Metal Gear & Metal Gear 2 - Solid Snake"
		],
		"Midnight Club 3 - DUB Edition Remix": [
			"Midnight Club 3 - DUB Edition"
		],
		"Need for Speed - Most Wanted - Black Edition": [
			"Need for Speed - Most Wanted"
		],
		"Nobunaga no Yabou - Ranseiki with Power-Up Kit": [
			"Nobunaga no Yabou - Ranseiki"
		],
		"Nobunaga no Yabou - Soutenroku with Power-Up Kit": [
			"Nobunaga no Yabou - Soutenroku"
		],
		"Offroad Extreme! Special Edition": [
			"Offroad Extreme!"
		],
		"Princess Maker 4 (Collector's Edition)": [
			"Princess Maker 4"
		],
		"Rugby League 2 - World Cup Edition": [
			"Rugby League 2"
		],
		"Shadow Hearts II - Director's Cut (Disc 1)": [
			"Shadow Hearts II (Disc 1) (Gentei DX Pack)"
		],
		"Shadow Hearts II - Director's Cut (Disc 2)": [
			"Shadow Hearts II (Disc 2) (Gentei DX Pack)"
		],
		"Shin Megami Tensei - Persona 3 FES": [
			"P3 - Persona 3",
			"Persona 3",
			"Shin Megami Tensei - Persona 3"
		],
		"Tales of Destiny - Director's Cut": [
			"Tales of Destiny"
		],
		"Tony Hawk's American Wasteland (Collector's Edition)": [
			"Tony Hawk's American Wasteland"
		],
		"Transformers (Director's Cut)": [
			"Transformers"
		],
		"Winning Post 4 Maximum 2001 (Super Value Set)": [
			"Winning Post 4 Maximum 2001",
			"Winning Post 4 Maximum"
		],
		"Winning Post 5 Maximum 2003": [
			"Winning Post 5 Maximum 2002 (Premium Pack)",
			"Winning Post 5 Maximum 2002"
		],
		"Winning Post 7 Maximum 2007": [
			"Winning Post 7"
		],
		"Yamasa Digi World 4 DX": [
			"Yamasa Digi World 4"
		],
		"Zone of the Enders": [
			"Zone of the Enders - Z.O.E"
		],
		"Zone of the Enders - The 2nd Runner (Special Edition)": [
			"Zone of the Enders - The 2nd Runner"
		]
	},

    "superset overrides": {
        "Silent Hill 2 (USA) (En,Ja,Fr,De,Es,It) (v2.01)": [
            "Silent Hill 2 - Director's Cut (Europe) (En,Fr,De,Es,It)",
            "Silent Hill 2 - Saigo no Uta (Japan) (En,Ja)",
            "Silent Hill 2 (USA) (En,Ja) (v1.20)",
            "Silent Hill 2 (Europe) (En,Ja,Fr,De,Es,It)",
            "Silent Hill 2 (Japan) (En,Ja)",
            "Silent Hill 2 (Korea) (En,Fr,De,Es,It)"
        ]
    }
}