{
    "description": {
        "name": [
			"internal-config.json"
        ],
        "comments": [
            "Change the region order and language filters",
            "in user-config.yaml. These are defaults that",
            "Retool requires. You probably don't want to",
            "mess with them."
        ],
        "last updated": "21 June 2020"
    },

    "ignore_tags": [
        "\\s?\\(Rev [0-9A-Z].*?\\)",
        "\\s?\\(v[0-9A-Z].*?\\)",
        "\\s?\\(Version [+-]?([0-9]+([.][0-9]*)?|[.][0-9]+).*?\\)",
        "\\s?\\(Alt.*?\\)",
        "\\s?\\(Covermount\\)",
        "\\s?\\(EDC\\)",
        "\\s?\\(No EDC\\)",
        "\\s?\\(Essentials\\)",
        "\\s\\((?:(?!\\(|OEM.*?)[\\s\\S])*OEM.*?\\)",
        "\\s?\\(Hibaihin\\)",
        "\\s?\\(Rerelease\\)",
        "\\s?\\(Made in.*?\\)",
        "\\s?\\(\\d{8}\\)",
        "\\s?\\(([0-9]{1,2}[A-Z]([ ,].[0-9]{1,2}[A-Z])*|R[E]{,1}[-]{,1}[0-9]{,1})\\)"
    ],

    "disc_rename": {
        "(Disc 0": "(Disc ",
        "(Disco ": "(Disc ",
        "(Disk ": "(Disc ",
        "(Disque ": "(Disc ",
        "(Lato ": "(Disc ",
        "(Seite ": "(Disc ",
        "(Side ": "(Disc ",
        "(Teil ": "(Disc ",
        "(Disc )": "(Disc 0)",
        "(Disc A)": "(Disc 1)",
        "(Disc B)": "(Disc 2)",
        "(Disc C)": "(Disc 3)",
        "(Disc D)": "(Disc 4)",
        "(Disc E)": "(Disc 5)",
        "(Disc F)": "(Disc 6)",
        "(Disc G)": "(Disc 7)",
        "(Disc H)": "(Disc 8)",
        "(Disc I)": "(Disc 1)",
        "(Disc II)": "(Disc 2)",
        "(Disc III)": "(Disc 3)",
        "(Disc IV)": "(Disc 4)",
        "(Disc V)": "(Disc 5)",
        "(Disc VI)": "(Disc 6)",
        "(Disc VII)": "(Disc 7)",
        "(Disc VIII)": "(Disc 8)",
        "(Disc One)": "(Disc 1)",
        "(Disc Two)": "(Disc 2)",
        "(Disc Three)": "(Disc 3)",
        "(Disc Four)": "(Disc 4)",
        "(Disc Five)": "(Disc 5)",
        "(Disc Six)": "(Disc 6)",
        "(Disc Seven)": "(Disc 7)",
        "(Disc Eight)": "(Disc 8)",
        "(Disc Uno)": "(Disc 1)",
        "(Disc Due)": "(Disc 2)",
        "(Disc Tre)": "(Disc 3)",
        "(Disc Quattro)": "(Disc 4)",
        "(Disc Cinque)": "(Disc 5)",
        "(Disc Sei)": "(Disc 6)",
        "(Disc Sette)": "(Disc 7)",
        "(Disc Otto)": "(Disc 8)",
        "(Disc-": "(Disc "
    },

    "promote_editions": [
        "\\s?\\(Aquaprice 2800\\)",
        "\\s?\\(Best of the Best\\)",
        "\\s?\\(Best Hit Selection\\)",
        "\\s?\\(Best Wing 2800\\)",
        "\\s?\\(DX Pack\\)",
        "\\s?\\(Fukyuuban.*?\\)",
        "\\s?\\(Greatest Hits\\)",
        "\\s?\\(Gust Best Price\\)",
        "\\s?\\(Honkakuha de 1300\\)",
        "\\s?\\(Hit Squad\\)",
        "\\s?\\(Hit Squad - Regenerator\\)",
        "\\s?\\(Koei the Best\\)",
        "\\s?\\(Major Wave\\)",
        "\\s?\\(PlayStation the Best\\)",
        "\\s?\\(PlayStation 2 the Best\\)",
        "\\s?\\(PlayStation 3 the Best\\)",
        "\\s?\\(Premium Pack\\)",
        "\\s?\\(PSone Books\\)",
        "\\s?\\(Renkaban\\)",
        "\\s?\\(Sold Out Extreme\\)",
        "\\s?\\(Sold Out Software\\)",
        "\\s?\\(Super Value 2800\\)",
        "\\s?\\(Spike Library\\)",
        "\\s?\\(Spike the Best\\)",
        "\\s?\\(Super Value Set\\)",
        "\\s?\\(Tatacon Doukon Set\\)",
        "\\s?\\(Xplosiv\\)",
        "\\s?\\(Ultimate Hits\\)",
        "\\s\\((?:(?!\\(|Gentei.*?)[\\s\\S])*Gentei.*?\\)",
        "\\s?\\(Controller Set\\)"
    ],

    "demote_editions": [
        "\\s?\\(Scholastic\\)",
        "\\s?\\(Shokai Seisanban\\)",
        "\\s?\\(Reprint\\)"
    ],

    "languages": {
        "English": "En",
        "Afrikaans": "Af",
        "Arabic": "Ar",
        "Bulgarian": "Bg",
        "Catalan": "Ca",
        "Chinese": "Zh",
        "Croatian": "Hr",
        "Czech": "Cs",
        "Danish": "Da",
        "Dutch": "Nl",
        "Finnish": "Fi",
        "French": "Fr",
        "Gaelic": "Gd",
        "German": "De",
        "Greek": "El",
        "Hebrew": "He",
        "Hindi": "Hi",
        "Hungarian": "Hu",
        "Italian": "It",
        "Japanese": "Ja",
        "Korean": "Ko",
        "Norwegian": "No",
        "Polish": "Pl",
        "Portuguese": "Pt",
        "Punjabi": "Pa",
        "Romanian": "Ro",
        "Russian": "Ru",
        "Slovak": "Sk",
        "Slovenian": "Sl",
        "Spanish": "Es",
        "Swedish": "Sv",
        "Tamil": "Ta",
        "Thai": "Th",
        "Turkish": "Tr"
    },

    "default_region_order": {
        "USA": "En",
        "World": "En",
        "Canada": "En",
        "UK": "En",
        "Australia": "En",
        "New Zealand": "En",
        "Singapore": "En",
        "Ireland": "En",
        "Thailand": "En",
        "Europe": "En",
        "Japan": "Ja",
        "Asia": "",
        "Spain": "Es",
        "Argentina": "Es",
        "Latin America": "",
        "Brazil": "Pt",
        "Portugal": "Pt",
        "France": "Fr",
        "Belgium": "Fr",
        "Netherlands": "Nl",
        "Germany": "De",
        "Austria": "De",
        "Italy": "It",
        "Switzerland": "",
        "China": "Zh",
        "Taiwan": "",
        "Korea": "Ko",
        "Russia": "Ru",
        "Ukraine": "",
        "Poland": "Pl",
        "Denmark": "Da",
        "Norway": "No",
        "Sweden": "Sv",
        "Scandinavia": "En",
        "Finland": "Fi",
        "Hungary": "Hu",
        "Czech": "Cs",
        "Greece": "El",
        "India": "Hi",
        "South Africa": "",
        "Israel": "He",
        "Slovakia": "Sk",
        "Turkey": "Tr",
        "Croatia": "Hr",
        "Slovenia": "Sl",
        "United Arab Emirates": "Ar",
        "Bulgaria": "Bg",
        "Romania": "Ro",
        "Unknown": ""
    }
}