{
    "description": {
        "name": [
			"regions.json"
		],
        "last updated": "23 Apr 2020"
    },

    "region_order_2": [
        "Spain",
        "Germany",
        "Austria",
        "France",
        "Italy",
        "Canada",
        "USA",
        "World",
        "UK",
        "Australia",
        "New Zealand",
        "Singapore",
        "Ireland",
        "Europe",
        "Japan",
        "Asia",
        "Scandinavia",
        "Argentina",
        "Latin America",
        "Brazil",
        "Portugal",
        "Belgium",
        "China",
        "Croatia",
        "Czech",
        "Denmark",
        "Finland",
        "Greece",
        "Hungary",
        "India",
        "Israel",
        "Korea",
        "Netherlands",
        "Norway",
        "Poland",
        "Romania",
        "Bulgaria",
        "Russia",
        "Slovakia",
        "South Africa",
        "Sweden",
        "Switzerland",
        "Taiwan",
        "Thailand",
        "Turkey",
        "Ukraine",
        "United Arab Emirates"
    ],

    "region_order": [
        "USA",
        "World",
        "UK",
        "Canada",
        "Australia",
        "New Zealand",
        "Singapore",
        "Ireland",
        "Europe",
        "Japan",
        "Asia",
        "Scandinavia",
        "Spain",
        "Argentina",
        "Latin America",
        "Brazil",
        "Portugal",
        "France",
        "Germany",
        "Austria",
        "Belgium",
        "China",
        "Croatia",
        "Czech",
        "Denmark",
        "Finland",
        "Greece",
        "Hungary",
        "India",
        "Israel",
        "Italy",
        "Korea",
        "Netherlands",
        "Norway",
        "Poland",
        "Romania",
        "Bulgaria",
        "Russia",
        "Slovakia",
        "South Africa",
        "Sweden",
        "Switzerland",
        "Taiwan",
        "Thailand",
        "Turkey",
        "Ukraine",
        "United Arab Emirates"
    ],

    "regions_and_languages": {
        "USA": "En",
        "World": "En",
        "UK": "En",
        "Canada": "En",
        "Australia": "En",
        "New Zealand": "En",
        "Singapore": "En",
        "Ireland": "En",
        "Europe": "",
        "Japan": "Ja",
        "Asia": "",
        "Scandinavia": "",
        "Spain": "Es",
        "Argentina": "Es",
        "Latin America": "",
        "Brazil": "Pt",
        "Portugal": "Pt",
        "France": "Fr",
        "Belgium": "Fr",
        "Germany": "De",
        "Austria": "De",
        "China": "Zh",
        "Croatia": "Ch",
        "Czech": "Cs",
        "Denmark": "Da",
        "Finland": "Fi",
        "Greece": "Gr",
        "Hungary": "Hu",
        "India": "Hi",
        "Israel": "He",
        "Italy": "It",
        "Korea": "Ko",
        "Netherlands": "Nl",
        "Norway": "No",
        "Poland": "Pl",
        "Romania": "Ro",
        "Bulgaria": "Bg",
        "Russia": "Ru",
        "Slovakia": "Sk",
        "South Africa": "",
        "Sweden": "Sv",
        "Switzerland": "Ch",
        "Taiwan": "",
        "Thailand": "Th",
        "Turkey": "Tr",
        "Ukraine": "",
        "United Arab Emirates": "Ar"
    }
}