{
    "Bible Master - Crash of the BlleotRutz (Japan)": {
        "secondary_name": "バイブル・マスター",
        "group_name": "Bible Master - Crash of the BlleotRutz",
        "status": "Blue",
        "disc_type": "CD",
        "languages": "Ja",
        "version": "",
        "edition": "Original"
    },
    "Towns System Software V2.1L20 (Japan)": {
        "secondary_name": "Ｔｏｗｎｓ　システム・ソフトウェア　Ｖ２．１Ｌ２０",
        "group_name": "Towns System Software V2.1L20",
        "status": "Blue",
        "disc_type": "CD",
        "languages": "Ja",
        "version": "",
        "edition": "Original"
    },
    "Air Combat II - Special (Japan)": {
        "secondary_name": "エアー・コンバットⅡ　スペシャル",
        "group_name": "Air Combat II - Special",
        "status": "Blue",
        "disc_type": "CD",
        "languages": "Ja",
        "version": "Rev 1",
        "edition": "Original"
    },
    "A.III. - A Ressha de Ikou III (Japan)": {
        "secondary_name": "Ａ列車で行こうⅢ",
        "group_name": "A.III. - A Ressha de Ikou III",
        "status": "Blue",
        "disc_type": "CD",
        "languages": "Ja",
        "version": "",
        "edition": "Original"
    },
    "Free Software Collection 10 (Japan)": {
        "secondary_name": "",
        "group_name": "Free Software Collection 10",
        "status": "Blue",
        "disc_type": "CD",
        "languages": "",
        "version": "",
        "edition": "Original"
    },
    "Towns System Software V1.1L20 (Japan)": {
        "secondary_name": "Ｔｏｗｎｓ　システム・ソフトウェア　Ｖ１．１Ｌ２０",
        "group_name": "Towns System Software V1.1L20",
        "status": "Blue",
        "disc_type": "CD",
        "languages": "Ja",
        "version": "",
        "edition": "Original"
    },
    "DOR - Best Selection - Joukan (Japan) (Disc 2)": {
        "secondary_name": "ドア　～ベスト・セレクション～　「上巻」",
        "group_name": "DOR - Best Selection - Joukan",
        "status": "Blue",
        "disc_type": "CD",
        "languages": "Ja",
        "version": "",
        "edition": "Original"
    },
    "Microcosm (Japan) (Rev A)": {
        "secondary_name": "マイクロコズム",
        "group_name": "Microcosm",
        "status": "Blue",
        "disc_type": "CD",
        "languages": "Ja",
        "version": "Rev A",
        "edition": "FM Towns Soft Collection Kaigai-hen Vol. 35"
    },
    "DOR SE (Special Edition) '93 (Japan)": {
        "secondary_name": "ドア　スペシャル・エディション’９３",
        "group_name": "DOR SE",
        "status": "Green",
        "disc_type": "CD",
        "languages": "Ja",
        "version": "",
        "edition": "FM Towns release, PC-9821 release"
    },
    "Taito Chase H.Q. (Japan) (Demo)": {
        "secondary_name": "タイトーチェイスＨ．Ｑ．",
        "group_name": "Taito Chase H.Q.",
        "status": "Blue",
        "disc_type": "CD",
        "languages": "",
        "version": "",
        "edition": "Demonstration Soft"
    },
    "Air Management - Oozora ni Kakeru (Japan)": {
        "secondary_name": "エアー・マネジメント　～大空に賭ける～",
        "group_name": "Air Management - Oozora ni Kakeru",
        "status": "Blue",
        "disc_type": "CD",
        "languages": "Ja",
        "version": "",
        "edition": "Original"
    },
    "Vain Dream II (Japan)": {
        "secondary_name": "ヴェイン・ドリームⅡ",
        "group_name": "Vain Dream II",
        "status": "Blue",
        "disc_type": "CD",
        "languages": "Ja",
        "version": "",
        "edition": "Original"
    },
    "Para Para Paradise (Japan) (Disc A) (Akane Kouda)": {
        "secondary_name": "ぱらＰＡＲＡ　パラダイス",
        "group_name": "Para Para Paradise",
        "status": "Blue",
        "disc_type": "CD",
        "languages": "Ja",
        "version": "",
        "edition": "Original"
    },
    "FM Towns World (Japan)": {
        "secondary_name": "",
        "group_name": "FM Towns World",
        "status": "Blue",
        "disc_type": "CD",
        "languages": "Ja",
        "version": "",
        "edition": "Hibaihin"
    },
    "Pegasus V1.1L10 (Japan) (Rev A)": {
        "secondary_name": "",
        "group_name": "Pegasus V1.1L10",
        "status": "Blue",
        "disc_type": "CD",
        "languages": "Ja",
        "version": "Rev A",
        "edition": "Original"
    },
    "DOR - Best Selection - Joukan (Japan) (Disc 1)": {
        "secondary_name": "ドア　～ベスト・セレクション～　「上巻」",
        "group_name": "DOR - Best Selection - Joukan",
        "status": "Blue",
        "disc_type": "CD",
        "languages": "Ja",
        "version": "",
        "edition": "Original"
    },
    "Pu-Li-Ru-La (Japan)": {
        "secondary_name": "プリルラ",
        "group_name": "Pu-Li-Ru-La",
        "status": "Blue",
        "disc_type": "CD",
        "languages": "Ja",
        "version": "",
        "edition": "Ving FM Towns Marty Vol. 12"
    },
    "Death Brade (Japan)": {
        "secondary_name": "デス・ブレイド",
        "group_name": "Death Brade",
        "status": "Blue",
        "disc_type": "CD",
        "languages": "Ja",
        "version": "",
        "edition": "Original"
    },
    "Silent Moebius - Case - Titanic (Japan)": {
        "secondary_name": "サイレント・メビウス",
        "group_name": "Silent Moebius - Case - Titanic",
        "status": "Blue",
        "disc_type": "CD",
        "languages": "Ja",
        "version": "",
        "edition": "Original"
    },
    "Free Software Collection 8 (Japan)": {
        "secondary_name": "",
        "group_name": "Free Software Collection 8",
        "status": "Blue",
        "disc_type": "CD",
        "languages": "",
        "version": "",
        "edition": "Original"
    },
    "Towns System Software V1.1L30 (Japan)": {
        "secondary_name": "Ｔｏｗｎｓ　システム・ソフトウェア　Ｖ１．１Ｌ３０",
        "group_name": "Towns System Software V1.1L30",
        "status": "Blue",
        "disc_type": "CD",
        "languages": "Ja",
        "version": "",
        "edition": "Original"
    },
    "Psychic Detective Series Vol. 4 - Orgel (Japan)": {
        "secondary_name": "サイキック・ディテクティヴ・シリーズ　ＶＯＬ．４　「オルゴール」",
        "group_name": "Psychic Detective Series Vol. 4 - Orgel",
        "status": "Blue",
        "disc_type": "CD",
        "languages": "Ja",
        "version": "",
        "edition": "Original"
    },
    "Classic Road (Japan)": {
        "secondary_name": "クラシック・ロード",
        "group_name": "Classic Road",
        "status": "Blue",
        "disc_type": "CD",
        "languages": "Ja",
        "version": "",
        "edition": "Original"
    },
    "Niko^2 (Japan)": {
        "secondary_name": "ニコニコ",
        "group_name": "Niko^2",
        "status": "Blue",
        "disc_type": "CD",
        "languages": "",
        "version": "",
        "edition": "FM-Towns-ban"
    },
    "Hyper Media NHK Zoku Kiso Eigo - Dai-3-kan (Japan)": {
        "secondary_name": "ハイパー・メディア　ＮＨＫ続基礎英語　第３巻",
        "group_name": "Hyper Media NHK Zoku Kiso Eigo - Dai-3-kan",
        "status": "Blue",
        "disc_type": "CD",
        "languages": "Ja",
        "version": "",
        "edition": "Original"
    },
    "Z's Triphony DigitalCraft Towns (Japan) (Rev A)": {
        "secondary_name": "",
        "group_name": "Z's Triphony DigitalCraft Towns",
        "status": "Blue",
        "disc_type": "CD",
        "languages": "Ja",
        "version": "Rev A",
        "edition": "Original"
    },
    "OASYS-Win V2.0 (Japan)": {
        "secondary_name": "",
        "group_name": "OASYS-Win V2.0",
        "status": "Blue",
        "disc_type": "CD",
        "languages": "Ja",
        "version": "",
        "edition": "Original"
    },
    "Super Shanghai - Dragon's Eye (Japan)": {
        "secondary_name": "スーパー上海　～ドラゴンズ・アイ ～",
        "group_name": "Super Shanghai - Dragon's Eye",
        "status": "Blue",
        "disc_type": "CD",
        "languages": "Ja",
        "version": "",
        "edition": "Original"
    },
    "Mahjong de Pon! (Japan)": {
        "secondary_name": "麻雀でＰＯＮ！",
        "group_name": "Mahjong de Pon!",
        "status": "Blue",
        "disc_type": "CD",
        "languages": "Ja",
        "version": "",
        "edition": "FM Towns release, PC-9821 release"
    },
    "Free Software Collection 5 (Japan)": {
        "secondary_name": "",
        "group_name": "Free Software Collection 5",
        "status": "Blue",
        "disc_type": "CD",
        "languages": "",
        "version": "",
        "edition": "Original"
    },
    "Space Museum (Japan)": {
        "secondary_name": "スペース・ミュージアム",
        "group_name": "Space Museum",
        "status": "Blue",
        "disc_type": "CD",
        "languages": "Ja",
        "version": "",
        "edition": "Original"
    },
    "Metal Eye 2 (Japan)": {
        "secondary_name": "メタル・アイ２",
        "group_name": "Metal Eye 2",
        "status": "Blue",
        "disc_type": "CD",
        "languages": "Ja",
        "version": "",
        "edition": "Original"
    },
    "My Fair Lady CAN III. Intermediate (Japan)": {
        "secondary_name": "",
        "group_name": "My Fair Lady CAN III. Intermediate",
        "status": "Blue",
        "disc_type": "CD",
        "languages": "Ja",
        "version": "",
        "edition": "Original"
    },
    "Misty - Meitantei Toujou (Japan)": {
        "secondary_name": "ミスティー　～名探偵登場～",
        "group_name": "Misty - Meitantei Toujou",
        "status": "Blue",
        "disc_type": "CD",
        "languages": "Ja",
        "version": "",
        "edition": "Original"
    },
    "Psychic Detective Series Vol. 1 - Invitation - Kage kara no Shoutaijou (Japan)": {
        "secondary_name": "サイキック・ディテクティヴ・シリーズ　ＶＯＬ．１　「インビテーション」　～影からの招待状～",
        "group_name": "Psychic Detective Series Vol. 1 - Invitation - Kage kara no Shoutaijou",
        "status": "Green",
        "disc_type": "CD",
        "languages": "Ja",
        "version": "",
        "edition": "Original"
    },
    "Gadget - Invention, Travel, & Adventure (Japan)": {
        "secondary_name": "ガジェット",
        "group_name": "Gadget - Invention, Travel, & Adventure",
        "status": "Blue",
        "disc_type": "CD",
        "languages": "Ja",
        "version": "",
        "edition": "Original"
    },
    "Gokko Vol. 03 - Etcetera (Japan)": {
        "secondary_name": "",
        "group_name": "Gokko Vol. 03 - Etcetera",
        "status": "Blue",
        "disc_type": "CD",
        "languages": "Ja",
        "version": "",
        "edition": "Original"
    },
    "3x3 Eyes - Sanjiyan Henjou (Japan)": {
        "secondary_name": "サザンアイズ　～三只眼變成～",
        "group_name": "3x3 Eyes - Sanjiyan Henjou",
        "status": "Blue",
        "disc_type": "CD",
        "languages": "Ja",
        "version": "",
        "edition": "Original"
    },
    "Ultima Underworld - The Stygian Abyss (Japan)": {
        "secondary_name": "ウルティマ・アンダーワールド",
        "group_name": "Ultima Underworld - The Stygian Abyss",
        "status": "Blue",
        "disc_type": "CD",
        "languages": "Ja",
        "version": "",
        "edition": "Original"
    },
    "Dragon Shock (Japan)": {
        "secondary_name": "",
        "group_name": "Dragon Shock",
        "status": "Blue",
        "disc_type": "CD",
        "languages": "Ja",
        "version": "",
        "edition": "Original"
    },
    "Battle Chess (Japan) (En,Ja)": {
        "secondary_name": "バトル・チェス",
        "group_name": "Battle Chess",
        "status": "Green",
        "disc_type": "CD",
        "languages": "En, Ja",
        "version": "Rev 1",
        "edition": "FM Towns Soft Collection Kaigai-hen Vol. 14"
    },
    "Last Armageddon - CD Special (Japan) (Disc A)": {
        "secondary_name": "ラスト・ハルマゲドン　ＣＤ　ＳＰＥＣＩＡＬ",
        "group_name": "Last Armageddon - CD Special",
        "status": "Blue",
        "disc_type": "CD",
        "languages": "Ja",
        "version": "",
        "edition": "Original"
    },
    "Golf Links 386 Pro (Japan)": {
        "secondary_name": "ゴルフ・リンクス３８６プロ",
        "group_name": "Golf Links 386 Pro",
        "status": "Blue",
        "disc_type": "CD",
        "languages": "Ja",
        "version": "1.21J",
        "edition": "Original"
    },
    "Master CD - Install Model-you (Japan)": {
        "secondary_name": "Ｍａｓｔｅｒ　ＣＤ　～インストール・モデル用～",
        "group_name": "Master CD - Install Model-you",
        "status": "Blue",
        "disc_type": "CD",
        "languages": "Ja",
        "version": "",
        "edition": "Original"
    },
    "Muscle Bomber - The Body Explosion (Japan)": {
        "secondary_name": "マッスル・ボマー",
        "group_name": "Muscle Bomber - The Body Explosion",
        "status": "Blue",
        "disc_type": "CD",
        "languages": "Ja",
        "version": "",
        "edition": "Original"
    },
    "Psychic Detective Series Vol. 5 - Nightmare (Japan)": {
        "secondary_name": "サイキック・ディテクティヴ・シリーズ　ＶＯＬ．５　「ナイトメア」",
        "group_name": "Psychic Detective Series Vol. 5 - Nightmare",
        "status": "Blue",
        "disc_type": "CD",
        "languages": "Ja",
        "version": "",
        "edition": "Original"
    },
    "Software Contest Nyuusen Sakuhinshuu 3 (Japan)": {
        "secondary_name": "ソフトウェア・コンテスト　入選作品集　３",
        "group_name": "Software Contest Nyuusen Sakuhinshuu 3",
        "status": "Blue",
        "disc_type": "CD",
        "languages": "Ja",
        "version": "",
        "edition": "Original"
    },
    "Hyper Ocean (Japan)": {
        "secondary_name": "",
        "group_name": "Hyper Ocean",
        "status": "Green",
        "disc_type": "CD",
        "languages": "Ja",
        "version": "",
        "edition": "Original"
    },
    "Super Real Mahjong PII&PIII (Japan)": {
        "secondary_name": "スーパー・リアル麻雀ＰⅡ＆ＰⅢ",
        "group_name": "Super Real Mahjong PII&PIII",
        "status": "Blue",
        "disc_type": "CD",
        "languages": "Ja",
        "version": "",
        "edition": "Ving Vol. 11"
    },
    "Hana yori Dango 2 (Japan)": {
        "secondary_name": "花よりダンゴ２",
        "group_name": "Hana yori Dango 2",
        "status": "Blue",
        "disc_type": "CD",
        "languages": "Ja",
        "version": "",
        "edition": "Original"
    },
    "Hiouden II (Japan)": {
        "secondary_name": "緋王伝Ⅱ",
        "group_name": "Hiouden II",
        "status": "Blue",
        "disc_type": "CD",
        "languages": "Ja",
        "version": "",
        "edition": "Original"
    },
    "Yami no Ketsuzoku Special - The Predestined Homicides (Japan)": {
        "secondary_name": "闇の血族　Ｓｐｅｃｉａｌ　－ＴＨＥ　ＰＲＥＤＥＳＴＩＮＥＤ　ＨＯＭＩＣＩＤＥＳ－",
        "group_name": "Yami no Ketsuzoku Special - The Predestined Homicides",
        "status": "Blue",
        "disc_type": "CD",
        "languages": "Ja",
        "version": "Rev 2",
        "edition": "Original"
    },
    "Microsoft Windows Version 3.1 L12 Operating System (Japan) (Setup CD-ROM)": {
        "secondary_name": "",
        "group_name": "Microsoft Windows Version 3.1 L12 Operating System",
        "status": "Blue",
        "disc_type": "CD",
        "languages": "Ja",
        "version": "",
        "edition": "Original"
    },
    "Ed Bogas' Music Machine (Japan)": {
        "secondary_name": "エド・ボガース　ミュージック・マシン",
        "group_name": "Ed Bogas' Music Machine",
        "status": "Blue",
        "disc_type": "CD",
        "languages": "En",
        "version": "",
        "edition": "FM Towns Soft Collection Kaigai-hen Vol. 30"
    },
    "Kid Pix Jr. (Japan)": {
        "secondary_name": "キッド・ピクスＪｒ．",
        "group_name": "Kid Pix Jr.",
        "status": "Blue",
        "disc_type": "CD",
        "languages": "Ja",
        "version": "",
        "edition": "FM Towns Soft Collection Kaigai-hen Vol. 31"
    },
    "Joshikou Seifuku Monogatari (Japan)": {
        "secondary_name": "女子校制服物語",
        "group_name": "Joshikou Seifuku Monogatari",
        "status": "Blue",
        "disc_type": "CD",
        "languages": "Ja",
        "version": "",
        "edition": "Original"
    },
    "Genocide^2 - Genocide Square (Japan)": {
        "secondary_name": "ジェノサイド・スクウェア",
        "group_name": "Genocide^2 - Genocide Square",
        "status": "Blue",
        "disc_type": "CD",
        "languages": "Ja",
        "version": "",
        "edition": "Original"
    },
    "Queen of Duellist, The (Japan) (Rev A)": {
        "secondary_name": "クイーン・オブ・デュエリスト",
        "group_name": "Queen of Duellist, The",
        "status": "Blue",
        "disc_type": "CD",
        "languages": "Ja",
        "version": "Rev A",
        "edition": "Original"
    },
    "Free Software Collection 6 (Japan)": {
        "secondary_name": "フリー・ソフトウェア・コレクション６",
        "group_name": "Free Software Collection 6",
        "status": "Green",
        "disc_type": "CD",
        "languages": "Ja",
        "version": "",
        "edition": "Original"
    },
    "Teitoku no Ketsudan II (Japan)": {
        "secondary_name": "提督の決断Ⅱ",
        "group_name": "Teitoku no Ketsudan II",
        "status": "Blue",
        "disc_type": "CD",
        "languages": "Ja",
        "version": "",
        "edition": "Original"
    },
    "Branmarker (Japan)": {
        "secondary_name": "ブランマーカー",
        "group_name": "Branmarker",
        "status": "Blue",
        "disc_type": "CD",
        "languages": "Ja",
        "version": "",
        "edition": "Original"
    },
    "Free Software Collection 7 (Japan)": {
        "secondary_name": "",
        "group_name": "Free Software Collection 7",
        "status": "Blue",
        "disc_type": "CD",
        "languages": "",
        "version": "",
        "edition": "Original"
    },
    "Video Koubou V1.3L10 (Japan)": {
        "secondary_name": "ビデオ工房　Ｖ１．３Ｌ１０",
        "group_name": "Video Koubou V1.3L10",
        "status": "Blue",
        "disc_type": "CD",
        "languages": "Ja",
        "version": "",
        "edition": "Original"
    },
    "Towns Paint V1.1L10 (Japan)": {
        "secondary_name": "",
        "group_name": "Towns Paint V1.1L10",
        "status": "Blue",
        "disc_type": "CD",
        "languages": "Ja",
        "version": "",
        "edition": "Original"
    },
    "Titan (Japan)": {
        "secondary_name": "タイタン",
        "group_name": "Titan",
        "status": "Blue",
        "disc_type": "CD",
        "languages": "",
        "version": "",
        "edition": "FM Towns Soft Collection Kaigai-hen Vol. 5"
    },
    "ElFish (Japan)": {
        "secondary_name": "エルフィッシュ",
        "group_name": "ElFish",
        "status": "Blue",
        "disc_type": "CD",
        "languages": "Ja",
        "version": "",
        "edition": "FM Towns Soft Collection Kaigai-hen Vol. 45"
    },
    "Sotsugyou - Graduation '93 (Japan)": {
        "secondary_name": "卒業’９３",
        "group_name": "Sotsugyou - Graduation '93",
        "status": "Blue",
        "disc_type": "CD",
        "languages": "Ja",
        "version": "",
        "edition": "Original"
    },
    "Kanji no Ehon (Japan)": {
        "secondary_name": "かんじのえほん",
        "group_name": "Kanji no Ehon",
        "status": "Blue",
        "disc_type": "CD",
        "languages": "Ja",
        "version": "",
        "edition": "Original"
    },
    "Oshare Cooking II (Japan) (Rev B)": {
        "secondary_name": "おしゃれクッキングⅡ",
        "group_name": "Oshare Cooking II",
        "status": "Blue",
        "disc_type": "CD",
        "languages": "Ja",
        "version": "Rev B",
        "edition": "Original"
    },
    "Nobunaga no Yabou Sengoku Gunyuuden with Soundware (Japan)": {
        "secondary_name": "信長の野望・戦国群雄伝　ｗｉｔｈ　サウンドウェア",
        "group_name": "Nobunaga no Yabou Sengoku Gunyuuden with Soundware",
        "status": "Blue",
        "disc_type": "CD",
        "languages": "Ja",
        "version": "",
        "edition": "Original"
    },
    "Free Software Collection 11 (Japan)": {
        "secondary_name": "",
        "group_name": "Free Software Collection 11",
        "status": "Blue",
        "disc_type": "CD",
        "languages": "",
        "version": "",
        "edition": "Original"
    },
    "Psychic Detective Series Vol. 2 - Memories (Japan) (Remake)": {
        "secondary_name": "サイキック・ディテクティヴ・シリーズ　ＶＯＬ．２　「メモリーズ」",
        "group_name": "Psychic Detective Series Vol. 2 - Memories",
        "status": "Blue",
        "disc_type": "CD",
        "languages": "Ja",
        "version": "",
        "edition": "Remake"
    },
    "SimAnt (Japan)": {
        "secondary_name": "",
        "group_name": "SimAnt",
        "status": "Blue",
        "disc_type": "CD",
        "languages": "Ja",
        "version": "",
        "edition": "Original"
    },
    "Nihon no Rekishi - Ishin-hen - Kurofune Raikou (Japan)": {
        "secondary_name": "日本の歴史　維新編　～黒船来航～",
        "group_name": "Nihon no Rekishi - Ishin-hen - Kurofune Raikou",
        "status": "Blue",
        "disc_type": "CD",
        "languages": "Ja",
        "version": "",
        "edition": "Original"
    },
    "Ultima Trilogy - I, II, III (Japan)": {
        "secondary_name": "ウルティマ・トリロジー　Ⅰ・Ⅱ・Ⅲ",
        "group_name": "Ultima Trilogy - I, II, III",
        "status": "Blue",
        "disc_type": "CD",
        "languages": "Ja",
        "version": "",
        "edition": "FM Towns Soft Collection Kaigai-hen Vol. 8"
    },
    "Free Ware Collection 1 (Japan)": {
        "secondary_name": "",
        "group_name": "Free Ware Collection 1",
        "status": "Blue",
        "disc_type": "CD",
        "languages": "",
        "version": "",
        "edition": "Original, EyeCom Soukan Tokubetsu Kinen Present-ban"
    },
    "Gunship - The Helicopter Simulation (Japan)": {
        "secondary_name": "",
        "group_name": "Gunship - The Helicopter Simulation",
        "status": "Blue",
        "disc_type": "CD",
        "languages": "",
        "version": "",
        "edition": "Original"
    },
    "Kanade V1.1L10 (Japan) (Rev A)": {
        "secondary_name": "奏　Ｖ１．１Ｌ１０",
        "group_name": "Kanade V1.1L10",
        "status": "Blue",
        "disc_type": "CD",
        "languages": "Ja",
        "version": "Rev A",
        "edition": "Original"
    },
    "Katakana no Ehon (Japan)": {
        "secondary_name": "カタカナのえほん",
        "group_name": "Katakana no Ehon",
        "status": "Blue",
        "disc_type": "CD",
        "languages": "Ja",
        "version": "",
        "edition": "Original"
    },
    "Cyber Sculpt (Japan) (Rev A)": {
        "secondary_name": "サイバー・スカルプトＶ１．０",
        "group_name": "Cyber Sculpt",
        "status": "Blue",
        "disc_type": "CD",
        "languages": "Ja",
        "version": "Rev A",
        "edition": "FM Towns Soft Collection Tool-hen Vol. 1"
    },
    "Psychic Detective Series Vol. 4 - Orgel (Japan) (Remake)": {
        "secondary_name": "サイキック・ディテクティヴ・シリーズ　ＶＯＬ．４　「オルゴール」",
        "group_name": "Psychic Detective Series Vol. 4 - Orgel",
        "status": "Blue",
        "disc_type": "CD",
        "languages": "Ja",
        "version": "",
        "edition": "Remake"
    },
    "Video Koubou V1.4L10 (Japan)": {
        "secondary_name": "ビデオ工房　Ｖ１．４Ｌ１０",
        "group_name": "Video Koubou V1.4L10",
        "status": "Blue",
        "disc_type": "CD",
        "languages": "Ja",
        "version": "",
        "edition": "Original"
    },
    "Schwarzschild IV - The Cradle End (Japan)": {
        "secondary_name": "シュヴァルツシルトⅣ　－ＴＨＥ　ＣＲＡＤＬＥ　ＥＮＤ－",
        "group_name": "Schwarzschild IV - The Cradle End",
        "status": "Blue",
        "disc_type": "CD",
        "languages": "Ja",
        "version": "",
        "edition": "Original"
    },
    "Super Odyssey & Dennou Planetarium (Japan)": {
        "secondary_name": "スーパー・オデッセイ＆電脳プラネタリウム",
        "group_name": "Super Odyssey & Dennou Planetarium",
        "status": "Blue",
        "disc_type": "CD",
        "languages": "Ja",
        "version": "",
        "edition": "Original"
    },
    "Raiden Densetsu - Raiden Trad (Japan)": {
        "secondary_name": "雷電伝説",
        "group_name": "Raiden Densetsu - Raiden Trad",
        "status": "Blue",
        "disc_type": "CD",
        "languages": "Ja",
        "version": "",
        "edition": "Original"
    },
    "Blandia (Japan)": {
        "secondary_name": "ブランディア",
        "group_name": "Blandia",
        "status": "Blue",
        "disc_type": "CD",
        "languages": "Ja",
        "version": "",
        "edition": "Ving FM Towns Marty Vol. 11"
    },
    "Towns System Software V2.1L51 (Japan)": {
        "secondary_name": "Ｔｏｗｎｓ　システム・ソフトウェア　Ｖ２．１Ｌ５１",
        "group_name": "Towns System Software V2.1L51",
        "status": "Green",
        "disc_type": "CD",
        "languages": "Ja",
        "version": "",
        "edition": "Original"
    },
    "Sekigahara (Japan)": {
        "secondary_name": "関ヶ原",
        "group_name": "Sekigahara",
        "status": "Blue",
        "disc_type": "CD",
        "languages": "Ja",
        "version": "",
        "edition": "Original"
    },
    "Wizardry V - Heart of the Maelstrom (Japan)": {
        "secondary_name": "ウィザードリィⅤ　～災禍の中心～",
        "group_name": "Wizardry V - Heart of the Maelstrom",
        "status": "Blue",
        "disc_type": "CD",
        "languages": "Ja",
        "version": "",
        "edition": "Original"
    },
    "SimCity (Japan)": {
        "secondary_name": "シム・シティ",
        "group_name": "SimCity",
        "status": "Green",
        "disc_type": "CD",
        "languages": "",
        "version": "",
        "edition": "FM Towns Soft Collection Kaigai-hen Vol. 6"
    },
    "Super Real Mahjong PIV (Japan)": {
        "secondary_name": "スーパーリ・アル麻雀ＰⅣ",
        "group_name": "Super Real Mahjong PIV",
        "status": "Blue",
        "disc_type": "CD",
        "languages": "Ja",
        "version": "",
        "edition": "Ving FM Towns Marty Vol. 7"
    },
    "Dangel (Japan)": {
        "secondary_name": "",
        "group_name": "Dangel",
        "status": "Blue",
        "disc_type": "CD",
        "languages": "Ja",
        "version": "",
        "edition": "Original"
    },
    "Incredible Machine, The (Japan)": {
        "secondary_name": "インクレディブル・マシーン",
        "group_name": "Incredible Machine, The",
        "status": "Blue",
        "disc_type": "CD",
        "languages": "Ja",
        "version": "",
        "edition": "Original"
    },
    "4th Unit Act. 4, The - Zero (Japan)": {
        "secondary_name": "ゼロ",
        "group_name": "4th Unit Act. 4, The - Zero",
        "status": "Blue",
        "disc_type": "CD",
        "languages": "Ja",
        "version": "",
        "edition": "Original"
    },
    "Psychic Detective Series Vol. 1 - Invitation (Japan) (Remake)": {
        "secondary_name": "サイキック・ディテクティヴ・シリーズ　ＶＯＬ．１　「インビテーション」",
        "group_name": "Psychic Detective Series Vol. 1 - Invitation",
        "status": "Blue",
        "disc_type": "CD",
        "languages": "Ja",
        "version": "",
        "edition": "Remake"
    },
    "Shooting Towns (Japan)": {
        "secondary_name": "",
        "group_name": "Shooting Towns",
        "status": "Blue",
        "disc_type": "CD",
        "languages": "Ja",
        "version": "",
        "edition": "Original"
    },
    "GEdit Towns (Japan)": {
        "secondary_name": "",
        "group_name": "GEdit Towns",
        "status": "Blue",
        "disc_type": "CD",
        "languages": "",
        "version": "",
        "edition": "Original"
    },
    "Harukanaru Augusta (Japan) (Course Disc)": {
        "secondary_name": "遙かなるオーガスタ",
        "group_name": "Harukanaru Augusta",
        "status": "Green",
        "disc_type": "CD",
        "languages": "Ja",
        "version": "",
        "edition": "Original"
    },
    "High C Compiler Multimedia Kit V1.7L12 (Japan)": {
        "secondary_name": "Ｈｉｇｈ　Ｃ　Ｃｏｍｐｉｌｅｒ　マルチメディア・キット　Ｖ１．７Ｌ１２",
        "group_name": "High C Compiler Multimedia Kit V1.7L12",
        "status": "Green",
        "disc_type": "CD",
        "languages": "Ja",
        "version": "",
        "edition": "Original"
    },
    "Might and Magic III - Isles of Terra (Japan)": {
        "secondary_name": "マイト・アンド・マジックⅢ",
        "group_name": "Might and Magic III - Isles of Terra",
        "status": "Blue",
        "disc_type": "CD",
        "languages": "Ja",
        "version": "",
        "edition": "Original"
    },
    "Scavenger 4 (Japan)": {
        "secondary_name": "スカベンジャー４",
        "group_name": "Scavenger 4",
        "status": "Green",
        "disc_type": "CD",
        "languages": "Ja",
        "version": "",
        "edition": "FM Towns Soft Collection Kaigai-hen Vol. 39"
    },
    "Ms. Detective File 1 - Iwami Ginzan Satsujin Jiken (Japan) (FM Towns Marty)": {
        "secondary_name": "ミス・ディテクティヴ　ファイル＃１　石見銀山殺人事件",
        "group_name": "Ms. Detective File 1 - Iwami Ginzan Satsujin Jiken",
        "status": "Blue",
        "disc_type": "CD",
        "languages": "Ja",
        "version": "",
        "edition": "FM Towns Marty Rerelease"
    },
    "Toudou Ryuunosuke Tantei Nikki - Ougon no Rashinban - Shouyoumaru San Francisco Kouro Satsujin Jiken (Japan)": {
        "secondary_name": "藤堂龍之介 探偵日記 黄金の羅針盤　翔洋丸桑港航路殺人事件",
        "group_name": "Toudou Ryuunosuke Tantei Nikki - Ougon no Rashinban - Shouyoumaru San Francisco Kouro Satsujin Jiken",
        "status": "Blue",
        "disc_type": "CD",
        "languages": "Ja",
        "version": "",
        "edition": "Original"
    },
    "Shanghai (Japan)": {
        "secondary_name": "上海",
        "group_name": "Shanghai",
        "status": "Blue",
        "disc_type": "CD",
        "languages": "Ja",
        "version": "",
        "edition": "Original"
    },
    "HomeStudio V1.2L10 (Japan)": {
        "secondary_name": "",
        "group_name": "HomeStudio V1.2L10",
        "status": "Blue",
        "disc_type": "CD",
        "languages": "Ja",
        "version": "",
        "edition": "Original"
    },
    "T.D.F. - Terrestrial Defense Force (Japan)": {
        "secondary_name": "",
        "group_name": "T.D.F. - Terrestrial Defense Force",
        "status": "Blue",
        "disc_type": "CD",
        "languages": "Ja",
        "version": "",
        "edition": "Original"
    },
    "Cubic Sketch V1.1L10 (Japan)": {
        "secondary_name": "",
        "group_name": "Cubic Sketch V1.1L10",
        "status": "Blue",
        "disc_type": "CD",
        "languages": "",
        "version": "",
        "edition": "Original"
    },
    "F-BASIC386 Compiler V1.1L21 (Japan) (Rev D)": {
        "secondary_name": "Ｆ‐ＢＡＳＩＣ３８６コンパイラＶ１．１Ｌ２１",
        "group_name": "F-BASIC386 Compiler V1.1L21",
        "status": "Blue",
        "disc_type": "CD",
        "languages": "Ja",
        "version": "Rev D",
        "edition": "Original"
    },
    "Daisenryaku III '90 (Ninety) (Japan)": {
        "secondary_name": "大戦略Ⅲ’９０",
        "group_name": "Daisenryaku III '90",
        "status": "Blue",
        "disc_type": "CD",
        "languages": "Ja",
        "version": "",
        "edition": "Original"
    },
    "Debut Shimasu... Vol. 1 - Nakagawa Yuuko (Japan)": {
        "secondary_name": "デビューします…　Ｖｏｌ．１　「中川裕子」",
        "group_name": "Debut Shimasu... Vol. 1 - Nakagawa Yuuko",
        "status": "Blue",
        "disc_type": "CD",
        "languages": "Ja",
        "version": "",
        "edition": "Original"
    },
    "Loom (Japan)": {
        "secondary_name": "",
        "group_name": "Loom",
        "status": "Blue",
        "disc_type": "CD",
        "languages": "Ja",
        "version": "",
        "edition": "FM Towns Soft Collection Kaigai-hen Vol. 11 (Goukaban)"
    },
    "Tunnels & Trolls - Crusaders of Khazan (Japan)": {
        "secondary_name": "トンネルズ・アンド・トロールズ　～カザンの戦士たち～",
        "group_name": "Tunnels & Trolls - Crusaders of Khazan",
        "status": "Blue",
        "disc_type": "CD",
        "languages": "Ja",
        "version": "",
        "edition": "Original"
    },
    "Infestation - Chinmoku no Wakusei (Japan) (En,Ja,Fr,De)": {
        "secondary_name": "インフェステーション　～沈黙の惑星～",
        "group_name": "Infestation - Chinmoku no Wakusei",
        "status": "Blue",
        "disc_type": "CD",
        "languages": "En, Fr, De, Ja",
        "version": "",
        "edition": "Original"
    },
    "Sherlock Holmes - Consulting Detective (Japan)": {
        "secondary_name": "シャーロック・ホームズの探偵講座",
        "group_name": "Sherlock Holmes - Consulting Detective",
        "status": "Blue",
        "disc_type": "CD",
        "languages": "Ja",
        "version": "",
        "edition": "FM Towns Soft Collection Kaigai-hen Vol. 13"
    },
    "Psychic Detective Series Vol. 3 - Aya (Japan) (Remake)": {
        "secondary_name": "サイキック・ディテクティヴ・シリーズ　ＶＯＬ．３　「アヤ」",
        "group_name": "Psychic Detective Series Vol. 3 - Aya",
        "status": "Blue",
        "disc_type": "CD",
        "languages": "Ja",
        "version": "",
        "edition": "Remake"
    },
    "4D Driving (Japan)": {
        "secondary_name": "４Ｄドライビング",
        "group_name": "4D Driving",
        "status": "Blue",
        "disc_type": "CD",
        "languages": "Ja",
        "version": "",
        "edition": "Original"
    },
    "Turbo OutRun (Japan)": {
        "secondary_name": "ターボ・アウトラン",
        "group_name": "Turbo OutRun",
        "status": "Green",
        "disc_type": "CD",
        "languages": "Ja",
        "version": "1.01",
        "edition": "Original, CRI Gokan Pack"
    },
    "Emit Vol. 2 - Inochigake no Tabi (Japan) (En,Ja)": {
        "secondary_name": "エミット　Ｖｏｌ．２　「命がけの旅」",
        "group_name": "Emit Vol. 2 - Inochigake no Tabi",
        "status": "Blue",
        "disc_type": "CD",
        "languages": "En, Ja",
        "version": "",
        "edition": "Original"
    },
    "Last Survivor (Japan)": {
        "secondary_name": "ラスト・サバイバー",
        "group_name": "Last Survivor",
        "status": "Green",
        "disc_type": "CD",
        "languages": "",
        "version": "1.01",
        "edition": "CRI Gokan Pack"
    },
    "Para Para Paradise (Japan) (Disc B) (Kyouko Hisakawa)": {
        "secondary_name": "ぱらＰＡＲＡ　パラダイス",
        "group_name": "Para Para Paradise",
        "status": "Blue",
        "disc_type": "CD",
        "languages": "Ja",
        "version": "",
        "edition": "Original"
    },
    "Last Armageddon - CD Special (Japan) (Disc C)": {
        "secondary_name": "ラスト・ハルマゲドン　ＣＤ　ＳＰＥＣＩＡＬ",
        "group_name": "Last Armageddon - CD Special",
        "status": "Blue",
        "disc_type": "CD",
        "languages": "Ja",
        "version": "",
        "edition": "Original"
    },
    "Nihon no Rekishi - Kodai-hen - Nihon Tanjou (Japan)": {
        "secondary_name": "日本の歴史　古代編　～日本誕生～",
        "group_name": "Nihon no Rekishi - Kodai-hen - Nihon Tanjou",
        "status": "Blue",
        "disc_type": "CD",
        "languages": "Ja",
        "version": "Rev 1",
        "edition": "Original"
    },
    "Ms. Detective File 1 - Iwami Ginzan Satsujin Jiken (Japan) (Disc 1)": {
        "secondary_name": "ミス・ディテクティヴ　ファイル＃１　石見銀山殺人事件",
        "group_name": "Ms. Detective File 1 - Iwami Ginzan Satsujin Jiken",
        "status": "Blue",
        "disc_type": "CD",
        "languages": "Ja",
        "version": "",
        "edition": "Original"
    },
    "Fushigi no Umi no Nadia - The Secret of Blue Water (Japan) (Disc A) (Unidentified Noise)": {
        "secondary_name": "ふしぎの海のナディア",
        "group_name": "Fushigi no Umi no Nadia - The Secret of Blue Water",
        "status": "Blue",
        "disc_type": "CD",
        "languages": "Ja",
        "version": "",
        "edition": "Original"
    },
    "Towns System Software V1.1L10 (Japan)": {
        "secondary_name": "Ｔｏｗｎｓ　システム・ソフトウェア　Ｖ１．１Ｌ１０",
        "group_name": "Towns System Software V1.1L10",
        "status": "Blue",
        "disc_type": "CD",
        "languages": "Ja",
        "version": "",
        "edition": "Original"
    },
    "Free Software Collection 9 (Japan)": {
        "secondary_name": "",
        "group_name": "Free Software Collection 9",
        "status": "Blue",
        "disc_type": "CD",
        "languages": "",
        "version": "",
        "edition": "Original"
    },
    "Fujitsu Air Warrior V1.2 (Japan)": {
        "secondary_name": "富士通　ＡＩＲ　ＷＡＲＲＩＯＲ　Ｖ１．２",
        "group_name": "Fujitsu Air Warrior V1.2",
        "status": "Blue",
        "disc_type": "CD",
        "languages": "Ja",
        "version": "",
        "edition": "Original"
    },
    "Can Can Bunny Premiere (Japan)": {
        "secondary_name": "きゃんきゃんバニー　プルミエール",
        "group_name": "Can Can Bunny Premiere",
        "status": "Blue",
        "disc_type": "CD",
        "languages": "Ja",
        "version": "",
        "edition": "Original"
    },
    "TownsMagazine Vol. 2 (No. 2) (Japan)": {
        "secondary_name": "",
        "group_name": "TownsMagazine Vol. 2",
        "status": "Blue",
        "disc_type": "CD",
        "languages": "Ja",
        "version": "",
        "edition": "Original"
    },
    "New Horizon English Course 1 - CD Learning System II (Japan)": {
        "secondary_name": "",
        "group_name": "New Horizon English Course 1 - CD Learning System II",
        "status": "Blue",
        "disc_type": "CD",
        "languages": "Ja",
        "version": "",
        "edition": "Original"
    },
    "NewZealand Story, The (Japan) (Rev A)": {
        "secondary_name": "ニュー・ジーランド・ストーリー",
        "group_name": "NewZealand Story, The",
        "status": "Blue",
        "disc_type": "CD",
        "languages": "En",
        "version": "Rev A",
        "edition": "Ving Vol. 1"
    },
    "ElFish Lite (Japan)": {
        "secondary_name": "エルフィッシュ　Ｌｉｔｅ",
        "group_name": "ElFish Lite",
        "status": "Blue",
        "disc_type": "CD",
        "languages": "Ja",
        "version": "",
        "edition": "FM Towns Soft Collection Kaigai-hen Vol. 38"
    },
    "Alone in the Dark (Japan)": {
        "secondary_name": "アローン・イン・ザ・ダーク",
        "group_name": "Alone in the Dark",
        "status": "Blue",
        "disc_type": "CD",
        "languages": "Ja",
        "version": "",
        "edition": "Original"
    },
    "Cat's Part-1 (Japan)": {
        "secondary_name": "キャッツ・パート１",
        "group_name": "Cat's Part-1",
        "status": "Blue",
        "disc_type": "CD",
        "languages": "Ja",
        "version": "",
        "edition": "Original"
    },
    "4th Unit Series, The - MerryGoRound (Japan)": {
        "secondary_name": "メリーゴーランド",
        "group_name": "4th Unit Series, The - MerryGoRound",
        "status": "Blue",
        "disc_type": "CD",
        "languages": "Ja",
        "version": "",
        "edition": "Original"
    },
    "Advantage Tennis (Japan)": {
        "secondary_name": "アドバンテージ・テニス",
        "group_name": "Advantage Tennis",
        "status": "Blue",
        "disc_type": "CD",
        "languages": "Ja",
        "version": "",
        "edition": "FM Towns Soft Collection Kaigai-hen Vol. 27"
    },
    "Software Contest Nyuusen Sakuhinshuu 2 (Japan)": {
        "secondary_name": "ソフトウェア・コンテスト　入選作品集　２",
        "group_name": "Software Contest Nyuusen Sakuhinshuu 2",
        "status": "Blue",
        "disc_type": "CD",
        "languages": "Ja",
        "version": "",
        "edition": "Original"
    },
    "Alice no Yakata CD (Japan)": {
        "secondary_name": "ＡＬＩＣＥの館ＣＤ",
        "group_name": "Alice no Yakata CD",
        "status": "Blue",
        "disc_type": "CD",
        "languages": "Ja",
        "version": "",
        "edition": "Original"
    },
    "Secre Volume I - Naoko Iijima (Japan)": {
        "secondary_name": "セクレ　ＶＯＬＵＭＥⅠ　「飯島　直子」",
        "group_name": "Secre Volume I - Naoko Iijima",
        "status": "Blue",
        "disc_type": "CD",
        "languages": "Ja",
        "version": "",
        "edition": "Original"
    },
    "Fujitsu Habitat V2.1L10 (Japan)": {
        "secondary_name": "富士通　Ｈａｂｉｔａｔ　Ｖ２１Ｌ１０",
        "group_name": "Fujitsu Habitat V2.1L10",
        "status": "Blue",
        "disc_type": "CD",
        "languages": "Ja",
        "version": "",
        "edition": "Original"
    },
    "Azure (Japan)": {
        "secondary_name": "アヅャ",
        "group_name": "Azure",
        "status": "Blue",
        "disc_type": "CD",
        "languages": "Ja",
        "version": "",
        "edition": "Original"
    },
    "After Burner (Japan) (Rev 1)": {
        "secondary_name": "アフター・バーナー",
        "group_name": "After Burner",
        "status": "Blue",
        "disc_type": "CD",
        "languages": "",
        "version": "1.02",
        "edition": "Original"
    },
    "Towns Sound V1.1L20 (Japan)": {
        "secondary_name": "",
        "group_name": "Towns Sound V1.1L20",
        "status": "Green",
        "disc_type": "CD",
        "languages": "Ja",
        "version": "",
        "edition": "Original"
    },
    "4th Unit Series, The - Wyatt (Japan)": {
        "secondary_name": "ＴＨＥ　４ＴＨ　ＵＮＩＴ　ＳＥＲＩＥＳ　ワイアット",
        "group_name": "4th Unit Series, The - Wyatt",
        "status": "Blue",
        "disc_type": "CD",
        "languages": "Ja",
        "version": "",
        "edition": "Original"
    },
    "Kotoba Asobi - CDView HiP Catch (Japan)": {
        "secondary_name": "ことばあそび　ＣＤＶＩＥＷ　ＨｉＰ　ＣＡＴＣＨ",
        "group_name": "Kotoba Asobi - CDView HiP Catch",
        "status": "Blue",
        "disc_type": "CD",
        "languages": "Ja",
        "version": "",
        "edition": "Original"
    },
    "Ginga Eiyuu Densetsu III SP (Japan)": {
        "secondary_name": "銀河英雄伝説　ⅢＳＰ",
        "group_name": "Ginga Eiyuu Densetsu III SP",
        "status": "Blue",
        "disc_type": "CD",
        "languages": "Ja",
        "version": "",
        "edition": "Original"
    },
    "Tatsujin-ou (Japan)": {
        "secondary_name": "達人王",
        "group_name": "Tatsujin-ou",
        "status": "Blue",
        "disc_type": "CD",
        "languages": "En",
        "version": "",
        "edition": "Ving FM Towns Marty Vol. 2"
    },
    "New Horizon English Course 1 - CD Learning System II (Japan) (FM Towns Marty)": {
        "secondary_name": "",
        "group_name": "New Horizon English Course 1 - CD Learning System II",
        "status": "Blue",
        "disc_type": "CD",
        "languages": "Ja",
        "version": "",
        "edition": "FM Towns Marty Rerelease"
    },
    "Kyouiku & FM Towns Vol. 3 (Japan)": {
        "secondary_name": "教育＆ＦＭ　ＴＯＷＮＳ　ＶＯＬ．３",
        "group_name": "Kyouiku & FM Towns Vol. 3",
        "status": "Blue",
        "disc_type": "CD",
        "languages": "Ja",
        "version": "",
        "edition": "Hibaihin"
    },
    "if 2 - Invitations from Fantastic Stories (Japan)": {
        "secondary_name": "イフ２",
        "group_name": "if 2 - Invitations from Fantastic Stories",
        "status": "Blue",
        "disc_type": "CD",
        "languages": "Ja",
        "version": "",
        "edition": "PC-9821 release"
    },
    "DOR - Best Selection - Gekan (Japan) (Disc 1)": {
        "secondary_name": "ドア　～ベスト・セレクション～　「下巻」",
        "group_name": "DOR - Best Selection - Gekan",
        "status": "Blue",
        "disc_type": "CD",
        "languages": "Ja",
        "version": "",
        "edition": "Original"
    },
    "Psychic Detective Series Final - Solitude Joukan (Japan)": {
        "secondary_name": "サイキック・ディテクティヴ・シリーズ・ファイナル　「ソリチュード（上巻）」",
        "group_name": "Psychic Detective Series Final - Solitude Joukan",
        "status": "Blue",
        "disc_type": "CD",
        "languages": "Ja",
        "version": "",
        "edition": "Original"
    },
    "Hyper Address (Japan) (Rev A)": {
        "secondary_name": "ハイパー・アドレス",
        "group_name": "Hyper Address",
        "status": "Blue",
        "disc_type": "CD",
        "languages": "",
        "version": "Rev A",
        "edition": "Original"
    },
    "NHK Eigo de Asobo Vol. 2 - Bernard no Daibouken (Japan)": {
        "secondary_name": "ＮＨＫ英語であそぼ②　～ベルナールの大ぼうけん～",
        "group_name": "NHK Eigo de Asobo Vol. 2 - Bernard no Daibouken",
        "status": "Blue",
        "disc_type": "CD",
        "languages": "Ja",
        "version": "",
        "edition": "Original"
    },
    "Teito Taisen (Japan)": {
        "secondary_name": "帝都大戦",
        "group_name": "Teito Taisen",
        "status": "Blue",
        "disc_type": "CD",
        "languages": "Ja",
        "version": "",
        "edition": "Original"
    },
    "Towns Paint V1.1L20 (Japan)": {
        "secondary_name": "",
        "group_name": "Towns Paint V1.1L20",
        "status": "Green",
        "disc_type": "CD",
        "languages": "Ja",
        "version": "",
        "edition": "Original"
    },
    "AWESOME (Japan)": {
        "secondary_name": "オーサム",
        "group_name": "AWESOME",
        "status": "Blue",
        "disc_type": "CD",
        "languages": "Ja",
        "version": "",
        "edition": "FM Towns Soft Collection Kaigai-hen Vol. 19"
    },
    "Nova - Miirareta Shitai (Japan)": {
        "secondary_name": "ノヴァ　～魅入られた肢体～",
        "group_name": "Nova - Miirareta Shitai",
        "status": "Blue",
        "disc_type": "CD",
        "languages": "Ja",
        "version": "",
        "edition": "Original"
    },
    "Towns System Software V2.1L31 (Japan)": {
        "secondary_name": "Ｔｏｗｎｓ　システム・ソフトウェア　Ｖ２．１Ｌ３１",
        "group_name": "Towns System Software V2.1L31",
        "status": "Blue",
        "disc_type": "CD",
        "languages": "Ja",
        "version": "",
        "edition": "Original"
    },
    "DOR SE (Special Edition) '93 (Japan) (Alt)": {
        "secondary_name": "ドア　スペシャル・エディション’９３",
        "group_name": "DOR SE",
        "status": "Blue",
        "disc_type": "CD",
        "languages": "Ja",
        "version": "",
        "edition": "Original"
    },
    "DOR - Best Selection - Gekan (Japan) (Disc 2)": {
        "secondary_name": "ドア　～ベスト・セレクション～　「下巻」",
        "group_name": "DOR - Best Selection - Gekan",
        "status": "Blue",
        "disc_type": "CD",
        "languages": "Ja",
        "version": "",
        "edition": "Original"
    },
    "Legend of Kyrandia, The (Japan) (En,Ja) (FM Towns)": {
        "secondary_name": "ザ・レジェンド・オブ・キランディア",
        "group_name": "Legend of Kyrandia, The",
        "status": "Blue",
        "disc_type": "CD",
        "languages": "En, Ja",
        "version": "",
        "edition": "Original"
    },
    "Ms. Detective File 1 - Iwami Ginzan Satsujin Jiken (Japan) (Disc 2)": {
        "secondary_name": "ミス・ディテクティヴ　ファイル＃１　石見銀山殺人事件",
        "group_name": "Ms. Detective File 1 - Iwami Ginzan Satsujin Jiken",
        "status": "Blue",
        "disc_type": "CD",
        "languages": "Ja",
        "version": "",
        "edition": "Original"
    },
    "Libido7 (Japan)": {
        "secondary_name": "",
        "group_name": "Libido7",
        "status": "Blue",
        "disc_type": "CD",
        "languages": "Ja",
        "version": "",
        "edition": "Original"
    },
    "Fushigi no Umi no Nadia - The Secret of Blue Water (Japan) (Disc C) (The Fortress)": {
        "secondary_name": "ふしぎの海のナディア",
        "group_name": "Fushigi no Umi no Nadia - The Secret of Blue Water",
        "status": "Blue",
        "disc_type": "CD",
        "languages": "Ja",
        "version": "",
        "edition": "Original"
    },
    "TownsFullcolor V2.1 L10 (Japan)": {
        "secondary_name": "",
        "group_name": "TownsFullcolor V2.1 L10",
        "status": "Blue",
        "disc_type": "CD",
        "languages": "",
        "version": "",
        "edition": "Original"
    },
    "Virtuacall 2 (Japan)": {
        "secondary_name": "バーチャコール２",
        "group_name": "Virtuacall 2",
        "status": "Blue",
        "disc_type": "CD",
        "languages": "Ja",
        "version": "",
        "edition": "Original"
    },
    "Towns System Software V2.1L40 (Japan)": {
        "secondary_name": "Ｔｏｗｎｓ　システム・ソフトウェア　Ｖ２．１Ｌ４０",
        "group_name": "Towns System Software V2.1L40",
        "status": "Blue",
        "disc_type": "CD",
        "languages": "Ja",
        "version": "",
        "edition": "Original"
    },
    "Fujitsu Air Warrior V1.1 (Japan)": {
        "secondary_name": "富士通　ＡＩＲ　ＷＡＲＲＩＯＲ　Ｖ１．１",
        "group_name": "Fujitsu Air Warrior V1.1",
        "status": "Blue",
        "disc_type": "CD",
        "languages": "Ja",
        "version": "",
        "edition": "Original"
    },
    "After Burner (Japan) (Rev 1) (Alt)": {
        "secondary_name": "アフター・バーナー",
        "group_name": "After Burner",
        "status": "Blue",
        "disc_type": "CD",
        "languages": "",
        "version": "1.02",
        "edition": "CRI Gokan Pack"
    },
    "Shadow of the Beast - Mashou no Okite (Japan)": {
        "secondary_name": "シャドー・オブ・ザ・ビースト　～魔性の掟～",
        "group_name": "Shadow of the Beast - Mashou no Okite",
        "status": "Green",
        "disc_type": "CD",
        "languages": "Ja",
        "version": "",
        "edition": "Original"
    },
    "Joker Towns (Japan)": {
        "secondary_name": "ジョーカーＴＯＷＮＳ",
        "group_name": "Joker Towns",
        "status": "Blue",
        "disc_type": "CD",
        "languages": "Ja",
        "version": "",
        "edition": "Original"
    },
    "Hyper Address (Japan)": {
        "secondary_name": "ハイパー・アドレス",
        "group_name": "Hyper Address",
        "status": "Blue",
        "disc_type": "CD",
        "languages": "",
        "version": "",
        "edition": "Original"
    },
    "Dungeon Master - Chaos Strikes Back (Japan)": {
        "secondary_name": "続ダンジョン・マスター　～カオスの逆襲～",
        "group_name": "Dungeon Master - Chaos Strikes Back",
        "status": "Blue",
        "disc_type": "CD",
        "languages": "Ja",
        "version": "",
        "edition": "Original"
    },
    "Gokko Vol. 01 - Doctor (Japan)": {
        "secondary_name": "",
        "group_name": "Gokko Vol. 01 - Doctor",
        "status": "Blue",
        "disc_type": "CD",
        "languages": "Ja",
        "version": "",
        "edition": "Original"
    },
    "Bomberman - Panic Bomber (Japan)": {
        "secondary_name": "ボンバーマン　～ぱにっくボンバー～",
        "group_name": "Bomberman - Panic Bomber",
        "status": "Blue",
        "disc_type": "CD",
        "languages": "Ja",
        "version": "",
        "edition": "Original"
    },
    "Appare CD Vol. 1 - Hiryuu no Maki (Japan)": {
        "secondary_name": "天晴ＣＤ　Ｖｏｌ．１　～飛龍の巻～",
        "group_name": "Appare CD Vol. 1 - Hiryuu no Maki",
        "status": "Blue",
        "disc_type": "CD",
        "languages": "Ja",
        "version": "",
        "edition": "Bundled with Magazine"
    },
    "Splatterhouse (Japan)": {
        "secondary_name": "スプラッターハウス",
        "group_name": "Splatterhouse",
        "status": "Blue",
        "disc_type": "CD",
        "languages": "En",
        "version": "",
        "edition": "Ving Vol. 13"
    },
    "NewZealand Story, The (Japan)": {
        "secondary_name": "ニュー・ジーランド・ストーリー",
        "group_name": "NewZealand Story, The",
        "status": "Blue",
        "disc_type": "CD",
        "languages": "En",
        "version": "",
        "edition": "Ving Vol. 1"
    },
    "Big Honour (Japan)": {
        "secondary_name": "",
        "group_name": "Big Honour",
        "status": "Green",
        "disc_type": "CD",
        "languages": "Ja",
        "version": "",
        "edition": "Original"
    },
    "Life & Death (Japan)": {
        "secondary_name": "ライフ＆デス",
        "group_name": "Life & Death",
        "status": "Blue",
        "disc_type": "CD",
        "languages": "Ja",
        "version": "",
        "edition": "Ving Vol. 10"
    },
    "Towns System Software V2.1L10 (Japan) (Rev A)": {
        "secondary_name": "Ｔｏｗｎｓ　システム・ソフトウェア　Ｖ２．１Ｌ１０",
        "group_name": "Towns System Software V2.1L10",
        "status": "Green",
        "disc_type": "CD",
        "languages": "Ja",
        "version": "Rev A",
        "edition": "Original"
    },
    "Zoku Youjuu Senki - Suna no Mokushiroku (Japan)": {
        "secondary_name": "続妖獣戦記　～砂塵の黙示録～",
        "group_name": "Zoku Youjuu Senki - Suna no Mokushiroku",
        "status": "Blue",
        "disc_type": "CD",
        "languages": "Ja",
        "version": "",
        "edition": "Original"
    },
    "Rance III - Leazas Kanraku (Japan)": {
        "secondary_name": "ＲａｎｃｅⅢ　～リーザス陥落～",
        "group_name": "Rance III - Leazas Kanraku",
        "status": "Blue",
        "disc_type": "CD",
        "languages": "Ja",
        "version": "",
        "edition": "Original"
    },
    "Fractal Engine Demo (Japan)": {
        "secondary_name": "フラクタル・エンジン　～デモンストレーション～",
        "group_name": "Fractal Engine Demo",
        "status": "Blue",
        "disc_type": "CD",
        "languages": "",
        "version": "Rev 1",
        "edition": "FM Towns Soft Collection Kaigai-hen Vol. 21"
    },
    "Psychic Detective Series Vol. 3 - Aya (Japan)": {
        "secondary_name": "サイキック・ディテクティヴ・シリーズ　ＶＯＬ．３　「アヤ」",
        "group_name": "Psychic Detective Series Vol. 3 - Aya",
        "status": "Blue",
        "disc_type": "CD",
        "languages": "Ja",
        "version": "",
        "edition": "Original"
    },
    "Free Ware Collection 3 (Japan)": {
        "secondary_name": "フリーウェア・コレクション３",
        "group_name": "Free Ware Collection 3",
        "status": "Green",
        "disc_type": "CD",
        "languages": "Ja",
        "version": "",
        "edition": "Original"
    },
    "Psychic Detective Series Final - Solitude Gekan (Japan)": {
        "secondary_name": "サイキック・ディテクティヴシリーズ・ファイナル　「ソリチュード（下巻）」",
        "group_name": "Psychic Detective Series Final - Solitude Gekan",
        "status": "Blue",
        "disc_type": "CD",
        "languages": "Ja",
        "version": "",
        "edition": "Original"
    },
    "Takamizawa Kyousuke Nekketsu!! Kyouiku Kenshuu (Japan)": {
        "secondary_name": "高見沢恭介　熱血！！　教育研修",
        "group_name": "Takamizawa Kyousuke Nekketsu!! Kyouiku Kenshuu",
        "status": "Blue",
        "disc_type": "CD",
        "languages": "Ja",
        "version": "",
        "edition": "Original"
    },
    "Hyper Channel - Towns TV (Japan)": {
        "secondary_name": "ハイパー・チャンネル　ＴＯＷＮＳ　ＴＶ",
        "group_name": "Hyper Channel - Towns TV",
        "status": "Blue",
        "disc_type": "CD",
        "languages": "Ja",
        "version": "Rev 2",
        "edition": "Original"
    },
    "MegaSpectre (Japan)": {
        "secondary_name": "メガスペクター",
        "group_name": "MegaSpectre",
        "status": "Blue",
        "disc_type": "CD",
        "languages": "Ja",
        "version": "",
        "edition": "FM Towns Soft Collection Kaigai-hen Vol. 36"
    },
    "Software Contest Nyuusen Sakuhinshuu 1 (Japan) (Rev B)": {
        "secondary_name": "ソフトウェア・コンテスト　入選作品集　１",
        "group_name": "Software Contest Nyuusen Sakuhinshuu 1",
        "status": "Blue",
        "disc_type": "CD",
        "languages": "Ja",
        "version": "Rev B",
        "edition": "Original"
    },
    "Derby Stallion (Japan)": {
        "secondary_name": "ダービー・スタリオン",
        "group_name": "Derby Stallion",
        "status": "Blue",
        "disc_type": "CD",
        "languages": "Ja",
        "version": "",
        "edition": "Original"
    },
    "Emit Vol. 3 - Watashi ni Sayonara o (Japan) (En,Ja)": {
        "secondary_name": "エミット　Ｖｏｌ．３　「私にさよならを」",
        "group_name": "Emit Vol. 3 - Watashi ni Sayonara o",
        "status": "Blue",
        "disc_type": "CD",
        "languages": "En, Ja",
        "version": "",
        "edition": "Original"
    },
    "Last Armageddon - CD Special (Japan) (Disc B)": {
        "secondary_name": "ラスト・ハルマゲドン　ＣＤ　ＳＰＥＣＩＡＬ",
        "group_name": "Last Armageddon - CD Special",
        "status": "Blue",
        "disc_type": "CD",
        "languages": "Ja",
        "version": "",
        "edition": "Original"
    },
    "Yubiwa Monogatari Daiikkan - Tabi no Nakama (Japan)": {
        "secondary_name": "指輪物語　第一巻　旅の仲間",
        "group_name": "Yubiwa Monogatari Daiikkan - Tabi no Nakama",
        "status": "Blue",
        "disc_type": "CD",
        "languages": "Ja",
        "version": "",
        "edition": "Original"
    },
    "CG Syndicate Vol. 1 - Lisa Northpoint (Japan)": {
        "secondary_name": "ＣＧ　ＳＹＮＤＩＣＡＴＥ　Ｖｏｌ．１　「リサ・ノースポイント」",
        "group_name": "CG Syndicate Vol. 1 - Lisa Northpoint",
        "status": "Blue",
        "disc_type": "CD",
        "languages": "Ja",
        "version": "",
        "edition": "Original"
    },
    "Oto to E no Deru Eigo Jisho No. 1 - Start with Words (Japan)": {
        "secondary_name": "音と絵の出る英語辞書　Ｎｏ．１　「Ｓｔａｒｔ　ｗｉｔｈ　Ｗｏｒｄｓ」",
        "group_name": "Oto to E no Deru Eigo Jisho No. 1 - Start with Words",
        "status": "Blue",
        "disc_type": "CD",
        "languages": "Ja",
        "version": "",
        "edition": "Original"
    },
    "Galaxy Force II (Japan)": {
        "secondary_name": "ギャラクシー・フォースⅡ",
        "group_name": "Galaxy Force II",
        "status": "Green",
        "disc_type": "CD",
        "languages": "Ja",
        "version": "1.00",
        "edition": "Original, CRI Gokan Pack"
    },
    "Para Para Paradise (Japan) (Disc C) (Makoto Siina)": {
        "secondary_name": "ぱらＰＡＲＡ　パラダイス",
        "group_name": "Para Para Paradise",
        "status": "Blue",
        "disc_type": "CD",
        "languages": "Ja",
        "version": "",
        "edition": "Original"
    },
    "Fushigi no Umi no Nadia - The Secret of Blue Water (Japan) (Disc B) (The Arctic Ocean)": {
        "secondary_name": "ふしぎの海のナディア",
        "group_name": "Fushigi no Umi no Nadia - The Secret of Blue Water",
        "status": "Blue",
        "disc_type": "CD",
        "languages": "Ja",
        "version": "",
        "edition": "Original"
    },
    "Asuka 120% Excellent - Burning Fest. Excellent (Japan)": {
        "secondary_name": "あすか１２０％エクセレント　ＢＵＲＮＩＮＧ　Ｆｅｓｔ．　ＥＸＣＥＬＬＥＮＴ",
        "group_name": "Asuka 120% Excellent - Burning Fest. Excellent",
        "status": "Blue",
        "disc_type": "CD",
        "languages": "Ja",
        "version": "",
        "edition": "Original"
    },
    "Gulf War - Soukouden (Japan)": {
        "secondary_name": "ガルフ・ウォー　蒼鋼伝",
        "group_name": "Gulf War - Soukouden",
        "status": "Blue",
        "disc_type": "CD",
        "languages": "Ja",
        "version": "",
        "edition": "Original"
    },
    "4th Unit Five, The - D-Again (Japan)": {
        "secondary_name": "ディー・アゲイン",
        "group_name": "4th Unit Five, The - D-Again",
        "status": "Blue",
        "disc_type": "CD",
        "languages": "Ja",
        "version": "",
        "edition": "Original"
    },
    "Psychic Detective Series Vol. 2 - Memories (Japan)": {
        "secondary_name": "サイキック・ディテクティヴ・シリーズ　ＶＯＬ．２　「メモリーズ」",
        "group_name": "Psychic Detective Series Vol. 2 - Memories",
        "status": "Blue",
        "disc_type": "CD",
        "languages": "Ja",
        "version": "",
        "edition": "Original"
    },
    "Yumimi Mix (Japan)": {
        "secondary_name": "ゆみみみっくす",
        "group_name": "Yumimi Mix",
        "status": "Blue",
        "disc_type": "CD",
        "languages": "Ja",
        "version": "",
        "edition": "Original"
    },
    "TownsMagazine Vol. 2 (No. 1) (Japan)": {
        "secondary_name": "",
        "group_name": "TownsMagazine Vol. 2",
        "status": "Blue",
        "disc_type": "CD",
        "languages": "Ja",
        "version": "",
        "edition": "Original"
    },
    "Secret of Monkey Island, The (Japan) (En,Ja)": {
        "secondary_name": "モンキー・アイランド",
        "group_name": "Secret of Monkey Island, The",
        "status": "Blue",
        "disc_type": "CD",
        "languages": "En, Ja",
        "version": "",
        "edition": "Original"
    },
    "Taiken Shiyou! Marty Channel (Japan)": {
        "secondary_name": "体験しよう！マーティー・チャンネル",
        "group_name": "Taiken Shiyou! Marty Channel",
        "status": "Green",
        "disc_type": "CD",
        "languages": "Ja",
        "version": "",
        "edition": "Hibaihin"
    },
    "Puyo Puyo (Japan)": {
        "secondary_name": "ぷよぷよ",
        "group_name": "Puyo Puyo",
        "status": "Blue",
        "disc_type": "CD",
        "languages": "Ja",
        "version": "",
        "edition": "Original"
    },
    "Free Software Collection MaRTy.1 (Japan)": {
        "secondary_name": "",
        "group_name": "Free Software Collection MaRTy.1",
        "status": "Green",
        "disc_type": "CD",
        "languages": "",
        "version": "",
        "edition": "Original"
    },
    "Doki Doki Vacation - Kirameku Kisetsu no Naka de (Japan)": {
        "secondary_name": "Ｄｏｋｉ　Ｄｏｋｉ　バケーション　～きらめく季節の中で～",
        "group_name": "Doki Doki Vacation - Kirameku Kisetsu no Naka de",
        "status": "Blue",
        "disc_type": "CD",
        "languages": "Ja",
        "version": "",
        "edition": "Original"
    },
    "Ultima Underworld II - Labyrinth of Worlds (Japan)": {
        "secondary_name": "ウルティマ・アンダーワールドⅡ",
        "group_name": "Ultima Underworld II - Labyrinth of Worlds",
        "status": "Blue",
        "disc_type": "CD",
        "languages": "Ja",
        "version": "",
        "edition": "Original"
    },
    "Final Blow (Japan)": {
        "secondary_name": "ファイナル・ブロー",
        "group_name": "Final Blow",
        "status": "Blue",
        "disc_type": "CD",
        "languages": "En",
        "version": "",
        "edition": "Ving Vol. 2"
    },
    "Microsoft Windows Version 3.1 L11 Operating System (Japan) (Setup CD-ROM)": {
        "secondary_name": "",
        "group_name": "Microsoft Windows Version 3.1 L11 Operating System",
        "status": "Blue",
        "disc_type": "CD",
        "languages": "Ja",
        "version": "",
        "edition": "Original"
    },
    "Yuka Watanabe & Tomo Kawai - Pleasure (Japan)": {
        "secondary_name": "",
        "group_name": "Yuka Watanabe & Tomo Kawai - Pleasure",
        "status": "Blue",
        "disc_type": "CD",
        "languages": "Ja",
        "version": "",
        "edition": "Original"
    },
    "Sangokushi III with Soundware (Japan)": {
        "secondary_name": "三國志Ⅲ　ｗｉｔｈ　サウンドウェア",
        "group_name": "Sangokushi III with Soundware",
        "status": "Blue",
        "disc_type": "CD",
        "languages": "Ja",
        "version": "",
        "edition": "Original"
    },
    "Taito Chase H.Q. (Japan)": {
        "secondary_name": "タイトーチェイスＨ．Ｑ．",
        "group_name": "Taito Chase H.Q.",
        "status": "Blue",
        "disc_type": "CD",
        "languages": "Ja",
        "version": "",
        "edition": "Ving Vol. 7"
    },
    "Free Software Collection 4 (Japan) (Disc 2) (Library Disk)": {
        "secondary_name": "",
        "group_name": "Free Software Collection 4",
        "status": "Blue",
        "disc_type": "CD",
        "languages": "",
        "version": "",
        "edition": "Original"
    },
    "NHK Eigo de Asobo Vol. 1 - Daitanken! Hotel Galaxy (Japan)": {
        "secondary_name": "ＮＨＫ英語であそぼ①　～大たんけん！ホテル・ギャラクシ～",
        "group_name": "NHK Eigo de Asobo Vol. 1 - Daitanken! Hotel Galaxy",
        "status": "Green",
        "disc_type": "CD",
        "languages": "Ja",
        "version": "",
        "edition": "Original"
    },
    "Rance IV - Kyoudan no Isan (Japan)": {
        "secondary_name": "ランスⅣ　～教団の遺産～",
        "group_name": "Rance IV - Kyoudan no Isan",
        "status": "Blue",
        "disc_type": "CD",
        "languages": "Ja",
        "version": "",
        "edition": "Original"
    },
    "Towns System Software V1.1L10 (Japan) (Rev A)": {
        "secondary_name": "Ｔｏｗｎｓ　システム・ソフトウェア　Ｖ１．１Ｌ１０",
        "group_name": "Towns System Software V1.1L10",
        "status": "Blue",
        "disc_type": "CD",
        "languages": "Ja",
        "version": "Rev A",
        "edition": "Original"
    },
    "Wing Commander (Japan)": {
        "secondary_name": "ウイング・コマンダー",
        "group_name": "Wing Commander",
        "status": "Blue",
        "disc_type": "CD",
        "languages": "Ja",
        "version": "",
        "edition": "FM Towns Soft Collection Kaigai-hen Vol. 26"
    },
    "Free Software Collection 4 (Japan) (Disc 1) (Program Disk)": {
        "secondary_name": "",
        "group_name": "Free Software Collection 4",
        "status": "Blue",
        "disc_type": "CD",
        "languages": "",
        "version": "",
        "edition": "Original"
    },
    "Operation Wolf (Japan)": {
        "secondary_name": "オペレーション・ウルフ",
        "group_name": "Operation Wolf",
        "status": "Blue",
        "disc_type": "CD",
        "languages": "Ja",
        "version": "",
        "edition": "Ving Vol. 3"
    },
    "Pro Yakyuu Family Stadium - 90-nendo Pennant Race-ban (Japan)": {
        "secondary_name": "プロ野球ファミリー・スタジアム　９０年度　ペナント・レース版",
        "group_name": "Pro Yakyuu Family Stadium - 90-nendo Pennant Race-ban",
        "status": "Blue",
        "disc_type": "CD",
        "languages": "Ja",
        "version": "",
        "edition": "Original"
    },
    "G5 (Japan) (Rev A)": {
        "secondary_name": "ジーファイブ",
        "group_name": "G5",
        "status": "Blue",
        "disc_type": "CD",
        "languages": "Ja",
        "version": "Rev A",
        "edition": "Original"
    },
    "TownsMagazine (Japan)": {
        "secondary_name": "",
        "group_name": "TownsMagazine",
        "status": "Blue",
        "disc_type": "CD",
        "languages": "Ja",
        "version": "",
        "edition": "Original"
    },
    "Dungeon Master (Japan) (Rev A)": {
        "secondary_name": "ダンジョン・マスター",
        "group_name": "Dungeon Master",
        "status": "Green",
        "disc_type": "CD",
        "languages": "",
        "version": "Rev A",
        "edition": "FM Towns Soft Collection Kaigai-hen Vol. 2"
    },
    "Leading Company - Keys of the City (Japan)": {
        "secondary_name": "リーディング・カンパニー",
        "group_name": "Leading Company - Keys of the City",
        "status": "Blue",
        "disc_type": "CD",
        "languages": "Ja",
        "version": "",
        "edition": "Original"
    },
    "Visitor, The (Japan)": {
        "secondary_name": "ザ・ビジター",
        "group_name": "Visitor, The",
        "status": "Green",
        "disc_type": "CD",
        "languages": "Ja",
        "version": "",
        "edition": "Hibaihin"
    },
    "Vain Dream (Japan)": {
        "secondary_name": "ヴェイン・ドリーム",
        "group_name": "Vain Dream",
        "status": "Blue",
        "disc_type": "CD",
        "languages": "Ja",
        "version": "",
        "edition": "Original"
    },
    "4th Unit Five, The - D-Again (Japan) (Demo)": {
        "secondary_name": "",
        "group_name": "4th Unit Five, The - D-Again",
        "status": "Blue",
        "disc_type": "CD",
        "languages": "Ja",
        "version": "",
        "edition": "Sample"
    },
    "Ms. Detective File 2 - Sugata-naki Irainin (Japan)": {
        "secondary_name": "ミス・ディテクティヴ　ファイル＃２　姿なき依頼人",
        "group_name": "Ms. Detective File 2 - Sugata-naki Irainin",
        "status": "Green",
        "disc_type": "CD",
        "languages": "Ja",
        "version": "",
        "edition": "Original"
    },
    "Viewpoint (Japan)": {
        "secondary_name": "ビューポイント",
        "group_name": "Viewpoint",
        "status": "Blue",
        "disc_type": "CD",
        "languages": "",
        "version": "",
        "edition": "Ving FM Towns Marty Vol. 4"
    },
    "F-BASIC386 V1.1L20 (Japan)": {
        "secondary_name": "",
        "group_name": "F-BASIC386 V1.1L20",
        "status": "Green",
        "disc_type": "CD",
        "languages": "Ja",
        "version": "",
        "edition": "Original"
    },
    "Gokko Vol. 02 - School Gal's (Japan)": {
        "secondary_name": "",
        "group_name": "Gokko Vol. 02 - School Gal's",
        "status": "Blue",
        "disc_type": "CD",
        "languages": "Ja",
        "version": "",
        "edition": "Original"
    },
    "Shadow of the Beast II - Juushin no Jubaku (Japan)": {
        "secondary_name": "シャドー・オブ・ザ・ビーストⅡ　～獣神の呪縛～",
        "group_name": "Shadow of the Beast II - Juushin no Jubaku",
        "status": "Green",
        "disc_type": "CD",
        "languages": "Ja",
        "version": "",
        "edition": "Original"
    },
    "After Burner (Japan)": {
        "secondary_name": "アフター・バーナー",
        "group_name": "After Burner",
        "status": "Blue",
        "disc_type": "CD",
        "languages": "",
        "version": "1.01",
        "edition": "CRI Gokan Pack"
    },
    "Towns System Software V2.1L30 (Japan) (Rev A)": {
        "secondary_name": "Ｔｏｗｎｓ　システム・ソフトウェア　Ｖ２．１Ｌ３０",
        "group_name": "Towns System Software V2.1L30",
        "status": "Blue",
        "disc_type": "CD",
        "languages": "Ja",
        "version": "Rev A",
        "edition": "Original"
    },
    "Kanji Land 3-nen (Japan)": {
        "secondary_name": "漢字ランド　３年",
        "group_name": "Kanji Land 3-nen",
        "status": "Blue",
        "disc_type": "CD",
        "languages": "Ja",
        "version": "Rev A",
        "edition": "Original"
    },
    "Mobile Suit Gundam - Hyper Classic Operation (Japan)": {
        "secondary_name": "",
        "group_name": "Mobile Suit Gundam - Hyper Classic Operation",
        "status": "Blue",
        "disc_type": "CD",
        "languages": "Ja",
        "version": "",
        "edition": "Original"
    },
    "Emit Vol. 1 - Toki no Maigo (Japan) (En,Ja)": {
        "secondary_name": "エミット　Ｖｏｌ．１　「時の迷子」",
        "group_name": "Emit Vol. 1 - Toki no Maigo",
        "status": "Blue",
        "disc_type": "CD",
        "languages": "En, Ja",
        "version": "",
        "edition": "Original"
    },
    "Ehon Writer - Denshi Ehon - Aesop World Dai-1-shuu (Japan)": {
        "secondary_name": "えほんらいた　電子絵本　イソップワールド　第１集",
        "group_name": "Ehon Writer - Denshi Ehon - Aesop World Dai-1-shuu",
        "status": "Blue",
        "disc_type": "CD",
        "languages": "Ja",
        "version": "",
        "edition": "Original"
    },
    "Suzaku (Japan)": {
        "secondary_name": "",
        "group_name": "Suzaku",
        "status": "Blue",
        "disc_type": "CD",
        "languages": "Ja",
        "version": "",
        "edition": "Original"
    },
    "Microcosm (Japan)": {
        "secondary_name": "マイクロコズム",
        "group_name": "Microcosm",
        "status": "Blue",
        "disc_type": "CD",
        "languages": "Ja",
        "version": "",
        "edition": "FM Towns Soft Collection Kaigai-hen Vol. 35"
    },
    "Indiana Jones and the Last Crusade (Japan) (En,Ja)": {
        "secondary_name": "インディ・ジョーンズ　～最後の聖戦～",
        "group_name": "Indiana Jones and the Last Crusade",
        "status": "Blue",
        "disc_type": "CD",
        "languages": "En, Ja",
        "version": "",
        "edition": "FM Towns Soft Collection Kaigai-hen Vol. 7"
    },
    "Sargon V - World Class Chess (Japan)": {
        "secondary_name": "サルゴンⅤ",
        "group_name": "Sargon V - World Class Chess",
        "status": "Blue",
        "disc_type": "CD",
        "languages": "Ja",
        "version": "",
        "edition": "Original"
    },
    "Fujitsu Air Warrior V2 - Version 2.1 Level 10 (Japan)": {
        "secondary_name": "富士通　ＡＩＲ　ＷＡＲＲＩＯＲ　Ｖ２",
        "group_name": "Fujitsu Air Warrior V2 - Version 2.1 Level 10",
        "status": "Blue",
        "disc_type": "CD",
        "languages": "",
        "version": "",
        "edition": "Original"
    },
    "Mahjong Bishoujoden Ripple (Japan)": {
        "secondary_name": "麻雀美少女伝リップル",
        "group_name": "Mahjong Bishoujoden Ripple",
        "status": "Blue",
        "disc_type": "CD",
        "languages": "Ja",
        "version": "",
        "edition": "Original"
    },
    "Youjuu Senki - A. D. 2048 (Japan)": {
        "secondary_name": "妖獣戦記　－Ａ．Ｄ．２０４８－",
        "group_name": "Youjuu Senki - A. D. 2048",
        "status": "Blue",
        "disc_type": "CD",
        "languages": "Ja",
        "version": "",
        "edition": "Original"
    },
    "F-BASIC386 V1.1L10 (Japan)": {
        "secondary_name": "",
        "group_name": "F-BASIC386 V1.1L10",
        "status": "Blue",
        "disc_type": "CD",
        "languages": "Ja",
        "version": "",
        "edition": "Original"
    },
    "Pegasus V1.1L10 (Japan) (Rev C)": {
        "secondary_name": "",
        "group_name": "Pegasus V1.1L10",
        "status": "Blue",
        "disc_type": "CD",
        "languages": "Ja",
        "version": "Rev C",
        "edition": "Original"
    },
    "Enkaiou (Japan)": {
        "secondary_name": "宴会王",
        "group_name": "Enkaiou",
        "status": "Blue",
        "disc_type": "CD",
        "languages": "Ja",
        "version": "",
        "edition": "Original"
    },
    "Shinjuku Labyrinth (Japan)": {
        "secondary_name": "新宿ラビリンス",
        "group_name": "Shinjuku Labyrinth",
        "status": "Blue",
        "disc_type": "CD",
        "languages": "Ja",
        "version": "",
        "edition": "Original"
    },
    "Shadow of the Beast - Mashou no Okite (Japan) (Rev 1)": {
        "secondary_name": "シャドー・オブ・ザ・ビースト　～魔性の掟～",
        "group_name": "Shadow of the Beast - Mashou no Okite",
        "status": "Blue",
        "disc_type": "CD",
        "languages": "Ja",
        "version": "Rev 1",
        "edition": "Original"
    },
    "Kyrandia II - The Hand of Fate (Japan) (En,Ja)": {
        "secondary_name": "キランディアⅡ　～運命の手～",
        "group_name": "Kyrandia II - The Hand of Fate",
        "status": "Blue",
        "disc_type": "CD",
        "languages": "En, Ja",
        "version": "",
        "edition": "Original"
    },
    "Shangrlia 2 (Japan)": {
        "secondary_name": "シャングリラ２",
        "group_name": "Shangrlia 2",
        "status": "Blue",
        "disc_type": "CD",
        "languages": "Ja",
        "version": "",
        "edition": "Original"
    },
    "Professional Mahjong Goku (Japan)": {
        "secondary_name": "プロフェッショナル麻雀悟空",
        "group_name": "Professional Mahjong Goku",
        "status": "Green",
        "disc_type": "CD",
        "languages": "",
        "version": "",
        "edition": "Original"
    },
    "Drakkhen (Japan)": {
        "secondary_name": "ドラッケン",
        "group_name": "Drakkhen",
        "status": "Green",
        "disc_type": "CD",
        "languages": "",
        "version": "",
        "edition": "FM Towns Soft Collection Kaigai-hen Vol. 12"
    },
    "Towns VNet V1.1 L20 (Japan)": {
        "secondary_name": "",
        "group_name": "Towns VNet V1.1 L20",
        "status": "Blue",
        "disc_type": "CD",
        "languages": "Ja",
        "version": "",
        "edition": "Original"
    },
    "Marble Madness (Japan)": {
        "secondary_name": "マーブル・マッドネス",
        "group_name": "Marble Madness",
        "status": "Blue",
        "disc_type": "CD",
        "languages": "En",
        "version": "",
        "edition": "Original"
    },
    "Towns Sound V1.1L10 (Japan)": {
        "secondary_name": "",
        "group_name": "Towns Sound V1.1L10",
        "status": "Blue",
        "disc_type": "CD",
        "languages": "Ja",
        "version": "",
        "edition": "Original"
    },
    "After Burner III (Japan)": {
        "secondary_name": "アフター・バーナーⅢ",
        "group_name": "After Burner III",
        "status": "Green",
        "disc_type": "CD",
        "languages": "",
        "version": "1.0",
        "edition": "CRI Gokan Pack"
    },
    "Psychic Detective Series Vol. 5 - Nightmare (Japan) (Remake)": {
        "secondary_name": "サイキック・ディテクティヴ・シリーズ　ＶＯＬ．５　「ナイトメア」",
        "group_name": "Psychic Detective Series Vol. 5 - Nightmare",
        "status": "Blue",
        "disc_type": "CD",
        "languages": "Ja",
        "version": "",
        "edition": "Remake"
    },
    "Software Contest Nyuusen Sakuhinshuu 1 (Japan)": {
        "secondary_name": "ソフトウェア・コンテスト　入選作品集　１",
        "group_name": "Software Contest Nyuusen Sakuhinshuu 1",
        "status": "Blue",
        "disc_type": "CD",
        "languages": "Ja",
        "version": "",
        "edition": "Original"
    },
    "Free Ware Collection 2 (Japan)": {
        "secondary_name": "",
        "group_name": "Free Ware Collection 2",
        "status": "Blue",
        "disc_type": "CD",
        "languages": "",
        "version": "",
        "edition": "Original"
    },
    "F-BASIC386 V1.1L10 (Japan) (Rev B)": {
        "secondary_name": "",
        "group_name": "F-BASIC386 V1.1L10",
        "status": "Blue",
        "disc_type": "CD",
        "languages": "Ja",
        "version": "Rev B",
        "edition": "Original"
    },
    "4D Boxing (Japan)": {
        "secondary_name": "４Ｄボクシング",
        "group_name": "4D Boxing",
        "status": "Blue",
        "disc_type": "CD",
        "languages": "En",
        "version": "",
        "edition": "Original"
    },
    "Super Street Fighter II - The New Challengers (Japan)": {
        "secondary_name": "スーパー・ストリート・ファイターⅡ",
        "group_name": "Super Street Fighter II - The New Challengers",
        "status": "Blue",
        "disc_type": "CD",
        "languages": "Ja",
        "version": "",
        "edition": "Original"
    },
    "J. B. Harold Jikenbo 1 - Murder Club DX (Japan)": {
        "secondary_name": "Ｊ.Ｂ.ハロルド事件簿＃１　マーダークラブＤＸ",
        "group_name": "J. B. Harold Jikenbo 1 - Murder Club DX",
        "status": "Blue",
        "disc_type": "CD",
        "languages": "Ja",
        "version": "",
        "edition": "Original"
    },
    "Shamhat - The Holy Circlet (Japan)": {
        "secondary_name": "シャムハト　－Ｔｈｅ　Ｈｏｌｙ　Ｃｉｒｃｌｅｔ－",
        "group_name": "Shamhat - The Holy Circlet",
        "status": "Blue",
        "disc_type": "CD",
        "languages": "Ja",
        "version": "",
        "edition": "Original"
    },
    "Maerchen Toshokan Grimm Douwa - Grimm Maerchen - Bremen no Ongakutai (Japan)": {
        "secondary_name": "メルヒェン図書館グリム童話　「ブレーメンの音楽隊」",
        "group_name": "Maerchen Toshokan Grimm Douwa - Grimm Maerchen - Bremen no Ongakutai",
        "status": "Blue",
        "disc_type": "CD",
        "languages": "Ja",
        "version": "",
        "edition": "Original"
    },
    "Lemon Cocktail Collection (Japan)": {
        "secondary_name": "レモン・カクテル・コレクション",
        "group_name": "Lemon Cocktail Collection",
        "status": "Blue",
        "disc_type": "CD",
        "languages": "Ja",
        "version": "",
        "edition": "Original"
    },
    "Lip 3 - Lipstick Adventure 3 (Japan)": {
        "secondary_name": "リップスティック・アドベンチャー３",
        "group_name": "Lip 3 - Lipstick Adventure 3",
        "status": "Blue",
        "disc_type": "CD",
        "languages": "Ja",
        "version": "",
        "edition": "Original"
    },
    "Dracula Hakushaku - Bishoujo-tachi no Chi no Shitatari (Japan)": {
        "secondary_name": "ドラキュラ伯爵　～美少女たちの血のしたたり～",
        "group_name": "Dracula Hakushaku - Bishoujo-tachi no Chi no Shitatari",
        "status": "Blue",
        "disc_type": "CD",
        "languages": "Ja",
        "version": "",
        "edition": "Original"
    },
    "Ballade for Maria - Maria ni Sasageru Ballade (Japan)": {
        "secondary_name": "マリアに捧げるバラード",
        "group_name": "Ballade for Maria - Maria ni Sasageru Ballade",
        "status": "Blue",
        "disc_type": "CD",
        "languages": "Ja",
        "version": "",
        "edition": "Original"
    },
    "Phobos (Japan)": {
        "secondary_name": "フォボス",
        "group_name": "Phobos",
        "status": "Blue",
        "disc_type": "CD",
        "languages": "Ja",
        "version": "",
        "edition": "Original"
    },
    "Towns Chiri - Jigsaw World (Japan)": {
        "secondary_name": "ＴＯＷＮＳ地理　ジグソー・ワールド",
        "group_name": "Towns Chiri - Jigsaw World",
        "status": "Blue",
        "disc_type": "CD",
        "languages": "Ja",
        "version": "",
        "edition": "Original"
    },
    "Hyper Planet (Japan)": {
        "secondary_name": "",
        "group_name": "Hyper Planet",
        "status": "Blue",
        "disc_type": "CD",
        "languages": "Ja",
        "version": "",
        "edition": "Original"
    },
    "SimEarth - The Living Planet (Japan)": {
        "secondary_name": "シムアース",
        "group_name": "SimEarth - The Living Planet",
        "status": "Blue",
        "disc_type": "CD",
        "languages": "Ja",
        "version": "",
        "edition": "FM Towns Soft Collection Kaigai-hen Vol. 15"
    },
    "Populous & The Promised Lands (Japan)": {
        "secondary_name": "ポピュラス＆プロミスト・ランド",
        "group_name": "Populous & The Promised Lands",
        "status": "Blue",
        "disc_type": "CD",
        "languages": "Ja",
        "version": "",
        "edition": "Original"
    },
    "Mobile Suit Gundam - Hyper Desert Operation (Japan)": {
        "secondary_name": "",
        "group_name": "Mobile Suit Gundam - Hyper Desert Operation",
        "status": "Blue",
        "disc_type": "CD",
        "languages": "Ja",
        "version": "",
        "edition": "Original"
    },
    "Evolution (Japan)": {
        "secondary_name": "",
        "group_name": "Evolution",
        "status": "Blue",
        "disc_type": "CD",
        "languages": "En",
        "version": "",
        "edition": "Original"
    },
    "Youjuu Senki 2 - Reimei no Senshi-tachi (Japan)": {
        "secondary_name": "妖獣戦記２　～黎明の戦士たち～",
        "group_name": "Youjuu Senki 2 - Reimei no Senshi-tachi",
        "status": "Blue",
        "disc_type": "CD",
        "languages": "Ja",
        "version": "",
        "edition": "Original"
    },
    "GunBlaze (Japan)": {
        "secondary_name": "ガンブレイズ",
        "group_name": "GunBlaze",
        "status": "Blue",
        "disc_type": "CD",
        "languages": "Ja",
        "version": "",
        "edition": "Original"
    },
    "Branmarker 2 (Japan) (Game Disc)": {
        "secondary_name": "ブランマーカー２",
        "group_name": "Branmarker 2",
        "status": "Blue",
        "disc_type": "CD",
        "languages": "Ja",
        "version": "",
        "edition": "Original"
    },
    "Branmarker 2 (Japan) (Extra Disc)": {
        "secondary_name": "ブランマーカー２",
        "group_name": "Branmarker 2",
        "status": "Blue",
        "disc_type": "CD",
        "languages": "Ja",
        "version": "",
        "edition": "Original"
    },
    "Princess Maker 2 (Japan)": {
        "secondary_name": "プリンセス・メーカー２",
        "group_name": "Princess Maker 2",
        "status": "Blue",
        "disc_type": "CD",
        "languages": "Ja",
        "version": "",
        "edition": "Original"
    },
    "Dragon Knight 4 (Japan)": {
        "secondary_name": "",
        "group_name": "Dragon Knight 4",
        "status": "Blue",
        "disc_type": "CD",
        "languages": "Ja",
        "version": "",
        "edition": "Original"
    },
    "Manhole, The (Japan)": {
        "secondary_name": "マンホール",
        "group_name": "Manhole, The",
        "status": "Blue",
        "disc_type": "CD",
        "languages": "Ja",
        "version": "",
        "edition": "FM Towns Soft Collection Kaigai-hen Vol. 9"
    },
    "Igo II (Japan) (Rev A)": {
        "secondary_name": "囲碁Ⅱ",
        "group_name": "Igo II",
        "status": "Blue",
        "disc_type": "CD",
        "languages": "Ja",
        "version": "Rev A",
        "edition": "Original"
    },
    "Animation Zenith (Japan)": {
        "secondary_name": "ゼニス",
        "group_name": "Animation Zenith",
        "status": "Blue",
        "disc_type": "CD",
        "languages": "Ja",
        "version": "",
        "edition": "Original"
    },
    "Rayxanber (Japan)": {
        "secondary_name": "ライザンバー",
        "group_name": "Rayxanber",
        "status": "Blue",
        "disc_type": "CD",
        "languages": "En",
        "version": "",
        "edition": "Original"
    },
    "Alshark (Japan)": {
        "secondary_name": "アルシャーク",
        "group_name": "Alshark",
        "status": "Blue",
        "disc_type": "CD",
        "languages": "Ja",
        "version": "",
        "edition": "Original"
    },
    "Lesser Mern (Japan)": {
        "secondary_name": "レッサー・メルン",
        "group_name": "Lesser Mern",
        "status": "Blue",
        "disc_type": "CD",
        "languages": "Ja",
        "version": "",
        "edition": "Original"
    }
}