{
    "description": {
        "name": [
			["Sony - PlayStation 2", 1]
		],
        "last updated": "14 June 2020"
    },

    "compilations": [
        "King of Fighters 2000-2001, The (Europe)"
	],

	"overrides": {
		"MLB 2003 (Japan)": ["MLB 2004", false],
		"MLB 2004 (Japan)": ["MLB 2005", false],
		"Silent Hill 2 (USA) (En,Ja,Fr,De,Es,It) (v2.01)": ["Silent Hill 2 - Director's Cut", true]
	},

	"conditional_overrides": {
		"Dragon Blaze (Europe)": {
			"new_group": "Psikyo Shooting Collection Vol. 3 - Sol Divide & Dragon Blaze",
			"condition": {
				"region": ["Japan"],
				"higher_than": ["Europe"]
			}
		},
		"Sol Divide (Europe)": {
			"new_group": "Psikyo Shooting Collection Vol. 3 - Sol Divide & Dragon Blaze",
			"condition": {
				"region": ["Japan"],
				"higher_than": ["Europe"]
			}
		},
		"Psikyo Shooting Collection Vol. 3 - Sol Divide & Dragon Blaze (Japan)": {
			"new_group": "Dragon Blaze",
			"condition": {
				"region": ["Europe"],
				"higher_than": ["Japan"]
			}
		}
	},

    "renames": {
        "007 - From Russia with Love": [
			["007 - Russia yori Ai o Komete", 1]
		],
		"10.000 Bullets": [
			["Tsukiyo ni Saraba", 1]
		],
		"1945 I & II": [
			["Psikyo Shooting Collection Vol. 1 - Strikers 1945 I & II", 1]
		],
		"3 nen B gumi Kinpachi Sensei - Densetsu no Kyoudan ni Tate!": [
			["3 nen B gumi Kinpachi Sensei - Densetsu no Kyoudan ni Tate! Kanzenban", -1]
		],
		"A-Train 6": [
			["A6 - A Ressha de Ikou 6", 1]
		],
		"AC-DC Live - Rock Band Track Pack": [
			["AC-DC Live - Rock Band", 1]
		],
		"Ace Combat 04 - Shattered Skies": [
			["Ace Combat - Distant Thunder", 1]
		],
		"Ace Combat 5 - The Unsung War": [
			["Ace Combat - Squadron Leader", 1]
		],
		"Ace Combat Zero - The Belkan War": [
			["Ace Combat - The Belkan War", 1]
		],
		"Aces of War": [
			["Reishiki Kanjou Sentouki", 1]
		],
		"Adventures of Cookie & Cream, The": [
			["Kuri Kuri Mix", 1]
		],
		"Adiboo and the Energy Thieves": [
			["Energy Thieves, The", 1]
		],
		"Adventures of Darwin, The": [
			["Darwin", 1]
		],
		"Aero Elite - Combat Academy": [
			["Aero Dancing 4 - New Generation", 1]
		],
		"AFL Live 2004": [
			["AFL Live 2004 - Aussie Rules Football", 1]
		],
		"Ai yori Aoshi": [
			["SuperLite 2000 Vol. 32 - Ai yori Aoshi", 1]
		],
		"AirForce Delta Strike": [
			["AirForce Delta - Blue Wing Knights", 1],
			["Deadly Skies III", 1]
		],
		"Alarm for Cobra 11 - Vol. II": [
			["Alarm for Cobra 11 Vol. 2 - Hot Pursuit", 1]
		],
		"Alex Ferguson's Player Manager 2001": [
			["DSF Fussball Manager 2002", 1],
			["Guy Roux Manager 2002", 1]
		],
		"Alfa Romeo Racing Italiano": [
			["SCAR - Squadra Corse Alfa Romeo", 1]
		],
		"All-Star Fighters": [
			["Simple 2000 Series Vol. 91 - The All Star Kakutousai", 1]
		],
		"Alpine Racer 3": [
			["Downhill Racer", 1]
		],
		"Altered Beast": [
			["Juuouki - Project Altered Beast", 1]
		],
		"Amagami (ebKore Plus)": [
			["Amagami", 2]
		],
		"Amagoushi no Yakata": [
			["Amagoushi no Yakata - Ichiyanagi Nagomu, Saisho no Junan", 2]
		],
		"American Idol": [
			["Pop Idol", 1]
		],
		"AMF Xtreme Bowling": [
			["AMF Xtreme Bowling 2006", 1]
		],
		"Angelique Etoile (Premium Box)": [
			["Angelique Etoile", 2]
		],
		"Angelique Trois (Premium Box)": [
			["Angelique Trois", 2]
		],
		"Ape Escape - Pumped & Primed": [
			["Gacha Mecha Stadium Saru Battle", 1]
		],
		"Ape Escape 2": [
			["Saru! Get You! 2", 1]
		],
		"Ape Escape 3": [
			["Saru! Get You! 3", 1],
			["Zhuo Hou La 3", 1]
		],
		"Aqua Aqua": [
			["Aqua Aqua - Wetrix 2", 1],
			["Aquaqua", 1]
		],
		"Arc the Lad - End of Darkness": [
			["Arc the Lad - Generation", 1]
		],
		"Arc the Lad - Seirei no Tasogare (Premium Box)": [
			["Arc the Lad - Seirei no Tasogare", 1]
		],
		"Arc the Lad - Twilight of the Spirits": [
			["Arc the Lad - Jeongryeongui Hwanghon", 1],
			["Arc the Lad - Jing Ling Zhi Huang Hun", 1],
			["Arc - Twilight of the Spirits", 1]
		],
		"Army Men - Air Attack 2": [
			["Army Men - Air Attack - Blade's Revenge", 1]
		],
		"Armored Core - Last Raven (Champion Tokubetsu-ban)": [
			["Armored Core - Last Raven (Machine Side Box)", 1],
			["Armored Core - Last Raven", 2]
		],
		"Arthur and the Invisibles - The Game": [
			["Arthur and the Minimoys", 1]
		],
		"Artlist Collection - The Dog Island": [
			["Artlist Collection - The Dog Island - Hitotsu no Hana no Monogatari", 1]
		],
		"Asterix & Obelix - Kick Buttix": [
			["Asterix & Obelix XXL", 1]
		],
		"Asterix at the Olympic Games": [
			["Asterix aux Jeux Olympiques", 1]
		],
		"Astro Boy": [
			["Astro Boy - Tetsuwan Atom", 1],
			["Astro Boy Atom", 1]
		],
		"Atelier Iris - Eternal Mana": [
			["Iris no Atelier - Eternal Mana", 1]
		],
		"Atelier Iris 2 - The Azoth of Destiny": [
			["Iris no Atelier - Eternal Mana 2", 1]
		],
		"Atelier Iris 3 - Grand Phantasm": [
			["Iris no Atelier - Grand Fantasm", 1]
		],
		"ATV Offroad Fury": [
			["ATV Offroad - All Terrain Vehicle", 1]
		],
		"Bakufuu Slash! Kizuna Arashi (EyeToy Camera Doukonban)": [
			["Bakufuu Slash! Kizuna Arashi", 2]
		],
		"Bad Boys - Miami Takedown": [
			["Bad Boys II", 1]
		],
		"Basketball Xciting": [
			["Simple 2000 Series Vol. 30 - The Street Basketball - 3 on 3", 1]
		],
		"BCV - Battle Construction Vehicles": [
			["Kensetsu Juuki Kenka Battle - Buchigire Kongou!!", 1]
		],
		"Billiards Xciting": [
			["Simple 2000 Series Vol. 14 - The Billiard", 1]
		],
		"Bistro Cupid 2 (Tokubetsu-ban)": [
			["Bistro Cupid 2", 2]
		],
		"Beat Down - Fists of Vengeance": [
			["Beat Down", 1]
		],
		"Big Mutha Truckers": [
			["Bakusou Convoy Densetsu - Otoko Hanamichi America Roman", 1]
		],
		"Big Mutha Truckers 2": [
			["Big Mutha Truckers 2 - Truck Me Harder", 1]
		],
		"Blood Will Tell - Tezuka Osamu's Dororo": [
			["Dororo", 1]
		],
		"Bob the Builder - Festival of Fun": [
			["Bob O Construtor - Festival do Divertimento", 1]
		],
		"Boboboubo Boubobo - Atsumare!! Taikan Boubobo (EyeToy Camera Doukonban)": [
			["Boboboubo Boubobo - Atsumare!! Taikan Boubobo", 2]
		],
		"Bode Miller Alpine Skiing": [
			["Alpine Skiing 2006 featuring Bode Miller", 1]
		],
		"Bombastic": [
			["XIGO - Zuihou de Touzi", 1]
		],
		"Boxing Champions": [
			["Simple 2000 Series Vol. 7 - The Boxing - Real Fist Fighter", 1]
		],
		"Breath of Fire - Dragon Quarter": [
			["Breath of Fire V - Dragon Quarter", 1]
		],
		"Brian Lara International Cricket 2005": [
			["Ricky Ponting International Cricket 2005", 1]
		],
		"Brian Lara International Cricket 2007": [
			["Ricky Ponting International Cricket 2007", 1]
		],
		"Broken Sword - The Sleeping Dragon": [
			["Baphomets Fluch - Der Schlafende Drache", 1],
			["Chevaliers de Baphomet, Les - Le Manuscrit de Voynich", 1]
		],
		"Brothers in Arms - Earned in Blood": [
			["Brothers in Arms - Meiyo no Daishou", 1]
		],
		"Bujingai - The Forsaken City": [
			["Bujingai", 1],
			["Bujingai - Swordmaster", 1],
			["Muinga", 1]
		],
		"Bully": [
			["Canis Canem Edit", 1]
		],
		"Burnout 2 - Point of Impact": [
			["Burnout 2 - Point of Impact (SLES-52968)", 1]
		],
		"Bust-A-Bloc": [
			["Simple 2000 Series Vol. 5 - The Block Kuzushi Hyper", 1]
		],
		"Buzz! The Big Quiz": [
			["Buzz! Das grosse Quiz", 1],
			["Buzz! El Gran Reto", 1],
			["Buzz! Il Superquiz", 1],
			["Buzz! Le Grand Quiz", 1],
			["Buzz! O Grande Quiz", 1],
			["Buzz! Suuri Tietovisa", 1]
		],
		"Buzz! The Mega Quiz": [
			["Big! Mega Quiz, The", 1],
			["Buzz! Das Mega-Quiz", 1],
			["Buzz! Le Mega Quiz", 1],
			["Buzz! El Mega Concurso", 1],
			["Buzz! Megavisa", 1],
			["Buzz! O Mega Quiz", 1],
			["Buzz! The Maha Quiz", 1]
		],
		"Buzz! The Hollywood Quiz": [
			["Buzz! Hollywood", 1],
			["Buzz! Hollywood Leffavisa", 1],
			["Buzz! Hollywood Quiz", 1]
		],
		"Buzz! The Sports Quiz": [
			["Buzz! Das Sport-Quiz", 1],
			["Buzz! El Gran Concurso de Deportes", 1],
			["Buzz! Sporttivisa", 1],
			["Buzz! Le Quiz du Sport", 1],
			["Buzz! O Quiz Desportivo", 1]
		],
		"Cabela's Dangerous Hunts 2009": [
			["Cabela's Dangerous Adventures", 1]
		],
		"Call of Duty 2 - Big Red One": [
			["Call of Duty 2 - Big Red One (Collector's Edition)", -1]
		],
		"Capcom Classics Collection Vol. 1": [
			["Capcom Classics Collection", 1]
		],
		"Capcom Fighting Evolution": [
			["Capcom Fighting Jam", 1]
		],
		"Capcom vs. SNK 2 - Mark of the Millennium 2001": [
			["Capcom vs. SNK 2 - Millionaire Fighting 2001", 1]
		],
		"Car Racing Challenge": [
			["Simple 2000 Series Vol. 68 - The Tousou Highway - Nagoya-Tokyo", 1]
		],
		"Castle Shikigami 2": [
			["Shikigami no Shiro II", 1],
			["Siksin-ui Seong", 1]
		],
		"Castlevania - Curse of Darkness": [
			["Akumajou Dracula - Yami no Juin", 1]
		],
		"Castlevania - Lament of Innocence": [
			["Castlevania", 1]
		],
		"Castleween": [
			["Mahou no Pumpkin - Ann to Greg no Daibouken", 1]
		],
		"Championship Manager 5": [
			["Entraineur 5, L' - Saison 04-05", 1],
			["Scudetto 5", 1]
		],
		"Choro Q HG (Jenny Hi-Grade Box)": [
			["Choro Q HG", 2]
		],
		"Chou Kousoku Mahjong": [
			["Chou Kousoku Mahjong Plus", -1]
		],
		"Chronicles of Narnia, The - The Lion, the Witch and the Wardrobe": [
			["Cronache di Narnia, Le - Il leone, la strega e l'armadio", 1],
			["Cronicas de Narnia, Las - El Leon, la Bruja y el Armario", 1],
			["Chroniken von Narnia, Die - Der Koenig von Narnia", 1],
			["Opowiesci z Narnii - Lew, Czarownica i Stara Szafa", 1]
		],
		"Colosseum - Road to Freedom": [
			["Gladiator - Road to Freedom", 1]
		],
		"Conflict - Desert Storm": [
			["Conflict Delta - Wangan Sensou 1991", 1]
		],
		"Conflict - Desert Storm II - Back to Baghdad": [
			["Conflict - Desert Storm II", 1],
			["Conflict Delta II - Wangan Sensou 1991", 1]
		],
		"Conflict - Global Terror": [
			["Conflict - Global Storm", 1]
		],
		"Conflict Zone - Modern War Strategy": [
			["Conflict Zone", 1]
		],
		"Contra - Shattered Soldier": [
			["Shin Contra", 1]
		],
		"Corvette Evolution GT": [
			["Evolution GT", 1]
		],
		"Covert Command": [
			["Simple 2000 Series Vol. 102 - The Hohei - Senjou no Inu-tachi", 1]
		],
		"Crash Bandicoot - The Wrath of Cortex": [
			["Crash Bandicoot 4 - Sakuretsu! Majin Power", 1]
		],
		"Crash Nitro Kart": [
			["Crash Bandicoot - Bakusou! Nitro Kart", 1]
		],
		"Crash Twinsanity": [
			["Crash Bandicoot 5 - Eeee Crash to Cortex no Yabou!", 1]
		],
		"Crazy Frog Arcade Racer": [
			["Crazy Frog Racer 2", 1]
		],
		"Crimson Sea 2": [
			["Kurenai no Umi 2 - Crimson Sea", 1]
		],
		"Crouching Tiger, Hidden Dragon": [
			["Gako Zouryuu - Crouching Tiger, Hidden Dragon", 1]
		],
		"CSI - Crime Scene Investigation - 3 Dimensions of Murder": [
			["CSI - Crime Scene Investigation", 1]
		],
		"Cy Girls (Disc 1) (Ice)": [
			["Cy Girls (Ice Disc)", 1]
		],
		"Cy Girls (Disc 2) (Aska)": [
			["Cy Girls (Aska Disc)", 1]
		],
		"Cyber Troopers - Virtual-On Marz": [
			["Dennou Senki - Virtual-On Marz", 1]
		],
		"Dai Senryaku VII - Modern Military Tactics Exceed": [
			["Daisenryaku VII - Exceed", 1]
		],
		"Dance Dance Revolution Extreme": [
			["Dancing Stage Fusion", 1]
		],
		"Dance Dance Revolution Extreme 2": [
			["Dance Dance Revolution Strike", 1],
			["Dancing Stage Max", 1]
		],
		"Dance Dance Revolution SuperNova": [
			["Dancing Stage SuperNova", 1]
		],
		"Dance Dance Revolution SuperNova 2": [
			["Dancing Stage SuperNova 2", 1]
		],
		"Dance-UK": [
			["All Music Dance!", 1],
			["Dance Europe", 1]
		],
		"Dance-UK XL": [
			["Dance-UK XL Lite", 2]
		],
		"Dark Cloud 2": [
			["Dark Chronicle", 1]
		],
		"Dawn of Mana": [
			["Seiken Densetsu 4", 1]
		],
		"DDRMAX - Dance Dance Revolution": [
			["Dancing Stage MegaMix", 1],
			["DDRMAX - Dance Dance Revolution 6th MIX", 1]
		],
		"DDRMAX2 - Dance Dance Revolution": [
			["DDRMAX2 - Dance Dance Revolution 7th MIX", 1]
		],
		"Deadly Strike": [
			["Simple 2000 Series Ultimate Vol. 16 - Sengoku VS Gendai", 1]
		],
		"Death by Degrees": [
			["Tekken's Nina Williams in - Death by Degrees", 1]
		],
		"Deep Water": [
			["Simple 2000 Series Vol. 54 - The Daikaijuu", 1]
		],
		"Defender": [
			["Defender - For All Mankind", 1]
		],
		"DekaVoice (USB Mic Doukonban)": [
			["DekaVoice", 2]
		],
		"Demo Disc Version 2.2": [
			["Demo Disc Version 2.1", 1]
		],
		"Demolition Girl": [
			["Simple 2000 Series Vol. 50 - The Daibijin", 1]
		],
		"Demon Chaos": [
			["Ikusagami", 1],
			["Jeonsin - Ikusagami", 1]
		],
		"Demon Stone": [
			["Forgotten Realms - Demon Stone", 1]
		],
		"Densha de Go! 3 - Tsuukin-hen": [
			["Simple 2000 Series Vol. 22 - The Tsuukin Densha Untenshi - Densha de Go! 3 - Tsuukin-hen", 2]
		],
		"Detonator": [
			["Buile Baku", 1]
		],
		"Deus Ex - The Conspiracy": [
			["Deus Ex", 1]
		],
		"Devil May Cry 2 (Disc 1)": [
			["Devil May Cry 2 (Disc 1) (Dante)", 1]
		],
		"Devil May Cry 2 (Disc 2)": [
			["Devil May Cry 2 (Disc 2) (Lucia)", 1]
		],
		"Devil May Cry 3 - Dante's Awakening": [
			["Devil May Cry 3 - Dante's Awakening (Special Edition)", -1],
			["Devil May Cry 3", 1]
		],
		"Devil May Cry 3 - Dante's Awakening (Special Edition)": [
			["Devil May Cry 3 (Special Edition)", 1]
		],
		"Di Gi Charat Fantasy Excellent (Premium-ban)": [
			["Di Gi Charat Fantasy Excellent (Standard-ban)", 2]
		],
		"Digimon World 4": [
			["Digimon World X", 1]
		],
		"Digimon World - Data Squad": [
			["Digimon Savers - Another Mission", 1]
		],
		"Digital Hitz Factory": [
			["Music 3000", 1]
		],
		"Dino Stalker": [
			["Gun Survivor 3 - Dino Crisis", 1]
		],
		"Disaster Report": [
			["SOS - The Final Escape", 1],
			["Zettai Zetsumei Toshi 2 - Itetsuita Kioku-tachi", 1]
		],
		"Disney Golf": [
			["Disney Golf Classic", 1]
		],
		"Disney Presents Piglet's Big Game": [
			["Disney's Piglet's Big Game", 1],
			["Disneys Ferkels grosses Abenteuer-Spiel", 1],
			["Disney's Knorretje Kleine Grote Held", 1],
			["Disney Piglet el Gran Juego", 1],
			["Disney Pimpi, Piccolo Grande Eroe", 1],
			["Disney Les Aventures de Porcinet", 1]
		],
		"Disney-Pixar Cars": [
			["Disney-Pixar Bilar", 1]
		],
		"Disney-Pixar Cars - Mater-National Championship": [
			["Disney-Pixar Cars - Hook International", 1],
			["Disney-Pixar Cars - La Copa Internacional de Mate", 1],
			["Disney-Pixar Cars - La Coppa Internazionale di Carl Attrezzi", 1]
		],
		"Disney-Pixar Finding Nemo": [
			["Disney-Pixar A Procura de Nemo", 1],
			["Disney-Pixar Alla Ricerca di Nemo", 1]
		],
		"Disney-Pixar Monsters, Inc.": [
			["Disney-Pixar Monsters, Inc. - Scare Island", 1],
			["Disney-Pixar Monster & Co. - L'Isola dello Spavento", 1],
			["Disney-Pixar Monsterit Oy - Saeikkysaari", 1],
			["Disney-Pixar Monsters en Co. - Schrik Eiland", 1],
			["Disney-Pixar Monsters, Inc. - Skraemmaroen", 1],
			["Disney-Pixar Monstres & Cie - L'ile de l'Epouvante", 1],
			["Disney-Pixar Monstruos, S.A. - Isla de los Sustos", 1],
			["Disney-Pixar Die Monster AG - Schreckens-Insel", 1]
		],
		"Disney-Pixar The Incredibles": [
			["Disney-Pixar Gli Incredibili", 1],
			["Disney-Pixar Los Increibles", 1],
			["Disney-Pixar Die Unglaublichen", 1],
			["Incredibles, The - Os Super-Herois", 1]
		],
		"Disney-Pixar Up": [
			["Disney-Pixar Psila ston Ourano", 1],
			["Disney-Pixar Oben", 1]
		],
		"Disney-Pixar WALL-E": [
			["Disney-Pixar WALL-E - Der Letzte raeumt die Erde auf", 1]
		],
		"Disney's Chicken Little": [
			["Disney Chicken Little", 1],
			["Disneys Himmel und Huhn", 1]
		],
		"Disney's Chicken Little - Ace in Action": [
			["Disneys Himmel und Huhn - Ace in Action", 1],
			["Disney Chicken Little - As en Accion", 1],
			["Disney Chicken Little - Asso Spaziale!", 1],
			["Disney Chicken Little - Aventures Intergalactiques", 1]
		],
		"Disney's Donald Duck - Goin' Quackers": [
			["Disney's Donald Duck - Quack Attack", 1]
		],
		"Disney's PK - Out of the Shadows": [
			["Disney's Donald Duck PK", 1]
		],
		"Disney's Tarzan - Untamed": [
			["Disney's Tarzan - Freeride", 1]
		],
		"Disney's Winnie the Pooh's Rumbly Tumbly Adventure": [
			["Disney Urodzinowe Przygody Kubusia", 1]
		],
		"DJbox (Premium Kit)": [
			["DJbox", 2]
		],
		"DNA - Dark Native Apostle": [
			["D.N.A. - Dark Native Apostle", 1]
		],
		"Dead or Alive 2": [
			["DOA2 - Hardcore", -1]
		],
		"Dot Hack G.U. Vol. 1 - Rebirth": [
			["Dot Hack G.U. Vol. 1 - Saitan", 1]
		],
		"Dot Hack G.U. Vol. 2 - Reminisce": [
			["Dot Hack G.U. Vol. 2 - Kimi Omou Koe", 1]
		],
		"Dot Hack G.U. Vol. 3 - Redemption": [
			["Dot Hack G.U. Vol. 3 - Aruku You na Hayasa de", 1]
		],
		"Dot Hack Part 1 - Infection": [
			["Dot Hack Kansen Kakudai Vol. 1", 1],
			["Dot Hack Vol. 1 - Infection", 1]
		],
		"Dot Hack Part 2 - Mutation": [
			["Dot Hack Akusei Hen'i Vol. 2", 1],
			["Dot Hack Vol. 2 - Mutation", 1]
		],
		"Dot Hack Part 3 - Outbreak": [
			["Dot Hack Shinshoku Osen Vol. 3", 1],
			["Dot Hack Vol. 3 - Outbreak", 1]
		],
		"Dot Hack Part 4 - Quarantine": [
			["Dot Hack Zettai Houi Vol. 4", 1]
		],
		"Dr. Seuss' The Cat in the Hat": [
			["Cat in the Hat, The", 1]
		],
		"Dragon Ball Z - Budokai 2": [
			["Dragon Ball Z 2V", -1],
			["Dragon Ball Z 2", 1]
		],
		"Dragon Ball Z - Budokai 3": [
			["Dragon Ball Z - Budokai 3 - Collector's Edition", -1],
			["Dragon Ball Z 3", 1]
		],
		"Dragon Ball Z - Budokai Tenkaichi": [
			["Dragon Ball Z Sparking!", 1]
		],
		"Dragon Ball Z - Budokai Tenkaichi 2": [
			["Dragon Ball Z Sparking! Neo", 1]
		],
		"Dragon Ball Z - Budokai Tenkaichi 3": [
			["Dragon Ball Z Sparking! Meteor", 1]
		],
		"Dragon Quest VIII - Journey of the Cursed King": [
			["Dragon Quest - The Journey of the Cursed King", 1],
			["Dragon Quest VIII - Sora to Umi to Daichi to Norowareshi Himegimi", 1]
		],
		"Dragon Sisters": [
			["Simple 2000 Series Vol. 87 - The Nadeshiko", 1]
		],
		"Drakengard": [
			["Drag-on Dragoon", 1]
		],
		"Drakengard 2": [
			["Drag-on Dragoon 2 - Fuuin no Aka, Haitoku no Kuro", 1]
		],
		"DreamWorks Madagascar - Escape 2 Africa": [
			["DreamWorks Madagaskar 2", 1]
		],
		"DreamWorks Over the Hedge": [
			["DreamWorks La Gang del Bosco", 1],
			["DreamWorks Vecinos Invasores", 1],
			["Pa Andra Sidan Haecken", 1]
		],
		"DreamWorks Shark Tale": [
			["DreamWorks Hajar som Hajar", 1]
		],
		"Driver - Parallel Lines (Limited Edition)": [
			["Driver - Parallel Lines", 2]
		],
		"Duel Masters": [
			["Duel Masters - Birth of Super Dragon", 1]
		],
		"DVD Player Version 2.14": [
			["DVD Player Version 3.04", 1],
			["DVD Player Version 3.00", 2],
			["DVD Player Version 2.16", 3],
			["DVD Player Version 2.12", 4],
			["DVD Player Version 2.10", 5],
			["DVD Player Version 2.01", 6]
		],
		"Dynasty Tactics": [
			["Samgukji Jeongi", 1],
			["San Guo Zhi Zhan Ji", 1],
			["Sangokushi Senki", 1]
		],
		"Dynasty Tactics 2": [
			["Samgukji Jeongi 2", 1],
			["Sangokushi Senki 2 (Sangokushi no Sekai Duo Treasure Box)", 1],
			["Sangokushi Senki 2", 2]
		],
		"Dynasty Warriors - Gundam 2": [
			["Gundam Musou 2", 1]
		],
		"Dynasty Warriors 2": [
			["Jin Samguk Mussang", 1],
			["Shin Sangoku Musou (Shin Sangoku Musou Series Collection Joukan)", 1],
			["Shin Sangoku Musou", 2]
		],
		"Dynasty Warriors 3": [
			["Jin Samguk Mussang 2", 1],
			["Shin Sangoku Musou 2 (Shin Sangoku Musou Series Collection Joukan)", 1],
			["Zhen San Guo Wu Shuang 2", 1],
			["Shin Sangoku Musou 2", 2]
		],
		"Dynasty Warriors 3 - Xtreme Legends": [
			["Jin Samguk Mussang 2 - Maengjangjeon", 1],
			["Shin Sangoku Musou 2 - Moushouden (Shin Sangoku Musou Series Collection Joukan)", 1],
			["Shin Sangoku Musou 2 - Moushouden", 2]
		],
		"Dynasty Warriors 4": [
			["Jin Samguk Mussang 3", 1],
			["Shin Sangoku Musou 3 (Shin Sangoku Musou Series Collection Joukan)", 1],
			["Shin Sangoku Musou 3", 2]
		],
		"Dynasty Warriors 4 - Empires": [
			["Jin Samguk Mussang 3 - Empires", 1],
			["Shin Sangoku Musou 3 - Empires", 1]
		],
		"Dynasty Warriors 4 - Xtreme Legends": [
			["Jin Samguk Mussang 3 - Maengjangjeon", 1],
			["Shin Sangoku Musou 3 - Moushouden (Shin Sangoku Musou Series Collection Joukan)", 1],
			["Shin Sangoku Musou 3 - Moushouden", 2]
		],
		"Dynasty Warriors 5": [
			["Jin Samguk Mussang 4", 1],
			["Shin Sangoku Musou 4", 1]
		],
		"Dynasty Warriors 5 - Empires": [
			["Shin Sangoku Musou 4 - Empires (Super Premium Box)", 1],
			["Shin Sangoku Musou 4 - Empires", 2]
		],
		"Dynasty Warriors 5 - Xtreme Legends": [
			["Jin Samguk Mussang 4 - Maengjangjeon", 1],
			["Shin Sangoku Musou 4 - Moushouden (Super Premium Box)", 1],
			["Shin Sangoku Musou 4 - Moushouden", 2]
		],
		"Shin Sangoku Musou 5 Special (Disc 1)": [
			["Dynasty Warriors 6", 0],
			["Jin Samguk Mussang 5 Special", 0]
		],
		"Shin Sangoku Musou 5 Special (Disc 2)": [
			["Dynasty Warriors 6", 0],
			["Jin Samguk Mussang 5 Special", 0]
		],
		"E.O.E - Eve of Extinction": [
			["E.O.E - Eve of Extinction - Houkai no Zen'ya", 1]
		],
		"Eagle Eye Golf": [
			["Enjoy Golf!", 1]
		],
		"Echo Night - Beyond": [
			["Nebula - Echo Night", 1]
		],
		"Egg Mania - Eggstreme Madness": [
			["Eggo Mania", 1],
			["Egg Mania - Tsukande! Mawashite! Dossun Puzzle!!", 1]
		],
		"Energy Airforce - Aim Strike!": [
			["Energy Airforce AimStrike!", 1]
		],
		"Enthusia - Professional Racing": [
			["Enthusia Professional Racing", 1]
		],
		"Escape from Monkey Island": [
			["Flucht von Monkey Island", 1],
			["Fuga da Monkey Island", 1],
			["Fuga de Monkey Island, La", 1]
		],
		"ESPN International Track & Field": [
			["Ganbare! Nippon! Olympic 2000", 1]
		],
		"ESPN International Winter Sports 2002": [
			["ESPN International Winter Sports", 1],
			["Hyper Sports 2002 Winter", 1]
		],
		"ESPN NBA 2Night 2002": [
			["NBA 2Night 2002", 1]
		],
		"ESPN Winter X Games Snowboarding": [
			["Winter X Games Snowboarding", 1]
		],
		"ESPN X Games Skateboarding": [
			["X Games Skateboarding", 1]
		],
		"Eternal Poison": [
			["Poison Pink", 1]
		],
		"Eternal Quest": [
			["Simple 2000 Series Vol. 20 - The Dungeon RPG - Shinobi - Mamono no Sumu Shiro", 1]
		],
		"Eureka Seven Vol. 1 - The New Wave": [
			["Eureka Seven TR1 - New Wave Graduation", 1],
			["Eureka Seven TR1 - New Wave", 2]
		],
		"Eureka Seven Vol. 2 - The New Vision": [
			["Eureka Seven - New Vision", 1]
		],
		"Ever 17 - The Out of Infinity Premium Edition": [
			["Ever 17 - The Out of Infinity (Infinity Plus)", 2],
			["Ever 17 - The Out of Infinity", 4],
			["SuperLite 2000 Vol. 24 - Ever 17 - The Out of Infinity - Premium Edition", 2]
		],
		"Evil Dead - A Fistful of Boomstick": [
			["Evil Dead - A Fistful of Boomstick (SLES-51588)", 2]
		],
		"EX Jinsei Game (Roulette Controller Doukonban)": [
			["EX Jinsei Game", 2]
		],
		"EyeToy - Furi Furi Dance Tengoku (EyeToy Camera Doukonban)": [
			["EyeToy - Furi Furi Dance Tengoku", 2]
		],
		"EyeToy - Operation Spy": [
			["SpyToy", 1]
		],
		"EyeToy - Play 2 (EyeToy Camera Doukonban)": [
			["EyeToy - Play 2", 2]
		],
		"Fantavision": [
			["Fantavision - For You and Me", 1]
		],
		"Fahrenheit": [
			["Indigo Prophecy", 1]
		],
		"Fatal Frame": [
			["Project Zero", 1],
			["Zero", 1]
		],
		"Fatal Frame II - Crimson Butterfly": [
			["Project Zero II - Crimson Butterfly", 1],
			["Zero - Akai Chou", 1]
		],
		"Fatal Frame III - The Tormented": [
			["Project Zero 3", 1],
			["Zero - Shisei no Koe", 1]
		],
		"Fate-stay night - Realta Nua": [
			["Fate-stay night - Realta Nua (Extra Edition)", -1]
		],
		"FIFA 2001": [
			["FIFA 2001 - World Championship", 1]
		],
		"FIFA Soccer 06": [
			["FIFA 06", 1]
		],
		"FIFA Soccer 07": [
			["FIFA 07", 1]
		],
		"FIFA Soccer 08": [
			["FIFA 08", 1]
		],
		"FIFA Soccer 09": [
			["FIFA 09", 1]
		],
		"FIFA Soccer 10": [
			["FIFA 10", 1]
		],
		"FIFA Soccer 11": [
			["FIFA 11", 1]
		],
		"FIFA Soccer 12": [
			["FIFA 12", 1]
		],
		"FIFA Soccer 2002": [
			["FIFA 2002 - Road to FIFA World Cup", 1],
			["FIFA Football 2002", 1]
		],
		"FIFA Soccer 2003": [
			["FIFA 2003 - Europe Soccer", 1],
			["FIFA Football 2003", 1]
		],
		"FIFA Soccer 2004": [
			["FIFA Football 2004", 1]
		],
		"FIFA Soccer 2005": [
			["FIFA Football 2005", 1]
		],
		"Fighting Fury": [
			["Grappler Baki - Baki Saikyou Retsuden", 1]
		],
		"Final Fantasy X": [
			["Final Fantasy X International", 1]
		],
		"Final Fantasy XI - Online": [
			["Final Fantasy XI - Online - Vana'diel Collection 2008", -1],
			["Final Fantasy XI - Entry Disc 2005", 2]
		],
		"Final Fantasy XI - Online - Chains of Promathia": [
			["Final Fantasy XI - Online - Vana'diel Collection 2008", -1],
			["Final Fantasy XI - Promathia no Jubaku", 1]
		],
		"Final Fantasy XI - Online - Treasures of Aht Urhgan": [
			["Final Fantasy XI - Online - Vana'diel Collection 2008", -1],
			["Final Fantasy XI - Aht Urhgan no Hihou", 1]
		],
		"Final Fantasy XI - Online - Vana'diel Collection 2008": [
			["Final Fantasy XI - Vana'diel Collection", 1]
		],
		"Final Fantasy XI - Online - Wings of the Goddess Expansion Pack": [
			["Final Fantasy XI - Online - Vana'diel Collection 2008", -1],
			["Final Fantasy XI - Altana no Shinpei", 1]
		],
		"Final Fantasy XI - Zilart no Gen'ei (All in One Pack 2003)": [
			["Final Fantasy XI - Zilart no Gen'ei", 2]
		],
		"Final Fantasy XII": [
			["Final Fantasy XII International - Zodiac Job System", -1]
		],
		"Finny the Fish & the Seven Waters": [
			["Uo - 7-tsu no Mizu to Densetsu no Nushi", 1]
		],
		"Fire Pro Wrestling Z (Toujien Doukon Box Saishuu-ban)": [
			["Fire Pro Wrestling Z", 2]
		],
		"Fitness Fun": [
			["Simple 2000 Series Ultimate Vol. 18 - Love - Aerobi", 1]
		],
		"Fisherman's Bass Club": [
			["Bass Master Fishing", 1]
		],
		"FlatOut": [
			["Racing Game - Chuui!!!!", 1]
		],
		"Flipnic - Ultimate Pinball": [
			["Flipnic", 1]
		],
		"Flying Circus - RC Copter Adventure Championship (Propo-gata Controller Doukonban)": [
			["Flying Circus - RC Copter Adventure Championship", 2]
		],
		"Forbidden Siren 2": [
			["Si Hun Qu", 1],
			["Siren 2", 1]
		],
		"Ford Bold Moves Street Racing": [
			["Ford Street Racing", 1],
			["Ford Street Racing XR Edition", 1]
		],
		"Ford Racing - Off Road": [
			["Off Road", 1]
		],
		"Forever Kingdom": [
			["Evergrace II", 1]
		],
		"Forty 4 Party": [
			["Simple 2000 Series Vol. 2 - The Party Game", 1]
		],
		"Freekstyle": [
			["Freekstyle Motocross", 1]
		],
		"Friends - The One with All the Trivia": [
			["Friends - Celui Qui Repond A Toutes les Questions", 1],
			["Friends - Das Trivia Game", 1]
		],
		"Frogger Beyond": [
			["Frogger", 1]
		],
		"Fugitive Hunter - War on Terror": [
			["10 Most Wanted", 1],
			["America's 10 Most Wanted", 1]
		],
		"Fullmetal Alchemist 2 - Curse of the Crimson Elixir": [
			["Hagane no Renkinjutsushi 2 - Akaki Elixir no Akuma", 1]
		],
		"Fullmetal Alchemist and the Broken Angel": [
			["Hagane no Renkinjutsushi - Tobenai Tenshi", 1]
		],
		"Fushigi no Umi no Nadia - Inherit the Blue Water (Collector's Edition)": [
			["Fushigi no Umi no Nadia - Inherit the Blue Water", 2]
		],
		"Fuuun Bakumatsuden": [
			["Pungun Sinseonjo", 1]
		],
		"G-Taste Mahjong (Special Ban)": [
			["G-Taste Mahjong", 2]
		],
		"G1 Jockey": [
			["GI Jockey 2 2001", 1]
		],
		"G1 Jockey 3": [
			["GI Jockey 3", 1],
			["GI Jockey 3 - 2005 Nendo-ban", 3]
		],
		"G1 Jockey 4": [
			["GI Jockey 4 (Twin Pack)", 1],
			["GI Jockey 4", 2]
		],
		"Gadget Racers": [
			["Choro Q HG 3", 1],
			["Penny Racers", 1]
		],
		"Galactic Wrestling featuring Ultimate Muscle - The Kinnikuman Legacy": [
			["Kinnikuman Generations", 1]
		],
		"Gallop Racer 2001": [
			["Gallop Racer 5", 1]
		],
		"Gallop Racer 2003 - A New Breed": [
			["Attheraces Presents Gallop Racer", 1],
			["Gallop Racer 6 - Revolution", 1]
		],
		"Gallop Racer 2004": [
			["Gallop Racer - Lucky 7", 1],
			["Gallop Racer 2", 1]
		],
		"Gallop Racer 2006": [
			["Gallop Racer 8 - Live Horse Racing", 1]
		],
		"Generation of Chaos III - Toki no Fuuin (Eikyuu Hozon Box)": [
			["Generation of Chaos III - Toki no Fuuin", 2]
		],
		"Gensou Suikoden III (Gensou Suikoden-sai Hakkou Kinen)": [
			["Gensou Suikoden III", 2]
		],
		"Genji - Dawn of the Samurai": [
			["Genji", 1]
		],
		"George of the Jungle and the Search for the Secret": [
			["George of the Jungle", 1]
		],
		"Ghost in the Shell - Stand Alone Complex": [
			["Gonggak Gidongdae - Stand Alone Complex", 1]
		],
		"GigaWing Generations": [
			["Yokushin - GigaWing Generations", 1]
		],
		"Gitaroo Man": [
			["Gitaroo Man One", 1]
		],
		"Gladiator - Sword of Vengeance": [
			["Gladiator - Schwert der Rache", 1]
		],
		"Glass Rose": [
			["Garasu no Bara", 1]
		],
		"Global Defence Force": [
			["Simple 2000 Series Vol. 81 - The Chikyuu Boueigun 2", 1]
		],
		"Global Defence Force Tactics": [
			["Simple 2000 Series Vol. 103 - The Chikyuu Boueigun Tactics", 1]
		],
		"Global Touring Challenge - Africa": [
			["GTC Africa", 1]
		],
		"Go Go Golf": [
			["Magical Sports GoGoGolf", 1]
		],
		"God of War": [
			["God of War - Yeonghonui Banyeokja", 1]
		],
		"God of War II": [
			["God of War II - Shuuen e no Jokyoku", 1]
		],
		"Godfather, The - The Game (Limited Edition)": [
			["Godfather, The", 1],
			["Godfather, The - The Game", 1],
			["Padrino, El", 1],
			["Padrino, Il", 1],
			["Parrain, Le", 1],
			["Pate, Der", 1]
		],
		"Godzilla - Save the Earth": [
			["Godzilla - Kaijuu Dairantou - Chikyuu Saishuu Kessen", 1]
		],
		"GoldenEye - Rogue Agent": [
			["GoldenEye - Agente Corrupto", 1],
			["GoldenEye - Au Service du Mal", 1],
			["GoldenEye - Dark Agent", 1]
		],
		"Golf Paradise": [
			["Golf Paradise DX", -1]
		],
		"Gradius III and IV": [
			["Gradius III and IV - Fukkatsu no Shinwa", 1]
		],
		"Graffiti Kingdom": [
			["Rakugaki Oukoku 2 - Maou-jou no Tatakai", 1]
		],
		"Gran Turismo 4 (PlayStation 2 Racing Pack)": [
			["Gran Turismo 4", 2]
		],
		"Gran Turismo 4 - Prologue (PlayStation 2 Racing Pack Doukonban)": [
			["Gran Turismo 4 - Prologue", 2]
		],
		"Grand Theft Auto - San Andreas (Rockstar Classics)": [
			["Grand Theft Auto - San Andreas", 2]
		],
		"Grand Theft Auto - Vice City (Rockstar Classics)": [
			["Grand Theft Auto - Vice City", 2]
		],
		"Grand Theft Auto III (Rockstar Classics)": [
			["Grand Theft Auto III", 2]
		],
		"Great British Football Quiz, The": [
			["Grande quiz sul calcio italiano, Il", 1],
			["Grosse deutsche Fussball-Quiz, Das", 1],
			["Grote Nederlandse Voetbalquiz, De", 1],
			["Maxi Quiz du Foot Francais", 1]
		],
		"Gregory Horror Show": [
			["Gregory Horror Show - Soul Collector", 1]
		],
		"Growlanser Generations (Disc 1) (Growlanser II - The Sense of Justice)": [
			["Growlanser II - The Sense of Justice (Deluxe Pack)", 1],
			["Growlanser II - The Sense of Justice", 2]
		],
		"Growlanser Generations (Disc 2) (Growlanser III - The Dual Darkness)": [
			["Growlanser III - The Dual Darkness (Moe-Moe Lucky Pack)", 1],
			["Growlanser III - The Dual Darkness", 2]
		],
		"Growlanser IV - Wayfarer of the Time (Deluxe Pack)": [
			["Growlanser IV - Wayfarer of the Time", 2]
		],
		"Guilty Gear X2 Reload - The Midnight Carnival": [
			["Guilty Gear XX Reload - The Midnight Carnival", 1]
		],
		"Guitar Hero - Smash Hits": [
			["Guitar Hero - Greatest Hits", 1]
		],
		"Guitar Hero Encore - Rocks the 80s": [
			["Guitar Hero - Rocks the 80s", 1]
		],
		"Gunbird Special Edition": [
			["Gunbird - Premium Package", 1]
		],
		"Guncom 2": [
			["Death Crimson OX+", 1]
		],
		"Gungrave - Overdose": [
			["Gungrave OD", 1]
		],
		"Hanabi Hyakkei (Tokutenban)": [
			["Hanabi Hyakkei", 1]
		],
		"Hanjuku Hero tai 3D": [
			["Bansuk Yeongung vs 3D", 1]
		],
		"Hannspree Ten Kate Honda SBK - Superbike World Championship": [
			["SBK-07 - Superbike World Championship", 1]
		],
		"Hard Hitter Tennis": [
			["Centre Court - Hard Hitter", 1],
			["Hard Hitter", 1]
		],
		"Hard Knock High": [
			["Simple 2000 Series Vol. 107 - The Honoo no Kakutou Banchou", 1]
		],
		"Hardware - Online Arena": [
			["Gangcheol Gigap Sadan - Online Battlefield", 1]
		],
		"Harley-Davidson Motorcycles - Race to the Rally": [
			["Harley-Davidson Motor Cycles", 1]
		],
		"Harry Potter and the Chamber of Secrets": [
			["Harry Potter e a Camara dos Segredos", 1],
			["Harry Potter e la Camera dei Segreti", 1],
			["Harry Potter en de Geheime Kamer", 1],
			["Harry Potter et la Chambre des Secrets", 1],
			["Harry Potter ja Salaisuuksien Kammio", 1],
			["Harry Potter och Hemligheternas Kammare", 1],
			["Harry Potter og Mysteriekammeret", 1],
			["Harry Potter to Himitsu no Heya", 1],
			["Harry Potter und die Kammer des Schreckens", 1],
			["Harry Potter y la Camara Secreta", 1]
		],
		"Harry Potter and the Order of the Phoenix": [
			["Harry Potter to Fushichou no Kishidan", 1]
		],
		"Harry Potter and the Prisoner of Azkaban": [
			["Harry Potter i Wiezien Azkabanu", 1],
			["Harry Potter to Azkaban no Shuujin", 1]
		],
		"Harry Potter and the Sorcerer's Stone": [
			["Harry Potter and the Philosopher's Stone", 1],
			["Harry Potter to Kenja no Ishi", 1]
		],
		"Harukanaru Toki no Naka de - Hachiyou-shou (Premium Box)": [
			["Harukanaru Toki no Naka de - Hachiyou-shou (History Box)", 2],
			["Harukanaru Toki no Naka de - Hachiyou-shou", 3]
		],
		"Harukanaru Toki no Naka de 2 (Premium Box)": [
			["Harukanaru Toki no Naka de 2", 2]
		],
		"Harukanaru Toki no Naka de 3 (Triple Pack)": [
			["Harukanaru Toki no Naka de 3 (History Box)", 2],
			["Harukanaru Toki no Naka de 3", 3]
		],
		"Harukanaru Toki no Naka de 3 - Izayoiki (Triple Pack)": [
			["Harukanaru Toki no Naka de 3 - Izayoiki", 2]
		],
		"Harukanaru Toki no Naka de 3 - Unmei no Labyrinth (Triple Pack)": [
			["Harukanaru Toki no Naka de 3 - Unmei no Labyrinth", 2]
		],
		"Hasbro Family Game Night": [
			["Hasbro Familien-Spieleabend", 1],
			["Hasbro Family Party", 1]
		],
		"Harvest Moon - A Wonderful Life - Special Edition": [
			["Bokujou Monogatari - Oh! Wonderful Life", 1]
		],
		"Harvest Moon - Save the Homeland": [
			["Bokujou Monogatari 3 - Heart ni Hi o Tsukete", 1]
		],
		"Haunting Ground": [
			["Demento", 1]
		],
		"Hawk Kawasaki Racing": [
			["Hawk Superbike Racing", 1]
		],
		"Heartbeat Boxing": [
			["Simple 2000 Series Ultimate Vol. 6 - Love - Upper!", 1]
		],
		"Heavenly Guardian": [
			["Legend of Sayuki", 1],
			["Yukinko Daisenpuu - Sayuki to Koyuki no Hie Hie Daisoudou", 1]
		],
		"Hitman 2 - Silent Assassin": [
			["Hitman - Silent Assassin", 1]
		],
		"Horsez": [
			["Pippa Funnell - Take the Reins", 1]
		],
		"Hot Shots Golf 3": [
			["Minna no Golf 3", 1]
		],
		"Hot Shots Golf Fore!": [
			["Everybody's Golf", 1],
			["Everybody's Golf 4", 1]
		],
		"Hot Shots Tennis": [
			["Everybody's Tennis", 1],
			["Minna no Tennis", 1]
		],
		"HSX - HyperSonic.Xtreme": [
			["G-Surfers", 1]
		],
		"Hyper Street Fighter II - The Anniversary Edition (CapKore)": [
			["Hyper Street Fighter II - The Anniversary Edition", 2]
		],
		"Ice Age - Dawn of the Dinosaurs": [
			["Era Glaciale 3, L' - L'Alba dei Dinosauri", 1],
			["Ice Age 3 - Dawn of the Dinosaurs", 1]
		],
		"Ico": [
			["Shadow of the Colossus + Ico", -1]
		],
		"Idol Janshi Suchie-Pai IV (Collector's Edition)": [
			["Idol Janshi Suchie-Pai IV", 2]
		],
		"IndyCar Series featuring the Indianapolis 500": [
			["IndyCar Series", 1]
		],
		"Indiana Jones and the Emperor's Tomb": [
			["Indiana Jones e la Tomba dell'Imperatore", 1],
			["Indiana Jones et le Tombeau de l'Empereur", 1],
			["Indiana Jones y la Tumba del Emperador", 1],
			["Indiana Jones und die Legende der Kaisergruft", 1]
		],
		"Initial D - Special Stage": [
			["Initial D - Special Stage (Koudansha Kenshouhin)", 2]
		],
		"Innocent Life - A Futuristic Harvest Moon - Special Edition": [
			["Shin Bokujou Monogatari - Pure - Innocent Life", 1]
		],
		"Inuyasha - The Secret of the Cursed Mask": [
			["Inuyasha - Juso no Kamen", 1]
		],
		"Intellivision Lives!": [
			["Intellivision Lives - The History of Video Gaming", 1]
		],
		"Iron Aces 2 - Birds of Prey": [
			["Kuusen", 1]
		],
		"Iron Man": [
			["Iron Man - The Official Videogame", 1]
		],
		"Iron Sea": [
			["Simple 2000 Series Vol. 51 - The Senkan", 1]
		],
		"Jak and Daxter - The Precursor Legacy": [
			["Jak x Daxter - Kyuu Sekai no Isan", 1]
		],
		"Jak II": [
			["Jak II - Jak x Daxter 2", 1],
			["Jak II - Renegade", 1]
		],
		"Jak X - Combat Racing": [
			["Jak X", 1]
		],
		"Jet Ion GP": [
			["Hresvelgr - International Edition", 1]
		],
		"Jet Li - Rise to Honor": [
			["Jet Li - Rise to Honour", 1]
		],
		"Juiced 2 - Hot Import Nights": [
			["Drift Nights - Juiced 2", 1]
		],
		"Jurassic Park - Operation Genesis": [
			["Keiei Simulation - Jurassic Park", 1]
		],
		"K-1 World Grand Prix": [
			["K-1 World GP", 1],
			["K-1 World Grand Prix - The Beast Attack!", 1]
		],
		"Kaido Racer": [
			["Kaidou Battle 2 - Chain Reaction", 1]
		],
		"Kamaitachi no Yoru 2 - Kangoku-jima no Warabe-uta (Special Box)": [
			["Kamaitachi no Yoru 2 - Kangoku-jima no Warabe-uta", 2],
			["Kamaitachi no Yoru 2 - Kangoku-jima no Warabe-uta (Special Eizou CD)", 3]
		],
		"Kamen Rider Hibiki": [
			["Kamen Rider Hibiki - Taiko no Tatsujin Special Version", -1]
		],
		"Karaoke Revolution": [
			["Karaoke Stage", 1]
		],
		"Karaoke Revolution Party": [
			["Karaoke Stage 2", 1]
		],
		"Kelly Slater's Pro Surfer": [
			["Kelly Slater's Pro Surfer 2003", 1]
		],
		"Kengo - Master of Bushido": [
			["Kengou", 1]
		],
		"Keroro Gunsou - Mero Mero Battle Royale": [
			["Gaeguri Jungsa Keroro - Bulkkottwineun Battle Royale Z", 1]
		],
		"Kidou Senshi Gundam Senki - Lost War Chronicles (Limited Box)": [
			["Kidou Senshi Gundam Senki - Lost War Chronicles", 2]
		],
		"Kidou Senshi Z Gundam - AEUG vs. Titans (100-shiki Gold Pack PlayStation 2 Doukonban)": [
			["Kidou Senshi Z Gundam - A.E.U.G. vs. Titans", 2]
		],
		"Kin'iro no Corda 2 (Premium Box)": [
			["Kin'iro no Corda 2", 2]
		],
		"Kindan no Pet - Seaman - Gaze Hakase no Jikken-tou (Sea-Mic Controller Original Doukonban)": [
			["Kindan no Pet - Seaman - Gaze Hakase no Jikken-tou (Sea-Mic Controller Doukonban)", 2]
		],
		"King of Fighters 2002, The - Challenge to Ultimate Battle": [
			["King of Fighters 2002, The (SNK Best Collection)", 1],
			["King of Fighters 2002, The", 2]
		],
		"King of Fighters 2006, The": [
			["King of Fighters, The - Maximum Impact 2", 1],
			["KOF2 - Maximum Impact II", 1]
		],
		"King's Field - The Ancient City": [
			["King's Field IV", 1]
		],
		"Kingdom Hearts - Final Mix (Platinum Limited)": [
			["Kingdom Hearts - Final Mix", 2]
		],
		"Kishin Houkou Demonbane": [
			["Kishin Houkou Demonbane (Kadokawa the Best)", 2]
		],
		"Klonoa 2 - Lunatea's Veil": [
			["Kaze no Klonoa 2 - Sekai ga Nozonda Wasuremono", 1]
		],
		"KOF - Maximum Impact": [
			["King of Fighters, The - Maximum Impact", 1]
		],
		"Konjiki no Gashbell!! Go! Go! Mamono Fight!! (Multi Tap (SCPH-70120) Doukonban)": [
			["Konjiki no Gashbell!! Go! Go! Mamono Fight!! (Multi Tap (SCPH-10090) Doukonban)", 2],
			["Konjiki no Gashbell!! Go! Go! Mamono Fight!!", 3]
		],
		"Konohana 2 - Todokanai Requiem": [
			["SuperLite 2000 Vol. 6 - Konohana 2 - Todokanai Requiem", 2]
		],
		"Kowloon Youma Gakuenki (Deluxe Pack)": [
			["Kowloon Youma Gakuenki", 2]
		],
		"Kyou kara Maou! Hajimari no Tabi (Premium Box)": [
			["Kyou kara Maou! Hajimari no Tabi", 2]
		],
		"La Pucelle - Tactics": [
			["La Pucelle - Hikari no Seijo Densetsu", 1],
			["La Pucelle - Hikari no Seijo Densetsu - 2-shuume Hajimemashita.", 2]
		],
		"Lara Croft Tomb Raider - The Angel of Darkness": [
			["Lara Croft Tomb Raider - Utsukushiki Toubousha", 1]
		],
		"Last Escort 2 - Shin'ya no Amai Toge (Gorgeous-ban)": [
			["Last Escort 2 - Shin'ya no Amai Toge", 2]
		],
		"League Series Baseball 2": [
			["Magical Sports 2001 Koushien", 1]
		],
		"Legaia 2 - Duel Saga": [
			["Legaia - Duel Saga", 1]
		],
		"Lemony Snicket's A Series of Unfortunate Events": [
			["Desastreuses Aventures des Orphelins Baudelaire, Les - D'Apres Lemony Snicket", 1],
			["Lemony Snicket - Raetselhafte Ereignisse", 1],
			["Lemony Snicket Una Serie di Sfortunati Eventi", 1],
			["Una Serie de Catastroficas Desdichas de Lemony Snicket", 1]
		],
		"Let's Make a Soccer Team!": [
			["Pro Soccer Club wo Tsukurou! Europe Championship", 1]
		],
		"Lethal Skies - Elite Pilot - Team SW": [
			["Sidewinder F", 1]
		],
		"Lethal Skies II": [
			["Sidewinder V", 1]
		],
		"Life Line": [
			["Operator's Side", 1]
		],
		"Linux (for PlayStation 2) Release 1.0 (Disc 1) (Runtime Environment)": [
			["Linux for PlayStation 2 - Release 1.0 (Disc 1) (Runtime Environment)", 1]
		],
		"Linux (for PlayStation 2) Release 1.0 (Disc 2) (Software Packages)": [
			["Linux for PlayStation 2 - Release 1.0 (Disc 2) (Software Packages)", 1]
		],
		"LMA Manager 2002": [
			["BDFL Manager 2002", 1],
			["Football Manager Campionato 2002", 1],
			["Manager de Liga 2002", 1],
			["Roger Lemerre - La Selection des Champions 2002", 1]
		],
		"LMA Manager 2003": [
			["BDFL Manager 2003", 1],
			["Football Manager Campionato 2003", 1],
			["Manager de Liga 2003", 1],
			["Roger Lemerre - La Selection des Champions 2003", 1]
		],
		"LMA Manager 2004": [
			["BDFL Manager 2004", 1],
			["Football Manager Campionato 2004", 1],
			["Manager de Liga 2004", 1],
			["Roger Lemerre - La Selection des Champions 2004", 1]
		],
		"LMA Manager 2005": [
			["BDFL Manager 2005", 1],
			["Football Manager Campionato 2005", 1],
			["Manager de Liga 2005", 1],
			["Roger Lemerre - La Selection des Champions 2005", 1]
		],
		"London Racer II": [
			["Paris-Marseille Racing II", 1]
		],
		"Lord of the Rings, The - The Return of the King": [
			["Herr der Ringe, Der - Die Rueckkehr des Koenigs", 1],
			["Lord of the Rings, The - Ou no Kikan", 1],
			["Seigneur des Anneaux, Le - Le Retour du Roi", 1],
			["Senor de los Anillos, El - El Retorno del Rey", 1],
			["Signore degli Anelli, Il - Il ritorno del Re", 1]
		],
		"Lord of the Rings, The - The Third Age": [
			["Lord of the Rings, The - Nakatsu Kuni Daisanki", 1],
			["Herr der Ringe, Der - Das dritte Zeitalter", 1],
			["Seigneur des Anneaux, Le - Le Tiers Age", 1],
			["Senor de los Anillos, El - La Tercera Edad", 1],
			["Signore degli Anelli, Il - La Terza Era", 1]
		],
		"Lord of the Rings, The - The Two Towers": [
			["Lord of the Rings, The - Futatsu no Tou", 1],
			["Herr der Ringe, Der - Die zwei Tuerme", 1],
			["Seigneur des Anneaux, Le - Les Deux Tours", 1],
			["Senor de los Anillos, El - Las Dos Torres", 1],
			["Signore degli Anelli, Il - Le Due Torri", 1]
		],
		"Lowrider": [
			["LowRider - Round the World", 1]
		],
		"Lupin the 3rd - Treasure of the Sorcerer King": [
			["Avventure di Lupin III, Le - Il Tesoro del Re Stregone", 1],
			["Lupin Sansei - Majutsu-ou no Isan", 1]
		],
		"Maestromusic II, The (Doukonban)": [
			["Maestromusic II, The", 2]
		],
		"Made Man - Confessions of the Family Blood": [
			["Made Man", 1]
		],
		"Magic Pengel - The Quest for Color": [
			["Garakuta Meisaku Gekijou - Rakugaki Oukoku", 1]
		],
		"MAGIX Music Maker (Deluxe Edition)": [
			["MAGIX Music Maker", 1],
			["MAGIX Music Maker - Rocks Your Console", 1]
		],
		"Magna Carta - Tears of Blood": [
			["Magna Carta", 1],
			["Magna Carta - Lacrime di Sangue", 1],
			["Magna Carta - Les Larmes de Sang", 1]
		],
		"Major League Baseball 2K5": [
			["Major League Baseball 2K5 - World Series Edition", -1]
		],
		"Maken Shao - Demon Sword": [
			["Maken Shao", 1]
		],
		"Mashed - Fully Loaded": [
			["Drive to Survive", 1]
		],
		"Maximo - Ghosts to Glory": [
			["Maximo", 1]
		],
		"Maximo vs Army of Zin": [
			["Makai Eiyuuki Maximo - Machine Monster no Yabou", 1]
		],
		"Maxxed Out Racing": [
			["Simple 2000 Series Ultimate Vol. 3 - Saisoku! Zokusha King - Butchigiri Densetsu", 1]
		],
		"Maze Action": [
			["Simple 2000 Series Ultimate Vol. 8 - Gekitou! Meiro King", 1]
		],
		"Medal of Honor - European Assault": [
			["Medal of Honor - Europe Kyoushuu", 1],
			["Medal of Honor - Les Faucons de Guerre", 1]
		],
		"Medal of Honor - Frontline": [
			["Medal of Honor - En Premiere Ligne", 1],
			["Medal of Honor - Shijou Saidai no Sakusen", 1]
		],
		"Medal of Honor - Rising Sun": [
			["Medal of Honor - Soleil Levant", 1]
		],
		"Mega Man X - Command Mission": [
			["Rockman X - Command Mission", 1]
		],
		"Mega Man X7": [
			["Rockman X7", 1]
		],
		"Mega Man X8": [
			["Rockman X8", 1]
		],
		"Memories Off - After Rain Vol. 1 - Orizuru (Special Edition)": [
			["Memories Off - After Rain Vol. 1 - Orizuru", 1]
		],
		"Memories Off - After Rain Vol. 2 - Souen (Special Edition)": [
			["Memories Off - After Rain Vol. 2 - Souen", 1],
			["SuperLite 2000 Vol. 38 - Memories Off - After Rain Vol. 2 - Souen", 1]
		],
		"Memories Off - After Rain Vol. 3 - Sotsugyou (Special Edition)": [
			["Memories Off - After Rain Vol. 3 - Sotsugyou", 1]
		],
		"Mercenaries 2 - World in Flames": [
			["Mercenaries 2 - Inferno di Fuoco", 1],
			["Mercenaries 2 - L'enfer des Favelas", 1]
		],
		"Mermaid Prism": [
			["Simple 2000 Series Vol. 122 - The Ningyo-hime Monogatari - Mermaid Prism", 2]
		],
		"Metal Gear & Metal Gear 2 - Solid Snake": [
			["Metal Gear Solid 3 - Subsistence (Disc 2) (Persistence)", -1]
		],
		"Metal Gear Solid 2 - Sons of Liberty": [
			["Metal Gear Solid 2 - Substance", -1],
			["Metal Gear Solid 2 - Sons of Liberty (Daini-kai Metal Gear Solid-sai Hakkou Kinen)", 2],
			["Metal Gear Solid 2 - Sons of Liberty (Premium Package)", 3]
		],
		"Metal Gear Solid 3 - Snake Eater": [
			["Metal Gear Solid 3 - Subsistence (Disc 1) (Subsistence)", -1],
			["Metal Gear Solid 3 - Snake Eater (Kabunushi Goyuutai-ban)", 1],
			["Metal Gear Solid 3 - Snake Eater (Premium Package)", 2]
		],
		"Metal Gear Solid 3 - Subsistence (Disc 3) (Existence) (Limited Edition)": [
			["Metal Gear Solid 3 - Subsistence (Disc 3) (Existence)", 2]
		],
		"Metal Slug Anthology": [
			["Metal Slug Complete", 1]
		],
		"Michigan - Report from Hell": [
			["Michigan", 1]
		],
		"Midnight Club 3 - DUB Edition": [
			["Midnight Club 3 - DUB Edition Remix", -1]
		],
		"Minority Report - Everybody Runs": [
			["Minority Report - Le Futur vous Rattrape", 1]
		],
		"Mister Mosquito": [
			["Mr Moskeeto", 1]
		],
		"Mobile Light Force 2": [
			["Shikigami no Shiro", 1]
		],
		"Mobile Suit Gundam - Encounters in Space": [
			["Gidong Jeonsa Gundam - Haehu-ui Uju", 1],
			["Kidou Senshi Gundam - Meguriai Sora (Gundam the Best)", 1],
			["Kidou Senshi Gundam - Meguriai Sora (Digest DVD Doukon-ban)", 2],
			["Kidou Senshi Gundam - Meguriai Sora (Limited Box)", 3]
		],
		"Mobile Suit Gundam - Federation vs. Zeon": [
			["Kidou Senshi Gundam - Renpou vs. Zeon DX", 1]
		],
		"Mobile Suit Gundam Seed - Never Ending Tomorrow": [
			["Kidou Senshi Gundam Seed - Owaranai Ashita e", 1],
			["Mobile Suit Gundam Seed", 1]
		],
		"Mobile Suit Gundam - Gundam vs. Zeta Gundam": [
			["Kidou Senshi Gundam - Gundam vs. Z Gundam", 1]
		],
		"Mobile Suit Gundam - Journey to Jaburo": [
			["Kidou Senshi Gundam", 1]
		],
		"Mobile Suit Gundam - Zeonic Front": [
			["Zeonic Front - Kidou Senshi Gundam 0079", 1],
			["Zeonic Front - Kidou Senshi Gundam 0079 (Koudansha 8-shi Rengou Kikaku Tokubetsu-ban)", 2]
		],
		"Monochrome": [
			["SuperLite 2000 Vol. 35 - Monochrome", 2]
		],
		"Monster Attack": [
			["Simple 2000 Series Vol. 31 - The Chikyuu Boueigun", 1]
		],
		"Monster Rancher 3": [
			["Monster Farm", 1]
		],
		"Monster Rancher 4": [
			["Monster Farm 4", 1]
		],
		"Monster Rancher Evo": [
			["Monster Farm 5 - Circus Caravan", 1]
		],
		"Mortal Kombat - Armageddon (Premium Edition)": [
			["Mortal Kombat - Armageddon", 2]
		],
		"Motorbike King": [
			["Simple 2000 Series Ultimate Vol. 13 - Kyousou! Tansha King - Kattobi! Bari Bari Densetsu", 1]
		],
		"Mountain Bike Adrenaline": [
			["Mountain Bike Adrenaline featuring Salomon", 1]
		],
		"Mr. Golf": [
			["Golful Golf", 1]
		],
		"MTV Music Generator 3 - This Is the Remix": [
			["MTV Music Generator 3", 1]
		],
		"Musashi - Samurai Legend": [
			["Musashiden II - Blademaster", 1]
		],
		"MX vs. ATV Untamed": [
			["MX vs. ATV Extreme Limite", 1]
		],
		"MX World Tour featuring Jamie Little": [
			["MX World Tour", 1]
		],
		"Mystic Heroes": [
			["Chou Battle Houshin", 1]
		],
		"Namco Museum 50th Anniversary": [
			["Namco Museum Arcade Hits!", 1]
		],
		"Namco Transmission v1.03": [
			["Namco Transmission v1.03 (Bundled with Soulcalibur II)", 2]
		],
		"Naruto - Ultimate Ninja": [
			["Naruto - Narutimate Hero", 1]
		],
		"Naruto - Ultimate Ninja 2": [
			["Naruto - Narutimate Hero 2", 1]
		],
		"Naruto - Ultimate Ninja 3": [
			["Naruto - Narutimate Hero 3", 1]
		],
		"Naruto - Uzumaki Chronicles": [
			["Naruto - Uzumaki Injeon", 1],
			["Naruto - Uzumaki Ninden", 1]
		],
		"Naruto - Uzumaki Chronicles 2": [
			["Naruto - Konoha Spirits!!", 1]
		],
		"Naruto Shippuden - Ultimate Ninja 4": [
			["Naruto Shippuuden - Narutimate Accel", 1]
		],
		"Naruto Shippuden - Ultimate Ninja 5": [
			["Naruto Shippuuden - Narutimate Accel 2", 1]
		],
		"Naval Ops - Commander": [
			["Kurogane no Houkou 2 - Warship Commander", 1]
		],
		"Naval Ops - Warship Gunner": [
			["Kurogane no Houkou 2 - Warship Gunner", 1]
		],
		"NBA 08 featuring the Life Vol. 3": [
			["NBA 08", 1]
		],
		"Need for Speed - Carbon": [
			["Need for Speed - Carbon - Collector's Edition", -1]
		],
		"Need for Speed - Most Wanted": [
			["Need for Speed - Most Wanted - Black Edition", -1]
		],
		"Need for Speed - Underground J": [
			["Need for Speed - Underground", 2]
		],
		"Need for Speed - Underground 2 - SHA_DO": [
			["Need for Speed - Underground 2", 2]
		],
		"Neo Angelique (Premium Box)": [
			["Neo Angelique", 2]
		],
		"Network Adaptor Start-Up Disc Version 2.50": [
			["Network Adaptor Start-Up Disc", 1],
			["Network Adaptor Start-Up Disc v2.0", 1],
			["Network Adaptor Start-Up Disc v2.0 (Rev)", 1]
		],
		"Never 7 - The End of Infinity": [
			["SuperLite 2000 Vol. 23 - Never 7 - The End of Infinity", 1]
		],
		"Nickelodeon Avatar - The Last Airbender": [
			["Nickelodeon Avatar - The Legend of Aang", 1]
		],
		"Nickelodeon Avatar - The Last Airbender - Into the Inferno": [
			["Nickelodeon Avatar - The Legend of Aang - Into the Inferno", 1]
		],
		"Nickelodeon Avatar - The Last Airbender - The Burning Earth": [
			["Nickelodeon Avatar - The Legend of Aang - The Burning Earth", 1]
		],
		"Nickelodeon Barnyard": [
			["Nick - Der tierisch verrueckte Bauernhof", 1]
		],
		"Nickelodeon Jimmy Neutron - Boy Genius": [
			["Nickelodeon Jimmy Neutron - Der mutige Erfinder", 1]
		],
		"Nickelodeon Jimmy Neutron - Boy Genius - Jet Fusion": [
			["Nickelodeon The Adventures of Jimmy Neutron - Boy Genius - Jet Fusion", 1]
		],
		"Nickelodeon Rugrats - Royal Ransom": [
			["Nickelodeon Rugrats - Rescate Real", 1],
			["Nickelodeon Les Razmoket - La Rancon Royale", 1]
		],
		"Nickelodeon SpongeBob SquarePants - Lights, Camera, Pants!": [
			["Nickelodeon SpongeBob SquarePants - Licht uit, Camera aan!", 1],
			["Nickelodeon Bob L'eponge - Silence on Tourne!", 1],
			["Nickelodeon SpongeBob Schwammkopf - Film ab!", 1],
			["Nickelodeon SpongeBob - Ciak si Gira!", 1],
			["Nickelodeon Bob Esponja - Luces, Camara, Esponja!", 1]
		],
		"Nickelodeon SpongeBob SquarePants - The Movie": [
			["Nickelodeon SpongeBob - Il Film", 1],
			["Nickelodeon SpongeBob Schwammkopf - Der Film", 1],
			["Nickelodeon Bob Esponja - La Pelicula", 1]
		],
		"Nicktoons - Attack of the Toybots": [
			["Nickelodeon SpongeBob and Friends - Attack of the Toybots", 1]
		],
		"Nicktoons - Battle for Volcano Island": [
			["Nickelodeon SpongeBob and Friends - Battle for Volcano Island", 1]
		],
		"Nicktoons Movin'": [
			["Nickelodeon SpongeBob SquarePants - Movin' with Friends", 1]
		],
		"Nickelodeon SpongeBob SquarePants in - Battle for Bikini Bottom": [
			["Nickelodeon Bob L'eponge - La Bataille de Bikini Bottom", 1],
			["Nickelodeon SpongeBob Schwammkopf - Schlacht um Bikini Bottom", 1]
		],
		"Nicktoons Unite!": [
			["Nickelodeon SpongeBob SquarePants and Friends Unite!", 1]
		],
		"Nightmare of Druaga, The - Fushigino Dungeon": [
			["Nightmare of Druaga, The - Fushigi no Dungeon", 1]
		],
		"Nobunaga's Ambition - Iron Triangle": [
			["Nobunaga no Yabou - Kakushin", 1],
			["Nobunaga no Yabou - Kakushin with Power-Up Kit", 1]
		],
		"Nobunaga's Ambition - Rise to Power": [
			["Nobunaga no Yabou - Tenka Sousei", 1],
			["Nobunaga no Yabou - Tenka Sousei with Power-Up Kit", 2]
		],
		"Nobunaga no Yabou - Ranseiki with Power-Up Kit": [
			["Nobunaga no Yabou - Ranseiki", 2]
		],
		"Nobunaga no Yabou - Soutenroku with Power-Up Kit": [
			["Nobunaga no Yabou - Soutenroku", 2]
		],
		"NPPL Championship Paintball 2009": [
			["Millennium European Paintball Series, The - Championship Paintball 2009", 1]
		],
		"NRA Gun Club": [
			["Gun Club", 1]
		],
		"ObsCure - The Aftermath": [
			["ObsCure II", 1]
		],
		"Offroad Extreme!": [
			["Offroad Extreme! Special Edition", -1]
		],
		"Okage - Shadow King": [
			["Boku to Maou", 1]
		],
		"One Piece - Pirates Carnival (Multi Tap (SCPH-70120) Doukonban)": [
			["One Piece - Pirates Carnival (Multi Tap (SCPH-10090) Doukonban)", 2],
			["One Piece - Pirates Carnival", 3]
		],
		"Onimusha - Dawn of Dreams (Disc 1)": [
			["Shin Onimusha - Dawn of Dreams (Disc 1)", 1]
		],
		"Onimusha - Dawn of Dreams (Disc 2)": [
			["Shin Onimusha - Dawn of Dreams (Disc 2)", 1]
		],
		"Onimusha - Warlords": [
			["Onimusha", 1]
		],
		"Onimusha 2 - Samurai's Destiny": [
			["Gwimuja 2", 1],
			["Onimusha 2", 1],
			["Onimusha 2 (Shokai Press Ban)", 2]
		],
		"Onimusha 3 - Demon Siege": [
			["Gwimuja 3", 1],
			["Onimusha 3", 1]
		],
		"Onimusha - Blade Warriors": [
			["Onimusha Buraiden", 1]
		],
		"Online Start-Up Disc 4.0": [
			["Online Start-Up Disc v1.0", 1],
			["Online Start-Up Disc v3.0", 1]
		],
		"Online Start-Up Disc 4.0 - Broadband Only": [
			["Online Start-Up Disc v3.5 - Broadband Only", 1]
		],
		"Onmyou Taisenki - Byakko Enbu (EyeToy Camera Doukonban)": [
			["Onmyou Taisenki - Byakko Enbu", 2]
		],
		"Orphen - Scion of Sorcery": [
			["Sorcerous Stabber Orphen", 1]
		],
		"P.T.O. IV - Pacific Theater of Operations": [
			["Teitoku no Ketsudan IV", 1]
		],
		"Pac-Man World Rally": [
			["Pac-Man Rally", 1]
		],
		"Paparazzi": [
			["Simple 2000 Series Vol. 53 - The Camera Kozou", 1]
		],
		"Party Girls": [
			["Simple 2000 Series Vol. 63 - Mogitate Mizugi! Onna Mamire no - The Suiei Taikai", 1]
		],
		"PES 2008 - Pro Evolution Soccer": [
			["World Soccer Winning Eleven 2008", 1]
		],
		"PES 2009 - Pro Evolution Soccer": [
			["World Soccer Winning Eleven 2009", 1]
		],
		"PES 2010 - Pro Evolution Soccer": [
			["World Soccer Winning Eleven 2010", 1]
		],
		"PES 2011 - Pro Evolution Soccer": [
			["World Soccer Winning Eleven 2011", 1]
		],
		"PES 2012 - Pro Evolution Soccer": [
			["World Soccer Winning Eleven 2012", 1]
		],
		"Petz - Catz 2": [
			["Catz", 1]
		],
		"Petz - Dogz 2": [
			["Dogz", 1]
		],
		"Petz - Horsez 2": [
			["Pippa Funnell - Ranch Rescue", 1]
		],
		"Phantasy Star Universe - Ambition of the Illuminus": [
			["Phantasy Star Universe - Illuminus no Yabou", 1]
		],
		"Phantom Brave": [
			["Phantom Brave - 2-shuume Hajimemashita.", 2]
		],
		"Phase of Combat - Sentou Kokka Kai Legend (Tokusou-ban)": [
			["Phase of Combat - Sentou Kokka Kai Legend", 2]
		],
		"Pinball": [
			["American Arcade", 1]
		],
		"Pinball Fun": [
			["Simple 2000 Series Vol. 26 - The Pinball x3", 1]
		],
		"Pinball Hall of Fame - The Gottlieb Collection": [
			["Gottlieb Pinball Classics", 0]
		],
		"Pink Pong": [
			["Simple 2000 Series Ultimate Vol. 15 - Love - Ping Pong!", 1]
		],
		"Pirates - Legend of the Black Buccaneer": [
			["Black Buccaneer", 1]
		],
		"PlayOnline Viewer and Tetra Master": [
			["PlayOnline Viewer - Tetra Master & Janhourou", 1]
		],
		"PlayStation BB Navigator - Version 0.32": [
			["PlayStation BB Navigator - Version 0.31", 2],
			["PlayStation BB Navigator - Version 0.30", 3],
			["PlayStation BB Navigator - Version 0.20", 4],
			["PlayStation BB Navigator - Version 0.10 (Prerelease) (Disc 1)", 5],
			["PlayStation BB Navigator - Version 0.10 (Prerelease) (Disc 2) (SCPN-60111)", 5],
			["PlayStation BB Navigator - Version 0.10 (Prerelease) (Disc 2) (SCPN-60103)", 6]
		],
		"PlayStation Experience (SCED-51938)": [
			["PlayStation Experience (SCED-51899)", 2],
			["PlayStation Experience (SCED-51148)", 3]
		],
		"Police 24-7": [
			["Keisatsukan, The - Shinjuku 24-ji", 1]
		],
		"Police Chase Down": [
			["Simple 2000 Series Ultimate Vol. 7 - Saikyou! Shirobai King - Security Police", 1]
		],
		"Pool Paradise": [
			["Pool Paradise - International Edition", 1]
		],
		"Pop Star Academy": [
			["Star Academy", 1]
		],
		"Power Drome": [
			["Powerdrome", 1]
		],
		"Power Rangers - Dino Thunder": [
			["Power Rangers - Dino Tonnerre", 1]
		],
		"Power Rangers - Super Legends - 15th Anniversary": [
			["Power Rangers - Super Legends", 1]
		],
		"Pride FC - Fighting Championships": [
			["Pride", 1]
		],
		"Primal": [
			["Saints - Seinaru Mamono", 1]
		],
		"Prince of Persia - The Sands of Time": [
			["Prince of Persia - Jikan no Suna", 1]
		],
		"Princess Maker 4": [
			["Princess Maker 4 (Collector's Edition)", -1]
		],
		"Pro Evolution Soccer": [
			["World Soccer Winning Eleven 5", 1]
		],
		"Pro Race Driver": [
			["DTM Race Driver", 1],
			["TOCA Race Driver", 1],
			["V8 Supercars Australia - Race Driver", 1]
		],
		"Pro Yakyuu Spirits 2004 Climax": [
			["Pro Yakyuu Spirits 2004", 2]
		],
		"ProStroke Golf - World Tour 2007": [
			["ProStroke Golf", 1]
		],
		"Psyvariar - Complete Edition (Special Capture Box)": [
			["Psyvariar - Complete Edition (Special Sound Box)", 2],
			["Psyvariar - Complete Edition", 3]
		],
		"Puyo Pop Fever": [
			["Puyo Puyo Fever", 1]
		],
		"Puzzle Maniacs": [
			["Simple 2000 Series Vol. 23 - The Puzzle Collection 2,000-mon", 1]
		],
		"Q-Ball - Billiards Master": [
			["Doukyuu - Billiard Master 2", 1],
			["Pool Master", 1]
		],
		"R-Racing Evolution": [
			["R-Racing", 1],
			["R-Racing Evolution - Life in the Fast Lane", 1]
		],
		"Radio Helicopter": [
			["Simple 2000 Series Vol. 35 - The Helicopter", 1]
		],
		"Raging Blades": [
			["Raging Bless - Gouma Mokushiroku", 1]
		],
		"Ratchet & Clank - Going Commando": [
			["Ratchet & Clank 2", 1],
			["Ratchet & Clank 2 - Gagaga! Ginga no Commando-ssu", 1]
		],
		"Ratchet & Clank - Size Matters": [
			["Ratchet & Clank 5 - Gekitotsu! Dodeka Ginga no Miri Miri Gundan", 1]
		],
		"Ratchet - Deadlocked": [
			["Ratchet - Gladiator", 1],
			["Ratchet & Clank 4th - Giri Giri Ginga no Giga Battle (Special Gift Package)", 1],
			["Ratchet & Clank 4th - Giri Giri Ginga no Giga Battle", 2]
		],
		"Ratchet & Clank - Up Your Arsenal": [
			["Ratchet & Clank 3", 1],
			["Ratchet & Clank 3 - Totsugeki! Galactic Rangers", 1]
		],
		"Rayman 2 - Revolution": [
			["Rayman Revolution", 1]
		],
		"Rayman Arena": [
			["Rayman M", 1]
		],
		"Real Pool": [
			["EX Billiards", 1],
			["International Cue Club", 1]
		],
		"Realm of the Dead": [
			["Bakuen Kakusei - Neverland Senki Zero", 1]
		],
		"RedCard 20-03": [
			["RedCard", 1]
		],
		"Reel Fishing III": [
			["Fish Eyes 3 - Kioku no Hahentachi", 1]
		],
		"Resident Evil - Code - Veronica X": [
			["Biohazard - Code - Veronica Kanzenban", 1]
		],
		"Resident Evil - Dead Aim": [
			["Gun Survivor 4 - Biohazard - Heroes Never Die", 1]
		],
		"Resident Evil - Outbreak": [
			["Biohazard - Outbreak", 1]
		],
		"Resident Evil - Outbreak - File 2": [
			["Biohazard - Outbreak - File 2", 1]
		],
		"Resident Evil - Survivor 2 - Code - Veronica": [
			["Gun Survivor 2 - Biohazard - Code - Veronica (With GunCon2)", 1],
			["Gun Survivor 2 - Biohazard - Code - Veronica", 2]
		],
		"Resident Evil 4": [
			["Biohazard 4", 1]
		],
		"Riding Star": [
			["Paard & Pony - Topruiter", 1]
		],
		"Ripuru no Tamago - Apprentice Magician": [
			["Simple 2000 Series Vol. 74 - Onna no Ko Sen'you - The Oujisama to Romance - Ripuru no Tamago", 2]
		],
		"River King - A Wonderful Journey": [
			["Harvest Fishing", 1]
		],
		"Road Rage 3": [
			["Touge 3", 1]
		],
		"Road Trip": [
			["Road Trip Adventure", 1]
		],
		"Robot Warlords": [
			["Velvet File", 1]
		],
		"Rock Band - Track Pack Volume 1": [
			["Rock Band - Song Pack 1", 1]
		],
		"Rock Band - Track Pack Volume 2": [
			["Rock Band - Song Pack 2", 1]
		],
		"Rogue Galaxy - Director's Cut": [
			["Rogue Galaxy", 2]
		],
		"Romance of the Three Kingdoms IX": [
			["Sangokushi IX with Power-Up Kit", 1],
			["Sangokushi IX", 2]
		],
		"Romance of the Three Kingdoms VII": [
			["Sangokushi VII", 1]
		],
		"Romance of the Three Kingdoms VIII": [
			["Sangokushi VIII with Power-Up Kit", 1],
			["Sangokushi VIII", 2]
		],
		"Romance of the Three Kingdoms X": [
			["Sangokushi X", 1]
		],
		"Romance of the Three Kingdoms XI": [
			["Sangokushi 11 with Power-Up Kit", 1],
			["Sangokushi 11", 2]
		],
		"Romancing SaGa": [
			["Romancing SaGa - Minstrel Song", 1]
		],
		"Rugby League 2": [
			["Rugby League 2 - World Cup Edition", -1]
		],
		"Rygar - The Legendary Adventure": [
			["A Ge Si Zhan Shi", 1],
			["Argus no Senshi", 1],
			["Argus-ui Jeonsa", 1]
		],
		"Ryuu ga Gotoku 2 (Disc 1)": [
			["Ryuu ga Gotoku 2", 2]
		],
		"Saint Seiya - The Hades": [
			["Saint Seiya - Meiou Hades Juunikyuu-hen", 1]
		],
		"Saint Seiya - The Sanctuary": [
			["Saint Seiya - Sanctuary Juunikyuu-hen", 1]
		],
		"Sakura Taisen - Atsuki Chishio ni": [
			["Ying Hua Da Zhan - Chi Re Zhi Xie", 1]
		],
		"Sakura Taisen 3 - Paris wa Moeteiru ka": [
			["Sakura Daejeon 3 - Paris-neun Bultago Issneunga", 1]
		],
		"Sakura Taisen V Episode 0 - Kouya no Samurai Musume": [
			["Sakura Daejeon V Episode 0 - Hwangya-ui Samurai Agassi", 1]
		],
		"Sakura Wars - So Long, My Love (Disc 2) (Japanese Voice Over)": [
			["Sakura Taisen V - Saraba Itoshiki Hito yo", 1]
		],
		"Samurai Shodown V": [
			["Samurai Spirits Zero", 1]
		],
		"Samurai Warriors": [
			["Jeonguk Mussang", 1],
			["Sengoku Musou", 1]
		],
		"Samurai Warriors - Xtreme Legends": [
			["Sengoku Musou - Moushouden", 1]
		],
		"Samurai Warriors 2": [
			["Sengoku Musou 2", 1]
		],
		"Samurai Warriors 2 - Empires": [
			["Sengoku Musou 2 - Empires", 1]
		],
		"Samurai Warriors 2 - Xtreme Legends": [
			["Sengoku Musou 2 - Moushouden", 1]
		],
		"Samurai Western": [
			["Samurai Western - Katsugeki Samurai Dou", 1]
		],
		"Saturday Night Speedway": [
			["Stock Car Speedway", 1]
		],
		"SBK - Superbike World Championship": [
			["SBK 08 - Superbike World Championship", 1]
		],
		"Scooby-Doo! Night of 100 Frights": [
			["Scooby-Doo! La Nuit des 100 Frissons", 1],
			["Scooby-Doo! Nacht der 100 Schrecken", 1]
		],
		"Score International Baja 1000 - The Official Game": [
			["Score International Baja 1000 - World Championship Off Road Racing", 1]
		],
		"Seed, The - Warzone": [
			["Seed, The", 1]
		],
		"Sega Bass Fishing Duel": [
			["Get Bass Battle", 1]
		],
		"Sega Genesis Collection": [
			["Sega Mega Drive Collection", 1]
		],
		"Sega Sports Tennis": [
			["Power Smash 2", 1],
			["Virtua Tennis 2 - Sega Professional Tennis", 1]
		],
		"Sega Superstars (EyeToy Camera Doukonban)": [
			["Sega Superstars", 2]
		],
		"Seek and Destroy": [
			["Shin Combat Choro Q", 1]
		],
		"Shadow of Destiny": [
			["Shadow of Memories", 1]
		],
		"Shadow of the Colossus": [
			["Shadow of the Colossus + Ico", -1],
			["Wander to Kyozou", 1],
			["Wang Da Yu Ju Xiang", 1]
		],
		"Shadow Hearts - Covenant (Disc 1)": [
			["Shadow Hearts II - Director's Cut (Disc 1)", -1],
			["Shadow Hearts II (Disc 1)", 1]
		],
		"Shadow Hearts - Covenant (Disc 2)": [
			["Shadow Hearts II - Director's Cut (Disc 2)", -1],
			["Shadow Hearts II (Disc 2)", 1]
		],
		"Shadow Hearts - From the New World (Premium Box)": [
			["Shadow Hearts - From the New World", 2]
		],
		"Shanghai - The Four Elements": [
			["Shanghai - The Four Elements", 1]
		],
		"Shibai Michi (USB Mic Doukonban)": [
			["Shibai Michi", 2]
		],
		"Shox": [
			["Rally Shox", 1],
			["Shox - Rally Reinvented", 1]
		],
		"Shin Megami Tensei - Devil Summoner - Raidou Kuzunoha vs. the Soulless Army": [
			["Devil Summoner - Kuzunoha Raidou tai Chouriki Heidan", 1]
		],
		"Shin Megami Tensei - Devil Summoner 2 - Raidou Kuzunoha vs. King Abaddon": [
			["Devil Summoner - Kuzunoha Raidou tai Abaddon-ou", 1]
		],
		"Shin Megami Tensei - Digital Devil Saga": [
			["Digital Devil Saga - Avatar Tuner", 1]
		],
		"Shin Megami Tensei - Digital Devil Saga 2": [
			["Digital Devil Saga - Avatar Tuner 2", 1]
		],
		"Shin Megami Tensei - Nocturne": [
			["Shin Megami Tensei III - Nocturne Maniax - Chronicle Edition", -1],
			["Jin Yeosin Jeonsaeng III - Nocturne", 1],
			["Shin Megami Tensei - Lucifer's Call", 1],
			["Shin Megami Tensei III - Nocturne", 1],
			["Shin Megami Tensei III - Nocturne (Tsutaya Original Version)", 2],
			["Shin Megami Tensei III - Nocturne (Deluxe Pack)", 3]
		],
		"Shin Megami Tensei - Persona 3": [
			["Shin Megami Tensei - Persona 3 FES", -1],
			["P3 - Persona 3", 1],
			["Persona 3", 1]
		],
		"Shin Megami Tensei - Persona 3 FES": [
			["Persona 3 FES", 1]
		],
		"Shin Megami Tensei - Persona 4": [
			["Persona 4", 1]
		],
		"Shinobido - Way of the Ninja": [
			["Shinobi-dou - Imashime", 1]
		],
		"Shogun's Blade": [
			["Simple 2000 Series Vol. 47 - The Kassen Sekigahara", 1]
		],
		"Shonen Jump's One Piece - Grand Battle": [
			["One Piece - Grand Battle! Rush", 1]
		],
		"Silent Hill 2": [
			["Silent Hill 2 - Director's Cut", -1],
			["Silent Hill 2 - Saigo no Uta", -1]
		],
		"Silent Hill 2 - Director's Cut": [
			["Silent Hill 2 - Saigo no Uta", 1]
		],
		"Silent Line - Armored Core": [
			["Armored Core 3 - Silent Line", 1]
		],
		"Silent Scope 2 - Dark Silhouette": [
			["Silent Scope 2 - Fatal Judgement", 1],
			["Silent Scope 2 - Innocent Sweeper", 1]
		],
		"Simple 2000 Series Vol. 94 - The Aka-Champion - Come on Baby": [
			["Come on Baby", 1]
		],
		"Simpsons Game, The": [
			["Simpson, Les - Le Jeu", 1],
			["Simpsons, Die - Das Spiel", 1]
		],
		"SingStar Singalong with Disney": [
			["SingStar Best of Disney", 1],
			["SingStar - Chansons Magiques de Disney", 1],
			["SingStar Canciones Disney", 1],
			["SingStar Cancoes Disney", 1],
			["SingStar e la Magia Disney", 1],
			["SingStar Zingt met Disney", 1]
		],
		"Siren": [
			["Forbidden Siren", 1],
			["Si Hun Qu 2", 1]
		],
		"Ski-Doo Snow X Racing": [
			["SXR - Snow X Racing", 1]
		],
		"Sky Odyssey": [
			["Sky Odyssey, The", 1]
		],
		"Sly Cooper and the Thievius Raccoonus": [
			["Kaitou Sly Cooper", 1],
			["Sly Raccoon", 1]
		],
		"Sly 2 - Band of Thieves": [
			["Kaitou Sly Cooper 2", 1]
		],
		"Sly 3 - Honor Among Thieves": [
			["Sly 3 - Honour Among Thieves", 1]
		],
		"Smash Court Tennis - Pro Tournament 2": [
			["Smash Court Pro Tournament 2", 1]
		],
		"Smuggler's Run": [
			["Crazy Bump's - Kattobi Car Battle!", 1]
		],
		"Sniper 2, The": [
			["Simple 2000 Series Vol. 16 - The Sniper 2 - Akumu no Juudan", 1]
		],
		"Snowboard Racer 2": [
			["Simple 2000 Series Vol. 6 - The Snowboard", 1]
		],
		"Soccer America - International Cup": [
			["Greatest Striker", 1],
			["International League Soccer", 1]
		],
		"Soccer Life!": [
			["Soccer Life! We are Challengers to Europe", 1]
		],
		"Soccer Life 2": [
			["Soccer Life 2 - We are Challengers to Europe", 1]
		],
		"Soccer Mania": [
			["Football Mania", 1]
		],
		"SOCOM - U.S. Navy SEALs": [
			["SOCOM - U.S. Navy SEALs (SCKA-24008)", 2]
		],
		"Space Channel 5 - Special Edition (Disc 1)": [
			["Space Channel 5", 1]
		],
		"Space Channel 5 - Special Edition (Disc 2)": [
			["Space Channel 5 Part 2", 1]
		],
		"Space Invaders - Invasion Day": [
			["Simple 2000 Series Vol. 52 - The Chikyuu Shinryakugun - Space Raiders", 1]
		],
		"Spartan - Total Warrior": [
			["Spartan - Kodai Greece Eiyuuden", 1]
		],
		"Special Forces": [
			["Simple 2000 Series Vol. 108 - The Nihon Tokushu Butai - Kyouaku Hanzai Rettou 24-ji", 1]
		],
		"Spectral Force Chronicle (10th Anniversary Box)": [
			["Spectral Force Chronicle", 2]
		],
		"Splashdown - Rides Gone Wild": [
			["Splashdown 2 - Rides Gone Wild", 1]
		],
		"Splatter Master": [
			["Simple 2000 Series Vol. 64 - The Splatter Action", 1]
		],
		"SSX": [
			["X-treme Racing SSX", 1]
		],
		"Star Ocean - Till the End of Time (Disc 1)": [
			["Star Ocean - Till the End of Time - Director's Cut (Disc 1)", 1],
			["Star Ocean - Till the End of Time", 2]
		],
		"Star Ocean - Till the End of Time (Disc 2)": [
			["Star Ocean - Till the End of Time - Director's Cut (Disc 2)", 1]
		],
		"Star Wars - Bounty Hunter": [
			["Star Wars - Jango Fett", 1]
		],
		"Star Wars - Episode III - Revenge of the Sith": [
			["Star Wars - Episode III - Die Rache der Sith", 1],
			["Star Wars - Episode III - La Revanche des Sith", 1],
			["Star Wars - Episode III - Sith no Fukushuu", 1]
		],
		"Star Wars - The Clone Wars": [
			["Star Wars - La Guerra dei Cloni", 1],
			["Star Wars - Las Guerras Clon", 1]
		],
		"Steambot Chronicles": [
			["Ponkotsu Roman Daikatsugeki - Bumpy Trot", 1]
		],
		"Steel Dragon EX": [
			["Simple 2000 Series Vol. 37 - The Shooting - Double Shienryuu", 1]
		],
		"Stella Deus - The Gate of Eternity": [
			["Stella Deus", 1]
		],
		"Street Boyz": [
			["Simple 2000 Series Ultimate Vol. 21 - Kenka Joutou! Yankee Banchou - Shouwa 99-nen no Densetsu", 1]
		],
		"Street Fighter Alpha Anthology": [
			["Street Fighter Zero - Fighter's Generation", 1]
		],
		"Street Golfer": [
			["Simple 2000 Series Ultimate Vol. 12 - Street Golfer", 1]
		],
		"Stretch Panic": [
			["Freak Out", 1],
			["Hippa Linda", 1]
		],
		"Suikoden Tactics": [
			["Rhapsodia", 1]
		],
		"Summer Athletics - The Ultimate Challenge": [
			["Summer Athletics", 1]
		],
		"Super Trucks Racing": [
			["Super Trucks", 1]
		],
		"Super Bust-A-Move": [
			["Super Puzzle Bobble", 1]
		],
		"Super Bust-A-Move 2": [
			["Super Puzzle Bobble 2", 1]
		],
		"Super Dragon Ball Z": [
			["Chou Dragon Ball Z", 1]
		],
		"SuperLite 2000 Vol. 22 - Memories Off Duet": [
			["Memories Off", 1]
		],
		"Surfing H3O": [
			["Surfroid - Densetsu no Surfer", 1]
		],
		"Suzuki TT Superbikes - Real Road Racing": [
			["TT Superbikes", 1]
		],
		"Suzuki TT Superbikes - Real Road Racing Championship": [
			["TT Superbikes - Real Road Racing Championship", 1]
		],
		"Sven-Goeran Eriksson's World Challenge": [
			["Marcel Desailly Pro Football", 1],
			["Mundial 2002 Challenge", 1],
			["WM Nationalspieler", 1]
		],
		"Swap Magic 3 Plus (Unl) (DVD Version 3.6)": [
			["Swap Magic 3 Plus (Unl) (CD Version 3.6)", 2]
		],
		"Swords of Destiny": [
			["Cheonseong - Swords of Destiny", 1],
			["Tensei - Swords of Destiny", 1]
		],
		"Sword of Etheria, The": [
			["Oz", 1]
		],
		"Sword of the Samurai": [
			["Kengou 2", 1]
		],
		"Taisen Hot Gimmick - Cosplay Jan (Special Ban)": [
			["Taisen Hot Gimmick - Cosplay Jan", 2]
		],
		"Taito Memories - Gekan (Eternal Hits)": [
			["Taito Memories - Gekan (Taito Best)", 2]
		],
		"Taito Memories - Joukan (Eternal Hits)": [
			["Taito Memories - Joukan", 2],
			["Taito Memories - Joukan (Taito Best)", 3]
		],
		"Tak and the Power of Juju": [
			["Tak & Le Pouvoir de Juju", 1],
			["Tak e la Magia Juju", 1],
			["Tak und die Macht des Juju", 1],
			["Tak y el Poder Juju", 1]
		],
		"Tales of Destiny": [
			["Tales of Destiny - Director's Cut", -1]
		],
		"Tank Elite": [
			["Simple 2000 Series Vol. 32 - The Sensha", 1]
		],
		"Taxi Rider": [
			["Simple 2000 Series Vol. 48 - The Taxi - Untenshu ha Kimi da", 1]
		],
		"Tear Ring Saga Series - Berwick Saga - Lazberia Chronicle Chapter 174 (Premium Box)": [
			["Tear Ring Saga Series - Berwick Saga - Lazberia Chronicle Chapter 174", 2]
		],
		"Tenchu - Fatal Shadows": [
			["Tenchu Kurenai", 1]
		],
		"Tenchu - Wrath of Heaven": [
			["Tenchu 3", 1],
			["Tenchu - La Colere Divine", 1],
			["Tenchu - La Ira del Cielo", 1]
		],
		"Tennis no Oujisama - Smash Hit!": [
			["Tennis no Oujisama - Smash Hit! (SLPM-65323)", 2],
			["Tennis no Oujisama - Smash Hit! (SLPM-65322)", 3],
			["Tennis no Oujisama - Smash Hit! (SLPM-65321)", 4]
		],
		"Tennis no Oujisama - Smash Hit! Original Anime Game (SLPM-62359)": [
			["Tennis no Oujisama - Smash Hit! Original Anime Game (SLPM-62358)", 2],
			["Tennis no Oujisama - Smash Hit! Original Anime Game (SLPM-62357)", 3]
		],
		"Terminator 3 - Rise of the Machines": [
			["Terminator 3 - La Rebelion de las Maquinas", 1],
			["Terminator 3 - Le Macchine Ribelli", 1],
			["Terminator 3 - Le Soulevement des Machines", 1],
			["Terminator 3 - Rebellion der Maschinen", 1]
		],
		"Test Drive": [
			["TD Overdrive - The Brotherhood of Speed", 1]
		],
		"Test Drive - Eve of Destruction": [
			["Driven to Destruction", 1]
		],
		"Test Drive Off-Road - Wide Open": [
			["Off-Road - Wide Open", 1]
		],
		"Theme Park Roller Coaster": [
			["Theme Park 2001", 1],
			["Theme Park World", 1]
		],
		"Thing, The": [
			["Yuusei kara no Buttai X - Episode II", 1]
		],
		"Thrillville - Off the Rails": [
			["Thrillville - Fuera de Control", 1],
			["Thrillville - Fuori dai Binari", 1],
			["Thrillville - Le Parc en Folie", 1],
			["Thrillville - Verrueckte Achterbahn", 1]
		],
		"Thunder Strike - Operation Phoenix": [
			["Thunderhawk - Operation Phoenix", 1]
		],
		"Tiger Woods PGA Tour 2001": [
			["Tiger Woods USA Tour 2001", 1]
		],
		"Tiger Woods PGA Tour 2002": [
			["Tiger Woods USA Tour 2002", 1]
		],
		"Tim Burton's The Nightmare Before Christmas - Oogie's Revenge": [
			["Tim Burton's The Nightmare Before Christmas - Boogie no Gyakushuu", 1]
		],
		"Time Crisis - Crisis Zone": [
			["Crisis Zone", 1]
		],
		"Time Crisis II (With GunCon2)": [
			["Time Crisis II", 2]
		],
		"TOCA Race Driver 2": [
			["TOCA Race Driver 2 - Ultimate Racing Simulator", 1],
			["V8 Supercars Australia 2", 1],
			["DTM Race Driver 2", 2]
		],
		"TOCA Race Driver 3 - The Ultimate Racing Simulator": [
			["TOCA Race Driver 3", 1],
			["V8 Supercars Australia 3", 1],
			["DTM Race Driver 3", 2]
		],
		"Tokobot Plus - Mysteries of the Karakuri": [
			["Korobot Adventure", 1]
		],
		"Tokyo Xtreme Racer - Zero": [
			["Shutokou Battle 0", 1],
			["Tokyo Xtreme Racer", 1]
		],
		"Tokyo Xtreme Racer - Drift": [
			["Kaidou Battle - Nikkou, Haruna, Rokkou, Hakone", 1]
		],
		"Tokyo Xtreme Racer - Drift 2": [
			["Kaido Racer 2", 1],
			["Kaidou - Touge no Densetsu", 1]
		],
		"Tokyo Xtreme Racer 3": [
			["Shutokou Battle 01", 1]
		],
		"Tom Clancy's Splinter Cell - Double Agent": [
			["Tom Clancy's Splinter Cell - Nijuu Spy", 1]
		],
		"Tony Hawk's American Wasteland": [
			["Tony Hawk's American Wasteland (Collector's Edition)", -1]
		],
		"Tony Hawk's Pro Skater 4": [
			["Tony Hawk's Pro Skater 2003", 1]
		],
		"Top Gear Dare Devil": [
			["TG DareDevil", 1]
		],
		"Top Gun - Combat Zones": [
			["Top Gun - Ace of the Sky", 1]
		],
		"Torrente 3 - The Protector": [
			["Torrente 3 - El Protector", 1]
		],
		"Total Overdose - A Gunslinger's Tale in Mexico": [
			["Total Overdose", 1]
		],
		"Tourist Trophy - The Real Riding Simulator": [
			["Tourist Trophy", 1]
		],
		"Transformers": [
			["Transformers (Director's Cut)", -1]
		],
		"Tsugunai - Atonement": [
			["Tsugunai", 1]
		],
		"Typing Namidabashi - Ashita no Joe Touda (USB Keyboard Doukonban)": [
			["Typing Namidabashi - Ashita no Joe Touda", 2]
		],
		"Typing Ren'ai Hakusho - Boys Be... (Keyboard Set)": [
			["Typing Ren'ai Hakusho - Boys Be...", 2]
		],
		"U-Move Super Sports": [
			["Let's Play Sports!", 1]
		],
		"UFC - Throwdown": [
			["UFC - Ultimate Fighting Championship 2 - Tapout", 1]
		],
		"Ultimate Casino": [
			["Simple 2000 Honkaku Shikou Series Vol. 6 - The Card - Blackjack, Daifugou, Draw Poker, Speed, Page One, etc.", 1]
		],
		"Ultimate Mind Games": [
			["Simple 2000 Series Vol. 10 - The Table Game Sekai-hen - Chess, Backgammon, Diamond, Gunjin Shougi, etc.", 1]
		],
		"Ultimate Spider-Man": [
			["Ultimate Spider-Man - Limited Edition", 0]
		],
		"Unlimited Saga (Limited Edition)": [
			["Unlimited Saga", 2]
		],
		"Under the Skin": [
			["Meiwaku Seijin - Panic Maker", 1]
		],
		"Urban Chaos - Riot Response": [
			["Urban Chaos", 1]
		],
		"Utility Disc Version 1.01 (Koukan-you)": [
			["Utility Disc Version 1.01", 2]
		],
		"Venus & Braves - Majo to Megami to Horobi no Yogen (Premium Box)": [
			["Venus & Braves - Majo to Megami to Horobi no Yogen", 2]
		],
		"Victorious Boxers - Ippo's Road to Glory": [
			["Hajime no Ippo - Victorious Boxers", 1]
		],
		"Victorious Boxers 2 - Fighting Spirit": [
			["Hajime no Ippo All Stars", 1]
		],
		"Viewtiful Joe": [
			["Viewtiful Joe - A New Hope", 1],
			["Viewtiful Joe - Aratanaru Kibou", 1]
		],
		"Viewtiful Joe 2": [
			["Viewtiful Joe 2 - Black Film no Nazo", 1]
		],
		"Virtua Fighter - 10th Anniversary Edition": [
			["Virtua Fighter - 10th Anniversary", 1]
		],
		"Virtua Pro Football": [
			["World Football Climax", 1]
		],
		"Virtua Quest": [
			["Virtua Fighter - Cyber Generation - Judgment Six no Yabou", 1]
		],
		"Volleyball Challenge": [
			["Simple 2000 Series Vol. 41 - The Volleyball", 1]
		],
		"Waga Ryuu o Miyo - Pride of the Dragon Peace": [
			["Kan Wo Long Xian Shen Wei", 1]
		],
		"Walt Disney's The Jungle Book - Rhythm n' Groove": [
			["Disney's Jungle Book - Groove Party", 1]
		],
		"Warriors Orochi": [
			["Musou Orochi", 1]
		],
		"Warriors Orochi 2": [
			["Musou Orochi - Maou Sairin", 1],
			["Mussang Orochi - Mawang Jaerim", 1]
		],
		"Warship Gunner 2": [
			["Warship Gunner 2 - Kurogane no Houkou", 1]
		],
		"Wave Rally": [
			["Jet Ski Riders", 1]
		],
		"We Love Katamari": [
			["Minna Daisuki Katamari Damacy", 1]
		],
		"Weakest Link, The": [
			["Le Maillon Faible", 1]
		],
		"Way of the Samurai": [
			["Samurai", 1],
			["Samurai Kanzenban", 1]
		],
		"Way of the Samurai 2": [
			["Samurai Dou 2 - Kettouban", 1],
			["Samurai Dou 2 - Way of the Samurai 2", 2]
		],
		"Who Wants to Be a Millionaire - 2nd Edition": [
			["Qui Veut Gagner des Millions - Seconde Edition", 1],
			["Wer wird Millionaer - 2. Edition", 1]
		],
		"Who Wants to Be a Millionaire - Party Edition": [
			["Chi Vuol Essere Milionario - Party Edition", 1],
			["Wer wird Millionaer - Party Edition", 1]
		],
		"Wild Arms 3": [
			["Wild Arms - Advanced 3rd (Premium Box)", 1],
			["Wild Arms - Advanced 3rd", 2]
		],
		"Wild Arms 4": [
			["Wild Arms - The 4th Detonator", 1]
		],
		"Wild Arms 5": [
			["Wild Arms - The Vth Vanguard", 1]
		],
		"WinBack - Covert Operations": [
			["Operation WinBack", 1],
			["WinBack", 1]
		],
		"WinBack 2 - Project Poseidon": [
			["Operation WinBack 2 - Project Poseidon", 1]
		],
		"Winning Eleven - Pro Evolution Soccer 2007": [
			["Pro Evolution Soccer 6", 1]
		],
		"Winning Post 4 Maximum": [
			["Winning Post 4 Maximum 2001", -1]
		],
		"Winning Post 5 Maximum 2002": [
			["Winning Post 5 Maximum 2003", -1]
		],
		"Winning Post 7": [
			["Winning Post 7 Maximum 2007", -1]
		],
		"Winter Sports 2008 - The Ultimate Challenge": [
			["RTL Winter Sports 2008 - The Ultimate Challenge", 1]
		],
		"Winter Sports 2 - The Next Challenge": [
			["Winter Sports 2009 - The Next Challenge", 1]
		],
		"Winter X Games Snowboarding 2": [
			["ESPN Winter X Games Snowboarding 2002", 1]
		],
		"Women's Volleyball Championship": [
			["FIVB Volleyball World Cup - Venus Evolution", 1]
		],
		"World Fighting": [
			["Simple 2000 Series Vol. 42 - The Ishu Kakutougi", 1]
		],
		"World of Outlaws - Sprint Cars 2002": [
			["World of Outlaws - Sprint Cars", 1]
		],
		"World Soccer Winning Eleven 6 - International": [
			["Pro Evolution Soccer 2", 1]
		],
		"World Soccer Winning Eleven 7 - International": [
			["Pro Evolution Soccer 3", 1]
		],
		"World Soccer Winning Eleven 8 - International": [
			["Pro Evolution Soccer 4", 1],
			["World Soccer Winning Eleven 8 - Asia Championship", 1],
			["World Soccer Winning Eleven 8 - Liveware Evolution", 1]
		],
		"World Soccer Winning Eleven 9": [
			["Pro Evolution Soccer 5", 1]
		],
		"World Super Police": [
			["Kousoku Kidoutai - World Super Police", 1]
		],
		"World Tour Soccer 2002": [
			["Monde des Bleus 2002, Le", 1],
			["This Is Football 2002", 1]
		],
		"World Tour Soccer 2003": [
			["Monde des Bleus 2003, Le - Un Nouveau Defi", 1],
			["This Is Football 2003", 1],
			["This Is Football - Soccer Sekai Senki 2003", 1]
		],
		"World Tour Soccer 2005": [
			["LMB Nouvelle Generation", 1],
			["This Is Football 2004", 1],
			["This Is Soccer 2004", 1]
		],
		"World Tour Soccer 2006": [
			["Le Monde des Bleus 2005", 1],
			["This Is Football 2005", 1],
			["This Is Soccer 2005", 1]
		],
		"WRC II Extreme - Special Demo (SCED-51632)": [
			["WRC II Extreme - Special Demo (SCED-51305)", 1]
		],
		"WRC - Rally Evolved": [
			["WRC avec Sebastien Loeb Edition 2005", 1]
		],
		"WTA Tour Tennis": [
			["Pro Tennis WTA Tour", 1]
		],
		"WWE SmackDown! Shut Your Mouth": [
			["Exciting Pro Wres 4", 1]
		],
		"WWE SmackDown! vs. Raw": [
			["Exciting Pro Wres 6 - WWE SmackDown! vs. Raw", 1]
		],
		"WWE SmackDown! vs. Raw 2006": [
			["Exciting Pro Wres 7 - WWE SmackDown! vs. Raw 2006", 1]
		],
		"X-treme Express - World Grand Prix": [
			["Tetsu One - Densha de Battle!", 1],
			["Tetsu One - Jeoncharo Battle! World Grand Prix", 1]
		],
		"X Squad": [
			["CrossFire", 1]
		],
		"X2 - Wolverine's Revenge": [
			["X-Men 2 - La Vengeance de Wolverine", 1],
			["X-Men 2 - Wolverine's Revenge", 1]
		],
		"Xenosaga Episode I - Der Wille zur Macht (Premium Box)": [
			["Xenosaga Episode I Reloaded - Der Wille zur Macht", 0],
			["Xenosaga Episode I - Der Wille zur Macht", 2]
		],
		"Xenosaga Episode II - Jenseits von Gut und Boese (Disc 1)": [
			["Xenosaga Episode II - Jenseits von Gut und Bose (Disc 1) (Premium Box)", 1],
			["Xenosaga Episode II - Jenseits von Gut und Bose (Disc 1)", 2]
		],
		"Xenosaga Episode II - Jenseits von Gut und Boese (Disc 2)": [
			["Xenosaga Episode II - Jenseits von Gut und Bose (Disc 2) (Premium Box)", 1],
			["Xenosaga Episode II - Jenseits von Gut und Bose (Disc 2)", 2]
		],
		"XIII": [
			["XIII - Daitouryou o Koroshita Otoko", 1]
		],
		"Yakuza Fury": [
			["Simple 2000 Series Vol. 72 - The Ninkyou", 1]
		],
		"Yamasa Digi World 4": [
			["Yamasa Digi World 4 DX", -1]
		],
		"Yanya Caballista - City Skater": [
			["Yanya! Caballista featuring Gawoo", 1]
		],
		"Yoake no Mariko (Performance Pack)": [
			["Yoake no Mariko", 2]
		],
		"Yoake no Mariko 2nd Act (Performance Pack)": [
			["Yoake no Mariko 2nd Act", 2]
		],
		"Yoshitsune Eiyuuden - The Story of Hero Yoshitsune": [
			["Yoshitsune Yeongungjeon", 1]
		],
		"Ys - The Ark of Napishtim": [
			["Ys - Napishtim no Hako", 1]
		],
		"Yu-Gi-Oh! GX - The Beginning of Destiny": [
			["Yu-Gi-Oh! Duel Monsters GX - Tag Force Evolution", 1],
			["Yu-Gi-Oh! GX - Tag Force Evolution", 1]
		],
		"Zapper - One Wicked Cricket": [
			["Zapper", 1]
		],
		"Zombie Attack": [
			["Simple 2000 Series Vol. 65 - The Kyonshii Panic", 1]
		],
		"Zombie Zone": [
			["Simple 2000 Series Vol. 61 - The OneeChambara", 1]
		],
		"Zone of the Enders": [
			["Zone of the Enders - Z.O.E", 1]
		],
		"Zone of the Enders - The 2nd Runner": [
			["Zone of the Enders - The 2nd Runner (Special Edition)", -1],
			["Anubis - Zone of the Enders - Special Edition", -1],
			["Anubis - Zone of the Enders", 1]
		],
		"Zone of the Enders - The 2nd Runner (Special Edition)": [
			["Anubis - Zone of the Enders - Special Edition", 1]
		]
	}
}