{
    "description": {
        "name": [
			"IBM - PC compatible"
		],
        "last updated": "23 Mar 2020"
    },

    "compilations": [
        "3 Games in 1 - Deadly Tide + Monster Truck Madness + Close Combat (Europe)",
        "4 Games in 1 - Strike Commander + Syndicate Plus + Ultima VIII - Pagan + Wing Commander II (USA)",
        "Battle Arena Toshinden 2 & Zeitgeist (Germany)",
        "Battle Arena Toshinden 2 (Europe) (2in1 Pack)",
        "Bazooka Sue & Turrican II (Germany)",
        "Bermuda Syndrome & Air Power (Germany)",
        "Best of Sierra Nr. 1 (Germany)",
        "Best of Sierra Nr. 10 (Germany)",
        "Best of Sierra Nr. 13 (Germany)",
        "Best of Sierra Nr. 2 (Germany)",
        "Best of Sierra Nr. 3 (Germany)",
        "Best of Sierra Nr. 4 (Germany)",
        "Best of Sierra Nr. 5 (Germany)",
        "Best of Sierra Nr. 6 (Germany)",
        "Best of Sierra Nr. 7 (Germany)",
        "Best of Sierra Nr. 8 (Germany)",
        "Best of Sierra Nr. 9 (Germany)",
        "Bestseller Games Special 10 - Extreme Action Compilation (Germany)",
        "Black Isle Compilation, The - Part Two (Germany) (Patches & Handbuecher)",
        "Bonus 2-Pack - Sid Meier's Civilization III Gold Edition & CivCity - Rome (USA)",
        "Bravo ScreenFun 10-01 (Germany)",
        "Bravo ScreenFun 10-2002 (Germany)",
        "Bravo ScreenFun 12-01 (Germany)",
        "Bravo ScreenFun 2-02 (Germany)",
        "Bravo ScreenFun 7-01",
        "Bravo ScreenFun 9-2004 (Disc 1)",
        "Chaos Control & Time Gate - Knight's Chase (Germany)",
        "Dragon's Lair & Crusade (Germany)",
        "GameTek 3 in 1 Compilation - Road Warrior + Brutal + Humans 3 (Europe)",
        "Grand Theft Auto Trylogia (Poland) (En,Fr,De,Es,It,Pl)",
        "Hallo! 2 (Germany) (Disc 10)",
        "Hallo! 2 (Germany) (Disc 11)",
        "Hallo! 2 (Germany) (Disc 12)",
        "Hallo! 2 (Germany) (Disc 13)",
        "Hallo! 2 (Germany) (Disc 14)",
        "Hallo! 2 (Germany) (Disc 15)",
        "Hallo! 2 (Germany) (Disc 6)",
        "Hallo! 2 (Germany) (Disc 8)",
        "Hallo! 2 (Germany) (Disc 9)",
		"Hand of Fate + IndyCar Racing & Track Pack (Europe)",
		"Jewel Quest & Jewel Quest II",
		"Komputer Swiat Gry 10-2003",
		"Magic Carpet & PGA Tour 96"
    ],

    "renames": {
		"007 - Quantum of Solace": [
			"007 - Kvant miloserdija",
			"007 - Quantum of Solace (Press Kit)"
		],
		"18 Wheels of Steel - Convoy": [
			"18 stal'nyh koles - Konvoj"
		],
		"18 Wheels of Steel - Pedal to the Metal": [
			"18 stal'nyh koljos - Pyl' dorog"
		],
		"3-D Ultra Minigolf": [
			"Best of Sierra Nr. 11"
		],
		"3-D Ultra Pinball - The Lost Continent": [
			"3-D Ultra Pinball - Der vergessene Kontinent",
			"Best of Sierra Nr. 14 (Disc 1)"
		],
		"3-D Ultra Radio Control Racers": [
			"Funk-Flitzer"
		],
		"7th Guest, The (Disc 1) (Windows 95)": [
			"7th Guest, The (Disc 1)"
		],
		"7th Guest, The (Disc 2) (Windows 95)": [
			"7th Guest, The (Disc 2)"
		],
		"Abomination - Action Strategy Mayhem": [
			"Abomination - The Nemesis Project"
		],
		"Ace Ventura": [
			"Ace Ventura - Detective de mascotas",
			"Komputer Swiat Gry 10-2004 (Disc 1)"
		],
		"Activision's Atari 2600 Action Pack for Windows 95": [
			"Activision's Atari 2600 Action Pack"
		],
		"Advanced Dungeons & Dragons - Birthright - The Gorgon's Alliance": [
			"Advanced Dungeons & Dragons - Birthright - Die Dunkle Allianz"
		],
		"Adventures with Barbie - Ocean Discovery": [
			"Aventures de Barbie, Les - Chasse au Tresor Sous-Marine CD-ROM"
		],
		"Agatha Christie - Evil Under the Sun": [
			"Agatha Christie - Evil Under the Sun (Disc 1)",
			"Agatha Christie - Evil Under the Sun (Disc 2)",
			"Agatha Christie - Evil Under the Sun (Disc 3)"
		],
		"Age of Empires - The Rise of Rome Expansion": [
			"Age of Empires - Der Aufstieg Roms"
		],
		"Age of Empires II - The Age of Kings": [
			"Age of Empires II - The Age of Kings (Gold Edition)"
		],
		"Age of Empires II - The Conquerors Expansion": [
			"Age of Empires II - The Conquerors Expansion (Gold Edition)"
		],
		"Age of Empires III (Disc 1)": [
			"Age of Empires III (Disc 1) (Disco di Installazione)",
			"Age of Empires III (Disc 1) (Installations-CD)"
		],
		"Age of Empires III (Disc 2)": [
			"Age of Empires III (Disc 2) (Disco del Gioco)",
			"Age of Empires III (Disc 2) (Spiel-CD)"
		],
		"Age of Empires III (Disc 3)": [
			"Age of Empires III (Disc 3) (Disco del Gioco)",
			"Age of Empires III (Disc 3) (Spiel-CD)"
		],
		"Age of Mythology - Gold Edition (Disc 1) (Install Disc)": [
			"Age of Mythology - Gold Edition",
			"Age of Mythology - Gold Edition (Disc 1) (Disco di installazione)"
		],
		"Age of Mythology - Gold Edition (Disc 2) (Play Disc)": [
			"Age of Mythology - Gold Edition (Disc 2) (Disco di gioco Titans)"
		],
		"Age of Wonders II - The Wizard's Throne": [
			"Age of Wonders II - Der Zirkel der Zauberer"
		],
		"Al-Qadim - The Genie's Curse": [
			"Al-Qadim - Der Fluch des Dschinn"
		],
		"Albion": [
			"Bestseller Games Ausgabe 19"
		],
		"Alfred Hitchcock Presents - The Final Cut (Disc 1)": [
			"Hitchcock - The Final Cut (Disc 1)"
		],
		"Alfred Hitchcock Presents - The Final Cut (Disc 2)": [
			"Hitchcock - The Final Cut (Disc 2)"
		],
		"Allied General": [
			"Panzer General II"
		],
		"Alien Shooter - Vengeance": [
			"Alien Shooter - Vengeance (Disc 1)",
			"Alien Shooter - Vengeance (Disc 2)"
		],
		"Aliens Versus Predator (Disc 1)": [
			"Aliens Versus Predator"
		],
		"Alone in the Dark": [
			"Alone in the Dark (Pay as You Play Version) (CD-ROM User)",
			"Alone in the Dark (Pay as You Play Version) (PC Power)"
		],
		"Alone in the Dark - The New Nightmare (Disc 1)": [
			"Alone in the Dark - The New Nightmare"
		],
		"Alone in the Dark 2": [
			"Bestseller Games Ausgabe 13"
		],
		"Alone in the Dark 3": [
			"Bestseller Games Ausgabe 15"
		],
		"Amazing Adventures - The Lost Tomb": [
			"Amazing Adventures The Lost Tomb"
		],
		"Amazon Trail 3rd Edition - Rainforest Adventures": [
			"Amazon Trail 3rd Edition"
		],
		"American Conquest - Divided Nation (Disc 1) (Installation Disc)": [
			"American Conquest - Divided Nation (Disc 1) (Installation)"
		],
		"American Conquest - Divided Nation (Disc 2) (Play Disc)": [
			"American Conquest - Divided Nation (Disc 2) (Game)"
		],
		"American Conquest - Gold Edition! Collector's Series": [
			"American Conquest - Edizione Oro"
		],
		"American Girls Premiere, The (Disc 1) (Installer, Tutorials, Director's Guide, Sample Plays)": [
			"American Girls Premiere, The (Disc 1)"
		],
		"American Girls Premiere, The (Disc 2) (Program)": [
			"American Girls Premiere, The (Disc 2)"
		],
		"American McGee Presents - Bad Day L.A. (Disc 1)": [
			"American McGee Presents Bad Day L.A. (Disc 1)"
		],
		"American McGee Presents - Bad Day L.A. (Disc 2)": [
			"American McGee Presents Bad Day L.A. (Disc 2)"
		],
		"American McGee's Alice (Disc 1)": [
			"American McGee's Alice",
			"American McGee's Alice in Nightmare"
		],
		"Amerzone (Disc 1)": [
			"Amerzone, L'"
		],
		"Amerzone (Disc 2)": [
			"Amerzone - Das dunkle Vermaechtnis (Disc 2)"
		],
		"Amerzone (Disc 3)": [
			"Amerzone - Das dunkle Vermaechtnis (Disc 3)"
		],
		"Amerzone (Disc 4)": [
			"Amerzone - Das dunkle Vermaechtnis (Disc 4)"
		],
		"Anno 1503": [
			"Anno 1503 (Disc 1)",
			"Anno 1503 (Disc 1) (Installations-CD)",
			"Anno 1503 (Disc 2)"
		],
		"Anno 1602 - Creation of a New World": [
			"Anno 1602 - Creacion de un Nuevo Mundo",
			"Anno 1602 - Erschaffung einer neuen Welt",
			"Komputer Swiat Gry 2-2006"
		],
		"Anno 1602 - Erschaffung einer neuen Welt - Koenigs-Edition": [
			"Anno 1602 - Creatie van een Nieuwe Wereld - Gold Edition"
		],
		"AquaNox": [
			"Bravo ScreenFun 12-2003"
		],
		"Another World - 15th Anniversary Edition": [
			"Another World - 15th Anniversary Edition (Gra)"
		],
		"Arcanum - Of Steamworks & Magick Obscura (Disc 1)": [
			"Arcanum (Disc 1) (Install Disk)"
		],
		"Arcanum - Of Steamworks & Magick Obscura (Disc 2)": [
			"Arcanum (Disc 2) (Play Disk)"
		],
		"Armored Fist": [
			"Bestseller Games Gold-Edition Ausgabe 2"
		],
		"Arthur's Knights - Chapter II - The Secret of Merlin (Disc 1)": [
			"Bradwen - Il Cavaliere di Re Artu (Disc 1)"
		],
		"Arthur's Knights - Chapter II - The Secret of Merlin (Disc 2)": [
			"Bradwen - Il Cavaliere di Re Artu (Disc 2)"
		],
		"Arthur's Knights - Chapter II - The Secret of Merlin (Disc 3)": [
			"Bradwen - Il Cavaliere di Re Artu (Disc 3)"
		],
		"Arthur's Knights - Tales of Chivalry (Disc 1)": [
			"Koenig Artus - Die Ritter der Tafelrunde (Disc 1)"
		],
		"Arthur's Knights - Tales of Chivalry (Disc 2)": [
			"Koenig Artus - Die Ritter der Tafelrunde (Disc 2)"
		],
		"Arthur's Knights - Tales of Chivalry (Disc 3)": [
			"Koenig Artus - Die Ritter der Tafelrunde (Disc 3)"
		],
		"Arx Fatalis": [
			"Arx Fatalis (52D18519)",
			"Bravo ScreenFun 3-2005 (Disc 1)"
		],
		"Assassin's Creed - Director's Cut": [
			"Assassin's Creed - Wersja Rezyserska"
		],
		"Assassin's Creed Unity (Disc 1) (Limited Edition)": [
			"Assassin's Creed Unity (Disc 1)"
		],
		"Assassin's Creed Unity (Disc 2) (Limited Edition)": [
			"Assassin's Creed Unity (Disc 2)"
		],
		"Assassin's Creed Unity (Disc 3) (Limited Edition)": [
			"Assassin's Creed Unity (Disc 3)"
		],
		"Assassin's Creed Unity (Disc 4) (Limited Edition)": [
			"Assassin's Creed Unity (Disc 4)"
		],
		"Assassin's Creed Unity (Disc 5) (Limited Edition)": [
			"Assassin's Creed Unity (Disc 5)"
		],
		"Asterix & Obelix Take On Caesar": [
			"Asterix & Obelix gegen Caesar"
		],
		"Asterix - Mega Madness": [
			"Asterix - Mega Madness (Mini Game)",
			"Asterix - Mega Szalenstwo"
		],
		"Asteroids": [
			"Asteroids - Der Durchbruch ins neue Jahrtausend!"
		],
		"Atlantis II": [
			"Atlantis II (Disc 1)",
			"Atlantis II (Disc 2)",
			"Atlantis II (Disc 3)",
			"Atlantis II (Disc 4)"
		],
		"Atlantis III - Le Nouveau Monde (Disc 1)": [
			"Atlantis III - Die neue Welt"
		],
		"Axelerator": [
			"Have a N.I.C.E. Day!"
		],
		"Aztec, The (Disc 1)": [
			"Aztec Empire (Disc 1)",
			"Azteken, Die (Disc 1)"
		],
		"Aztec, The (Disc 2)": [
			"Aztec Empire (Disc 2)",
			"Azteken, Die (Disc 2)"
		],
		"B-17 Flying Fortress - The Mighty 8th": [
			"Bestseller Games Collection Ausgabe 17"
		],
		"Bad Mojo - The Roach Game": [
			"Bad Mojo"
		],
		"Baldur's Gate (Manuals & Patches)": [
			"Baldur's Gate (Handbuecher & Patches)"
		],
		"Baldur's Gate": [
			"Baldur's Gate (Disc 1)",
			"Baldur's Gate (Disc 2)",
			"Baldur's Gate (Disc 3)",
			"Baldur's Gate (Disc 4)",
			"Baldur's Gate (Disc 5)"
		],
		"Baldur's Gate - Tales of the Sword Coast": [
			"Baldur's Gate - Die Legenden der Schwertkueste",
			"Baldur's Gate - Kakuchou Scenario-shuu - Tales of the Sword Coast"
		],
		"Baldur's Gate II - Shadows of Amn (Disc 1)": [
			"Baldur's Gate II - Schatten von Amn (Disc 1)"
		],
		"Baldur's Gate II - Shadows of Amn (Disc 2)": [
			"Baldur's Gate II - Schatten von Amn (Disc 2)"
		],
		"Baldur's Gate II - Shadows of Amn (Disc 3)": [
			"Baldur's Gate II - Schatten von Amn (Disc 3)"
		],
		"Baldur's Gate II - Shadows of Amn (Disc 4)": [
			"Baldur's Gate II - Schatten von Amn (Disc 4)"
		],
		"Baldur's Gate II - Throne of Bhaal": [
			"Baldur's Gate II - Thron des Bhaal"
		],
		"Ballerburg - Castle Siege": [
			"Ballerburg"
		],
		"Bananas in Pajamas - It's Fun Time": [
			"Bananer i Pyjamas - It's Fun Time"
		],
		"Batman - Justice Unbalanced": [
			"Batman - Sprawiedliwosc Ponad Wszystko"
		],
		"Battle Isle - Der Andosia Konflikt": [
			"Battle Isle - The Andosia War"
		],
		"Battle Isle 3 - Schatten des Imperators (Disc 1)": [
			"Bestseller Games Gold-Edition Ausgabe 12 (Disc 1)"
		],
		"Battle Isle 3 - Schatten des Imperators (Disc 2)": [
			"Bestseller Games Gold-Edition Ausgabe 12 (Disc 2)"
		],
		"Battlefield 1942 (Disc 1) (Game of the Year Edition)": [
			"Battlefield 1942 (Disc 1)"
		],
		"Battlefield 1942 (Disc 2) (Game of the Year Edition)": [
			"Battlefield 1942 (Disc 2)"
		],
		"Battlefield 2": [
			"Battlefield 2 (Disc 1) (Installer Disc)",
			"Battlefield 2 (Disc 2)",
			"Battlefield 2 (Disc 3)"
		],
		"Battlefield 2 - Deluxe Edition": [
			"Battlefield 2 - Deluxe Edition (Disc 1) (Installer Disc)",
			"Battlefield 2 - Deluxe Edition (Disc 2)",
			"Battlefield 2 - Deluxe Edition (Disc 3)",
			"Battlefield 2 - Deluxe Edition (Disc 4)",
			"Battlefield 2 - Deluxe Edition (Disc 5)"
		],
		"Battlefield 2 - Special Forces": [
			"Battlefield 2 - Special Forces (Disc 1)",
			"Battlefield 2 - Special Forces (Disc 2)"
		],
		"Battlefield Vietnam Redux (Disc 1)": [
			"Battlefield Vietnam (Disc 1)"
		],
		"Battlefield Vietnam Redux (Disc 2)": [
			"Battlefield Vietnam (Disc 2)"
		],
		"Battlefield Vietnam Redux (Disc 3)": [
			"Battlefield Vietnam (Disc 3)"
		],
		"Beasts and Bumpkins": [
			"Demons et Manants"
		],
		"Beast Within, The - A Gabriel Knight Mystery (Disc 1)": [
			"Beast Within, The - Ein Gabriel Knight-Krimi (Disc 1)",
			"Beast Within, The - Um Misterio de Gabriel Knight (Disc 1)",
			"Beast Within, The - Un Mystere avec Gabriel Knight (Disc 1)"
		],
		"Beast Within, The - A Gabriel Knight Mystery (Disc 2)": [
			"Beast Within, The - Ein Gabriel Knight-Krimi (Disc 2)",
			"Beast Within, The - Um Misterio de Gabriel Knight (Disc 2)",
			"Beast Within, The - Un Mystere avec Gabriel Knight (Disc 2)"
		],
		"Beast Within, The - A Gabriel Knight Mystery (Disc 3)": [
			"Beast Within, The - Ein Gabriel Knight-Krimi (Disc 3)",
			"Beast Within, The - Um Misterio de Gabriel Knight (Disc 3)",
			"Beast Within, The - Un Mystere avec Gabriel Knight (Disc 3)"
		],
		"Beast Within, The - A Gabriel Knight Mystery (Disc 4)": [
			"Beast Within, The - Ein Gabriel Knight-Krimi (Disc 4)",
			"Beast Within, The - Um Misterio de Gabriel Knight (Disc 4)",
			"Beast Within, The - Un Mystere avec Gabriel Knight (Disc 4)"
		],
		"Beast Within, The - A Gabriel Knight Mystery (Disc 5)": [
			"Beast Within, The - Ein Gabriel Knight-Krimi (Disc 5)",
			"Beast Within, The - Um Misterio de Gabriel Knight (Disc 5)",
			"Beast Within, The - Un Mystere avec Gabriel Knight (Disc 5)"
		],
		"Beast Within, The - A Gabriel Knight Mystery (Disc 6)": [
			"Beast Within, The - Ein Gabriel Knight-Krimi (Disc 6)",
			"Beast Within, The - Um Misterio de Gabriel Knight (Disc 6)"
		],
		"Beneath a Steel Sky": [
			"Click! 10-2003 (Disc 2)"
		],
		"Bestseller Games Collection Ausgabe 11": [
			"Hallo! 2 (Disc 4)"
		],
		"Beyond Good & Evil": [
			"Beyond Good & Evil (Disc 1)",
			"Beyond Good & Evil (Disc 2)",
			"Beyond Good & Evil (Disc 3)"
		],
		"Big Brother - The Game": [
			"Grande Fratello - Il Gioco"
		],
		"Bionicle - Prepare for the Light": [
			"Bionicle - Prepare for the Light (427F0B0F)",
			"Bionicle - Prepare for the Light (A2FA9D2E)"
		],
		"Black & White - Creature Isle (Expansion Pack)": [
			"Black & White - Insel der Kreaturen"
		],
		"Black & White - Bonus Creatures CD": [
			"Black & White - Special Creature CD - Horse"
		],
		"Black & White 2": [
			"Black & White 2 (Disc 1)",
			"Black & White 2 (Disc 2)",
			"Black & White 2 (Disc 3)",
			"Black & White 2 (Disc 4)"
		],
		"Blair Witch Volume I - Rustin Parr": [
			"Blair Witch Czesc I - Rustin Parr"
		],
		"Blitzkrieg 2 - Fall of the Reich": [
			"Blitzkrieg 2 - Das Letzte Gefecht"
		],
		"Blood (Disc 1)": [
			"Blood (Disc 1) (Special Edition)"
		],
		"BloodRayne (Disc 1)": [
			"BloodRayne"
		],
		"BloodRayne 2": [
			"BloodRayne 2 (Disc 1) (Play Disc)",
			"BloodRayne 2 (Disc 2)",
			"BloodRayne 2 (Disc 3)",
			"BloodRayne 2 (Disc 4)"
		],
		"Broken Sword - The Shadow of the Templars (Disc 1)": [
			"Baphomets Fluch (Disc 1)",
			"Chevaliers de Baphomet, Les (Disc 1)"
		],
		"Broken Sword - The Shadow of the Templars (Disc 2)": [
			"Baphomets Fluch (Disc 2)",
			"Chevaliers de Baphomet, Les (Disc 1)"
		],
		"Broken Sword - The Sleeping Dragon (Disc 1)": [
			"Baphomets Fluch - Der Schlafende Drache (Disc 1)"
		],
		"Broken Sword - The Sleeping Dragon (Disc 2)": [
			"Baphomets Fluch - Der Schlafende Drache (Disc 2)"
		],
		"Broken Sword II - The Smoking Mirror (Disc 1)": [
			"Baphomets Fluch II - Die Spiegel der Finsternis (Disc 1)",
			"Broken Sword II - The Smoking Mirror",
			"Broken Sword II - La Profezia dei Maya (Disc 1)",
			"Boucliers de Quetzalcoatl, Les - Les Chevaliers de Baphomet II (Disc 1)"
		],
		"Broken Sword II - The Smoking Mirror (Disc 2)": [
			"Baphomets Fluch II - Die Spiegel der Finsternis (Disc 2)",
			"Broken Sword II - The Smoking Mirror",
			"Broken Sword II - La Profezia dei Maya (Disc 2)",
			"Boucliers de Quetzalcoatl, Les - Les Chevaliers de Baphomet II (Disc 2)"
		],
		"Brothers in Arms - Earned in Blood": [
			"Brothers in Arms - Earned in Blood (Disc 1)",
			"Brothers in Arms - Earned in Blood (Disc 2)",
			"Brothers in Arms - Earned in Blood (Disc 3)",
			"Brothers in Arms - Earned in Blood (Disc 4)"
		],
		"Buccaneer - Postrach Karaibow": [
			"Buccaneer"
		],
		"Bundesliga Manager X": [
			"Bravo ScreenFun 5-2003"
		],
		"Burn-Cycle (Disc 1) (The Game)": [
			"Burn-Cycle (The Game)",
			"Burn-Cycle (Das Spiel)",
			"Burn-Cycle (Il Gioco)"
		],
		"Bust-A-Move 4": [
			"Puzzle Bobble 4"
		],
		"Caesar II": [
			"Best of Sierra Nr. 15 (Disc 2)",
			"Caesar II (D9EBD7F1)"
		],
		"Caesar III": [
			"Bravo ScreenFun 6-2003"
		],
		"Call of Duty (Disc 1) (Game of the Year)": [
			"Call of Duty (Disc 1)",
			"Call of Duty (Disc 1) (Jeu de l'annee)"
		],
		"Call of Duty (Disc 2) (Game of the Year)": [
			"Call of Duty (Disc 2)"
		],
		"Call of Duty 2 (Game of the Year)": [
			"Call of Duty 2 (Disc 1)",
			"Call of Duty 2 (Disc 1) (Game of the Year)",
			"Call of Duty 2 (Disc 2)",
			"Call of Duty 2 (Disc 2) (Game of the Year)",
			"Call of Duty 2 (Disc 3)",
			"Call of Duty 2 (Disc 3) (Game of the Year)",
			"Call of Duty 2 (Disc 4)",
			"Call of Duty 2 (Disc 4) (Game of the Year)",
			"Call of Duty 2 (Disc 5)",
			"Call of Duty 2 (Disc 5) (Game of the Year)",
			"Call of Duty 2 (Disc 6)",
			"Call of Duty 2 (Disc 6) (Game of the Year)",
			"Call of Duty 2"
		],
		"Carmageddon 2 - Carpocalypse Now": [
			"Carmageddon II",
			"Carmageddon II - Carpocalypse Now",
			"Carmageddon II - Carpocalypse Now (Zombie Version)"
		],
		"Catan - Die erste Insel": [
			"Bravo ScreenFun 9-2003"
		],
		"Chaser (Disc 1)": [
			"Chaser (Disc 1) (Play CD)"
		],
		"Chaser (Disc 2)": [
			"Chaser (Disc 2) (Install CD)"
		],
		"Chessmaster 10th Edition": [
			"Chessmaster 10th Edition (Disc 1)",
			"Chessmaster 10th Edition (Disc 2)",
			"Chessmaster 10th Edition (Disc 3)"
		],
		"Chewy - Esc from F5": [
			"Chewy - Esc von F5"
		],
		"Chicago 1930 - Pick Your Side": [
			"Chicago 1930"
		],
		"Chronicles of Narnia, The - The Lion, the Witch and the Wardrobe (Disc 1) (Play Disc)": [
			"Cronache di Narnia, Le - Il leone, la strega e l'armadio"
		],
		"Chronicles of Riddick, The - Escape from Butcher Bay - Developer's Cut": [
			"Kroniki Riddicka - Ucieczka z Butcher Bay - Edycja Rozszerzona"
		],
		"Civil War, The": [
			"Amerika 1861-1865"
		],
		"Comanche CD": [
			"Bestseller Games Gold-Edition Ausgabe 5"
		],
		"Corporate Machine, The": [
			"Business Tycoon"
		],
		"Casino De Luxe": [
			"Casino Deluxe"
		],
		"Chessmaster 5000": [
			"Chessmaster 5000 - Jubilaeumsausgabe"
		],
		"Chessmaster 6000 (Disc 1)": [
			"Chessmaster 6000"
		],
		"Chrome (Disc 1)": [
			"Chrome"
		],
		"Claw": [
			"Kapitan Pix"
		],
		"Close Combat - A Bridge Too Far": [
			"Close Combat - Die Bruecke von Arnheim"
		],
		"Close Combat IV - Battle of the Bulge": [
			"Close Combat IV - Die Schlacht in den Ardennen"
		],
		"Clou! 2, Der - Die Einbruchsimulation": [
			"Clou! 2, Der"
		],
		"Cluedo - Murder at Blackwell Grange": [
			"Cluedo - Mysterioese Morde im Herrenhaus"
		],
		"Cluedo Chronicles - Fatal Illusion (Disc 1)": [
			"Cluedo Adventures - Toedliche Taeuschung (Disc 1)"
		],
		"Cluedo Chronicles - Fatal Illusion (Disc 2)": [
			"Cluedo Adventures - Toedliche Taeuschung (Disc 2)"
		],
		"Cluedo Chronicles - Fatal Illusion (Disc 3)": [
			"Cluedo Adventures - Toedliche Taeuschung (Disc 3)"
		],
		"ClueFinders, The - 6th Grade Adventures - The Empire of the Planet People": [
			"ClueFinders, The - 6th Grade Adventures"
		],
		"CodeWarrior for PlayStation Release 5": [
			"CodeWarrior for Net Yaroze Release 2",
			"CodeWarrior for PlayStation Release 3",
			"CodeWarrior for PlayStation Release 4"
		],
		"Codename Eagle": [
			"Feiying Xingdong (Disc 1) (Anzhuang Yunxingpan)",
			"Feiying Xingdong (Disc 2) (Zengpin)"
		],
		"Codename - Panzers - Phase One (Disc 1)": [
			"Codename - Panzers - Phase One"
		],
		"Cold Fear": [
			"Cold Fear (Disc 1) (Install and Play)",
			"Cold Fear (Disc 2) (Install)",
			"Cold Fear (Disc 3) (Install)"
		],
		"Cold War - On Your Own Behind the Iron Curtain (Disc 1)": [
			"Cold War (Disc 1)"
		],
		"Cold War - On Your Own Behind the Iron Curtain (Disc 2)": [
			"Cold War (Disc 2)"
		],
		"Colin McRae Rally 04": [
			"Colin McRae Rally 04 (Disc 1)",
			"Colin McRae Rally 04 (Disc 2)",
			"Colin McRae Rally 04 (Disc 3)",
			"Colin McRae Rally 04 (Disc 4)"
		],
		"Comanche 2": [
			"Comanche 2.0"
		],
		"Combat Classics 3": [
			"Campaign (Enhanced CD-ROM Edition)",
			"Gunship 2000",
			"Historyline - 1914-1918"
		],
		"Combat Mission (Game CD)": [
			"Combat Mission"
		],
		"Combat Wings - Battle of Britain": [
			"Click! 05-2007 (Disc 1)"
		],
		"Command & Conquer (Disc 1) (Windows 95)": [
			"Command & Conquer (Disc 1)",
			"Command & Conquer Teil 1 - Der Tiberiumkonflikt (Disc 1)",
			"Command & Conquer Teil 1 - Der Tiberiumkonflikt (Disc 1) (Windows 95)"
		],
		"Command & Conquer (Disc 2) (Windows 95)": [
			"Command & Conquer (Disc 2)",
			"Command & Conquer Teil 1 - Der Tiberiumkonflikt (Disc 2)",
			"Command & Conquer Teil 1 - Der Tiberiumkonflikt (Disc 2) (Windows 95)"
		],
		"Command & Conquer - Generals - Zero Hour (Disc 1)": [
			"Command & Conquer - Generals - Heure H (Disc 1)"
		],
		"Command & Conquer - Generals - Zero Hour (Disc 2)": [
			"Command & Conquer - Generals - Heure H (Disc 2)"
		],
		"Command & Conquer - Red Alert (Allied Disc)": [
			"Command & Conquer - Red Alert (Disc 1)",
			"Command & Conquer Teil 2 - Alarmstufe Rot (Disc 1)"
		],
		"Command & Conquer - Red Alert (Soviet Disc)": [
			"Command & Conquer - Red Alert (Disc 2)",
			"Command & Conquer Teil 2 - Alarmstufe Rot (Disc 2)"
		],
		"Command & Conquer - Red Alert - The Aftermath": [
			"Command & Conquer - Alarmstufe Rot - Vergeltungsschlag"
		],
		"Command & Conquer - Red Alert 2 (Allied Disc)": [
			"Command & Conquer - Alarmstufe Rot 2 (Alliierte)"
		],
		"Command & Conquer - Red Alert 2 (Soviet Disc)": [
			"Command & Conquer - Alarmstufe Rot 2 (Sowjets)"
		],
		"Command & Conquer - Red Alert 2 - Yuri's Revenge": [
			"Command & Conquer - Alarmstufe Rot 2 - Yuris Rache"
		],
		"Command & Conquer - Red Alert 3": [
			"Command & Conquer - Alerte Rouge 3"
		],
		"Command & Conquer - The First Decade": [
			"Command & Conquer - Die ersten 10 Jahre"
		],
		"Command & Conquer - Renegade (Disc 1) (Game Disc)": [
			"Command & Conquer - Renegade (Data Disc)",
			"Command & Conquer - Renegade (Disc 1) (Install)",
			"Command & Conquer - Renegade (Disc 1) (Youxipan)"
		],
		"Command & Conquer - Renegade (Disc 2) (Data Disc)": [
			"Command & Conquer - Renegade (Game Disc)",
			"Command & Conquer - Renegade (Disc 2)",
			"Command & Conquer - Renegade (Disc 2) (Play)",
			"Command & Conquer - Renegade (Disc 2) (Shujupan)"
		],
		"Command & Conquer - Tiberian Sun (GDI Disc)": [
			"Command & Conquer Teil 3 - Operation Tiberian Sun (GDI Disc)"
		],
		"Command & Conquer - Tiberian Sun (NOD Disc)": [
			"Command & Conquer Teil 3 - Operation Tiberian Sun (NOD Disc)"
		],
		"Command & Conquer - Tiberian Sun - Firestorm": [
			"Command & Conquer Teil 3 - Operation Tiberian Sun - Feuersturm"
		],
		"Command & Conquer 3 - Kane's Wrath": [
			"Command & Conquer 3 - Kane's Rache"
		],
		"Command & Conquer 3 - Tiberium Wars (Kane Edition)": [
			"Command & Conquer 3 - Tiberium Wars (Deluxe Edition)"
		],
		"Commandos - Behind Enemy Lines": [
			"Commandos - Dietro le Linee Nemiche",
			"Commandos - Hinter feindlichen Linien"
		],
		"Commandos - Beyond the Call of Duty": [
			"Commandos - Im Auftrag der Ehre"
		],
		"Commandos Complete (Side 1)": [
			"Commandos Antologia"
		],
		"Conquest - Frontier Wars": [
			"Conquest - Wojny Pogranicza"
		],
		"Conquest Earth - First Encounter (Disc 1)": [
			"Conquest Earth - Das Manifest (Disc 1)"
		],
		"Conquest Earth - First Encounter (Disc 2)": [
			"Conquest Earth - Das Manifest (Disc 2)"
		],
		"Corpse Party BloodCovered 4": [
			"Corpse Party BloodCovered 4 (Another Jacket Version)"
		],
		"Counter-Strike - Condition Zero (Disc 1)": [
			"Counter-Strike - Condition Zero (Disc 1) (Install)",
			"Counter-Strike - Condition Zero (Disc 1) (Installations-CD)",
			"Fan-Kong Jingying - Ling-Dian Xingdong (Installation Disc)"
		],
		"Counter-Strike - Condition Zero (Disc 2)": [
			"Counter-Strike - Condition Zero (Disc 2) (Play)",
			"Counter-Strike - Condition Zero (Disc 2) (Spiel-CD)",
			"Fan-Kong Jingying - Ling-Dian Xingdong (Play Disc)"
		],
		"Crazy Chicken Approaching": [
			"Moorhuhn Action - Im Anflug"
		],
		"Crazy Machines": [
			"Crazy Machines - Die Erfinderwerkstatt"
		],
		"Creatures": [
			"Creatures - New Life in Your Hands"
		],
		"Creatures - The Albian Years": [
			"Creatures - Zhizn' na Al'bii"
		],
		"Crime Cities (Disc 1)": [
			"Crime Cities"
		],
		"Crystal Key, The (Disc 1)": [
			"Kristallnyckeln (Disc 1)"
		],
		"Crystal Key, The (Disc 2)": [
			"Kristallnyckeln (Disc 2)"
		],
		"CSI - Crime Scene Investigation (Disc 1)": [
			"Experts, Les - Une Aventure Palpitante au Coeur du Crime"
		],
		"Cue Club": [
			"CueClub"
		],
		"Cultures - Die Entdeckung Vinlands": [
			"Bravo ScreenFun 11-2003",
			"Cultures"
		],
		"Cultures 2 - Die Tore Asgards": [
			"Bravo ScreenFun 5-2004",
			"Cultures 2 - Bramy Asgardu (Gra)"
		],
		"Cyberia": [
			"Bestseller Games Gold-Edition Ausgabe 7",
			"Cyberia (OS-2 OEM)"
		],
		"Daedalus Encounter, The (Disc 1)": [
			"Daedalus Encounter, The - Episode 1 - Nanpasen no Alien (Disc 1)"
		],
		"Daedalus Encounter, The (Disc 2)": [
			"Daedalus Encounter, The - Episode 1 - Nanpasen no Alien (Disc 2)"
		],
		"Daedalus Encounter, The (Disc 3)": [
			"Daedalus Encounter, The - Episode 1 - Nanpasen no Alien (Disc 3)"
		],
		"Daemonica": [
			"Click! 03-2006 (Disc 1)"
		],
		"Dangerous Waters": [
			"Dangerous Waters (To Catch a Shadow)"
		],
		"Dark Fall - The Journal": [
			"Dark Fall - Il diario dei misteri"
		],
		"Daryl F. Gates' Police Quest - SWAT (Disc 1) (Collection Series)": [
			"Daryl F. Gates' Police Quest - SWAT (Disc 1)"
		],
		"Daryl F. Gates' Police Quest - SWAT (Disc 2) (Collection Series)": [
			"Daryl F. Gates' Police Quest - SWAT (Disc 2)"
		],
		"Daryl F. Gates' Police Quest - SWAT (Disc 3) (Collection Series)": [
			"Daryl F. Gates' Police Quest - SWAT (Disc 3)"
		],
		"Daryl F. Gates' Police Quest - SWAT (Disc 4) (Collection Series)": [
			"Daryl F. Gates' Police Quest - SWAT (Disc 4)"
		],
		"Day After, The (Disc 1) (Installation)": [
			"Day After, The (Disc 1) (Installazione)"
		],
		"Deadlock - Planetary Conquest": [
			"Deadlock - Conquista Planetaria",
			"Deadlock - La Conquista del Pianeta"
		],
		"Deadly Tide (Disc 1)": [
			"Deadly Tide (Disc 1) (Installazione e livelli da 1 a 3)"
		],
		"Deadly Tide (Disc 2)": [
			"Deadly Tide (Disc 2) (Livelli da 4 a 8)"
		],
		"Deadly Tide (Disc 3)": [
			"Deadly Tide (Disc 3) (Livelli da 9 a 13)"
		],
		"Deadly Tide (Disc 4)": [
			"Deadly Tide (Disc 4) (Livelli 14 e 15)"
		],
		"Deal or No Deal": [
			"Affari Tuoi"
		],
		"Deep Sea Tycoon 2": [
			"CyberMycha 12-2006 (Disc 2)"
		],
		"Delta Force Xtreme": [
			"Delta Force - Xtreme"
		],
		"Delta Force Xtreme 2": [
			"Delta Force - Xtreme 2"
		],
		"Demigod (Disc 1) (Game Disc)": [
			"Demigod"
		],
		"Descent": [
			"Bestseller Games Gold-Edition Ausgabe 8"
		],
		"Descent II - Destination Quartzon": [
			"Descent II - Destination Quartzon 3D",
			"Descent II - Destination Quartzon (Diamond OEM)",
			"Descent II - Destination Quartzon (Logitech OEM)"
		],
		"Desperados - Wanted Dead or Alive": [
			"Desperados - Poszukiwany Zywy lub Martwy"
		],
		"Desperate Housewives - The Game (Disc 1)": [
			"Desperate Housewives - Il Videogioco (Disc 1)"
		],
		"Desperate Housewives - The Game (Disc 2)": [
			"Desperate Housewives - Il Videogioco (Disc 2)"
		],
		"Deus Ex (Game of the Year Edition)": [
			"Deus Ex"
		],
		"Deus Ex - Invisible War": [
			"Deus Ex - Invisible War (Disc 1)",
			"Deus Ex - Invisible War (Disc 1) (Installation Disc)",
			"Deus Ex - Invisible War (Disc 2)",
			"Deus Ex - Invisible War (Disc 1) (Game Disc)",
			"Deus Ex - Invisible War (Disc 2) (Game Disc)",
			"Deus Ex - Invisible War (Disc 2) (Installation Disc)"
		],
		"Devil May Cry 3 - Dante's Awakening (Special Edition)": [
			"Devil May Cry 3 (Special Edition)",
			"Devil May Cry 3 - Dante's Awakening (Disc 1) (Special Edition)",
			"Devil May Cry 3 - Dante's Awakening (Disc 2) (Special Edition)",
			"Devil May Cry 3 - Dante's Awakening (Disc 3) (Special Edition)",
			"Devil May Cry 3 - Dante's Awakening (Disc 4) (Special Edition)",
			"Devil May Cry 3 - Dante's Awakening (Disc 5) (Special Edition)"
		],
		"Diablo": [
			"Bravo ScreenFun 8-2004 (Disc 1)",
			"Diablo (70AA7258)"
		],
		"Diablo II (Install Disc)": [
			"Diablo II (Disc 1)",
			"Diablo II (Disc 1) (Disco di installazione)",
			"Diablo II (Disc 1) (Dysk Instalacyjny)",
			"Diablo II (Disc 1) (Install Disc)",
			"Diablo II (Disc 1) (Installations-CD)"
		],
		"Diablo II (Play Disc)": [
			"Diablo II (Disc 2)",
			"Diablo II (Disc 2) (Disco di gioco)",
			"Diablo II (Disc 2) (Game-CD)",
			"Diablo II (Disc 2) (Gra)",
			"Diablo II (Disc 2) (Play Disc)",
			"Diablo II (Disc 2) (Spiel-CD)"
		],
		"Diablo II (Cinematics Disc)": [
			"Diablo II (Disc 3)",
			"Diablo II (Disc 3) (Cinematics Disc)",
			"Diablo II (Disc 3) (Disco delle cinematiche)",
			"Diablo II (Disc 3) (Filmy)",
			"Diablo II (Disc 3) (Video-CD)"
		],
		"Die by the Sword - Limb from Limb": [
			"Die by the Sword - Das Schwert des Schicksals"
		],
		"Dino Crisis": [
			"Dino Crisis - Nashestvie tvarej"
		],
		"Dino Crisis 2": [
			"Dino Crisis 2 - Zakat chelovechestva"
		],
		"Dino Island Deluxe": [
			"Dino Island"
		],
		"Director of Football": [
			"Kicker Fussball Manager"
		],
		"Disciples II - Dark Prophecy (Disc 1)": [
			"Disciples II - Kanun Ragnareka (Disc 1)"
		],
		"Disciples II - Dark Prophecy (Disc 2)": [
			"Disciples II - Kanun Ragnareka (Disc 2)"
		],
		"Discworld II - Missing Presumed...! (Disc 1)": [
			"Discworld II - Mortality Bytes! (Disc 1)",
			"Discworld II - Vermutlich vermisst...! (Disc 1)"
		],
		"Discworld II - Missing Presumed...! (Disc 2)": [
			"Discworld II - Mortality Bytes! (Disc 2)",
			"Discworld II - Vermutlich vermisst...! (Disc 2)"
		],
		"Disney's Aladdin in Nasira's Revenge": [
			"Disney Aladdin - La Vendetta di Nasira"
		],
		"Disney's Atlantis - The Lost Empire - Trial by Fire": [
			"Disney Atlantis - L'Impero Perduto - La Prova del Fuoco"
		],
		"Disney's Atlantis - The Lost Games": [
			"Disney Atlantis - L'Impero Perduto - Bottega dei Giochi"
		],
		"Disneys Dinosaurier - Action Role-Playing Game": [
			"Disney Bottega dei Giochi - Dinosauri"
		],
		"Disney's 102 Dalmatians - Puppies to the Rescue": [
			"Disney La Carica dei 102 - Cuccioli alla Riscossa"
		],
		"Disney's Arcade Frenzy": [
			"Disneys Verrueckte Spielesammlung"
		],
		"Disney's Donald Duck - Goin' Quackers": [
			"Disney's Donald Duck - Quack Attack"
		],
		"Disney's Extremely Goofy Skateboarding": [
			"Disney's Goofy - Xtreme Skateboarding",
			"Disneys Sport - Goofy Skateboarding"
		],
		"Disney's Hercules Action Game": [
			"Disney Jeu d'Action Disney Presente Hercule",
			"Disney's Action Game met Hercules",
			"Disneys Hercules Action-Spiel"
		],
		"Disney's Lilo & Stitch - Trouble in Paradise!": [
			"Disneys Lilo & Stitch - Trubbel i Paradiset"
		],
		"Disney's Pocahontas - Animated StoryBook": [
			"Disneys Interaktiva Filmbok - Pocahontas"
		],
		"Disney's The Emperor's New Groove Action Game": [
			"Disney Le Follie dell'Imperatore",
			"Disneys Ein Koenigreich fuer ein Lama - Action Game"
		],
		"Disney's Winnie the Pooh - Preschool": [
			"Disney Winnie the Pooh - Prescolare"
		],
		"Disney-Pixar Buzz Lightyear of Star Command": [
			"Disney-Pixar Captain Buzz Lightyear - Star Command"
		],
		"Disney-Pixar Finding Nemo": [
			"Disney-Pixar Gdzie jest Nemo"
		],
		"Disney-Pixar Finding Nemo - Nemo's Underwater World of Fun Special Edition": [
			"Disney-Pixar Finding Nemo - Nemo's Underwater World of Fun"
		],
		"Disney-Pixar Monsters, Inc. - Scare Island": [
			"Disney-Pixar Monsters, Inc. - Skraemmaroen"
		],
		"Disney-Pixar The Incredibles (Disc 1)": [
			"Disney-Pixar De Utrolige (Disc 1)",
			"Disney-Pixar Superhjaeltarna (Disc 1) (Installation)"
		],
		"Disney-Pixar The Incredibles (Disc 2)": [
			"Disney-Pixar De Utrolige (Disc 2)",
			"Disney-Pixar Superhjaeltarna (Disc 2) (Spela)"
		],
		"Disney-Pixar The Incredibles - Rise of the Underminer (Disc 1)": [
			"Disney-Pixar Gli Incredibili - L'Ascesa del Minatore (Disc 1)"
		],
		"Disney-Pixar The Incredibles - Rise of the Underminer (Disc 2)": [
			"Disney-Pixar Gli Incredibili - L'Ascesa del Minatore (Disc 2)"
		],
		"Disney Tarzan": [
			"Disney's Tarzan"
		],
		"DIV Games Studio": [
			"DIV Games Studio (Disc 1)",
			"DIV Games Studio (Disc 2)"
		],
		"Divine Divinity (Disc 1)": [
			"Divine Divinity (Installations-CD 1)",
			"Divine Divinity - Create Your Own Destiny! (Disc 1) (Installation CD)"
		],
		"Divine Divinity (Disc 2)": [
			"Divine Divinity (Installations-CD 2)",
			"Divine Divinity - Create Your Own Destiny! (Disc 2) (Installation CD)"
		],
		"Divine Divinity (Disc 3)": [
			"Divine Divinity (Spiel-CD)",
			"Divine Divinity - Create Your Own Destiny! (Disc 3) (Play CD)"
		],
		"Doom - Collector's Edition (Disc 1) (The Ultimate Doom Trilogy)": [
			"Doom - Collector's Edition"
		],
		"Doom II": [
			"Doom II (Gravis OEM)"
		],
		"Doom 3": [
			"Doom 3 (Disc 1)",
			"Doom 3 (Disc 2)",
			"Doom 3 (Disc 3)"
		],
		"Dreamfall - The Longest Journey (Disc 1)": [
			"Dreamfall - The Longest Journey"
		],
		"Dracula - Resurrection (Disc 1)": [
			"Dracula - La Risurrezione (Disc 1)"
		],
		"Dracula - Resurrection (Disc 2)": [
			"Dracula - La Risurrezione (Disc 2)"
		],
		"Dracula 2 - Le Dernier Sanctuaire (Disc 1)": [
			"Dracula 2 - L'Ultimo Santuario (Disc 1)"
		],
		"Dracula 2 - Le Dernier Sanctuaire (Disc 2)": [
			"Dracula 2 - L'Ultimo Santuario (Disc 2)"
		],
		"Dragon Lore - The Legend Begins (Disc 1)": [
			"Dragon Lore - Die Legende beginnt (Disc 1)"
		],
		"Dragon Lore - The Legend Begins (Disc 2)": [
			"Dragon Lore - Die Legende beginnt (Disc 2)"
		],
		"Dragon Lore II - The Heart of the Dragon Man (Disc 1)": [
			"Dragon Lore II - Il Cuore del Dragone (Disc 1)"
		],
		"Dragon Lore II - The Heart of the Dragon Man (Disc 2)": [
			"Dragon Lore II - Il Cuore del Dragone (Disc 2)"
		],
		"Dragon Lore II - The Heart of the Dragon Man (Disc 3)": [
			"Dragon Lore II - Il Cuore del Dragone (Disc 3)"
		],
		"Dragon Throne - Battle of Red Cliffs": [
			"I Tre Regni II - La Battaglia di Red Cliffs"
		],
		"Driv3r": [
			"Driv3r (Disc 1)",
			"Driv3r (Disc 2)",
			"Driv3r (Disc 3)",
			"Driv3r (Disc 4)",
			"Driv3r (Disc 5)",
			"Driv3r (Install Disc 1)",
			"Driv3r (Install Disc 2)",
			"Driv3r (Install Disc 3)",
			"Driv3r (Install Disc 4)",
			"Driv3r (Play Disc)"
		],
		"Driver - You Are the Wheelman": [
			"Driver"
		],
		"Druid - Daemons of the Mind": [
			"Druid - Yami e no Tsuisekisha",
			"Druidenzirkel, Der - Im Netz der Traeume"
		],
		"Duke Nukem 3D (Disc 1)": [
			"CD-Action 05-2002 (73) (Disc 2)",
			"Duke Nukem 3D"
		],
		"Dune II - The Building of a Dynasty": [
			"Dune II - Battle for Arrakis"
		],
		"Dungeon Keeper - The Deeper Dungeons Mission Disk": [
			"Dungeon Keeper - The Deeper Dungeons"
		],
		"Dungeon Keeper - Gold Edition": [
			"Dungeon Keeper Gold"
		],
		"Dungeon Keeper 2": [
			"Dungeon Keeper 2 (Disc 1)",
			"Dungeon Keeper 2 (Disc 2)"
		],
		"Dungeon Lords (Disc 1)": [
			"Dungeon Lords"
		],
		"Dungeon Master II - The Legend of Skullkeep": [
			"Bestseller Games Ausgabe 16"
		],
		"Dungeon Siege - Legends of Aranna (Disc 1)": [
			"Dungeon Siege - Legends of Aranna (Disc 1) (Installations-CD)"
		],
		"Earth 2150 - Escape from the Blue Planet (Disc 1) (Installation)": [
			"Earth 2150 - Escape from the Blue Planet (Disc 1) (Installations-CD)",
			"Earth 2150 - Escape from the Blue Planet"
		],
		"Earth 2150 - Escape from the Blue Planet (Disc 2)": [
			"Earth 2150 - Escape from the Blue Planet (Disc 2) (Play-CD)"
		],
		"Earth 2160": [
			"Earth 2160 (Disc 1)",
			"Earth 2160 (Disc 2)"
		],
		"Earthworm Jim": [
			"Bestseller Games Ausgabe 23 (Disc 1)"
		],
		"Earthworm Jim 2": [
			"Bestseller Games Ausgabe 23 (Disc 2)"
		],
		"Egypt 1156 B.C. - Tomb of the Pharaoh": [
			"Grab des Pharao, Das",
			"Egypte 1156 AV. J.-C. - L'Enigme de la Tombe Royale"
		],
		"Egypt II - The Heliopolis Prophecy (Disc 1)": [
			"Egypt II - Die Prophezeiung von Heliopolis (Disc 1)",
			"Egypte II - La Prophetie d'Heliopolis (Disc 2)"
		],
		"Egypt II - The Heliopolis Prophecy (Disc 2)": [
			"Egypt II - Die Prophezeiung von Heliopolis (Disc 2)",
			"Egypte II - La Prophetie d'Heliopolis (Disc 2)"
		],
		"Elder Scrolls III, The - Construction Set": [
			"Elder Scrolls III, The - Morrowind (TES Construction Set)"
		],
		"Elder Scrolls IV, The - Oblivion": [
			"Elder Scrolls IV, The - Oblivion (Premium Disc)",
			"Elder Scrolls IV, The - Oblivion (Patch PL)"
		],
		"Emperor - Battle for Dune (Disc 1) (Install Disc)": [
			"Emperor - Schlacht um Dune (Disc 1) (Installations-CD)"
		],
		"Emperor - Battle for Dune (Disc 2) (Atreides Disc)": [
			"Emperor - Schlacht um Dune (Disc 2) (Atreides-CD)"
		],
		"Emperor - Battle for Dune (Disc 3) (Harkonnen Disc)": [
			"Emperor - Schlacht um Dune (Disc 3) (Harkonnen-CD)"
		],
		"Emperor - Battle for Dune (Disc 4) (Ordos Disc)": [
			"Emperor - Schlacht um Dune (Disc 4) (Ordos-CD)"
		],
		"Emperor - Rise of the Middle Kingdom": [
			"Erste Kaiser, Der - Aufstieg des Reichs der Mitte"
		],
		"Empire Earth - The Art of Conquest Expansion": [
			"Empire Earth - Zeitalter der Eroberungen"
		],
		"Enclave": [
			"Enclave (Disc 1)",
			"Enclave (Disc 1) (Play Disc)",
			"Enclave (Disc 2)",
			"Enclave (Disc 3)"
		],
		"Enemy Territory - Quake Wars (Bonus Disc)": [
			"Enemy Territory - Quake Wars (Plyta Dodatkowa)"
		],
		"Enemy Zero (Disc 0)": [
			"Enemy Zero (Disc 0) (Opening Disc)"
		],
		"Enemy Zero (Disc 1)": [
			"Enemy Zero (Disc 1) (Game Disc)"
		],
		"Enemy Zero (Disc 2)": [
			"Enemy Zero (Disc 2) (Game Disc)"
		],
		"Enemy Zero (Disc 3)": [
			"Enemy Zero (Disc 3) (Game Disc)"
		],
		"Enter the Matrix (DVD-ROM Edition)": [
			"Enter the Matrix (Disc 1)",
			"Enter the Matrix (Disc 2)",
			"Enter the Matrix (Disc 3)",
			"Enter the Matrix (Disc 4) (Play Disc)"
		],
		"Escape from Monkey Island (Disc 1)": [
			"Flucht von Monkey Island (Disc 1)",
			"Fuga da Monkey Island (Disc 1)"
		],
		"Escape from Monkey Island (Disc 2)": [
			"Flucht von Monkey Island (Disc 2)",
			"Fuga da Monkey Island (Disc 2)"
		],
		"Etherlords (Disc 1)": [
			"Demiurgi (Disc 1)",
			"Etherlords (Install-CD)"
		],
		"Etherlords (Disc 2)": [
			"Demiurgi (Disc 2)",
			"Etherlords (Play-CD)"
		],
		"Ever 17 - The Out of Infinity (Disc 1)": [
			"Ever 17 - The Out of Infinity"
		],
		"Evil Islands - Curse of the Lost Soul": [
			"Evil Islands - Curse of the Lost Soul (Disc 1)",
			"Evil Islands - Curse of the Lost Soul (Disc 2)"
		],
		"Evolva": [
			"CD-Action 05-2002 (73) (Disc 1)"
		],
		"F.E.A.R. - First Encounter Assault Recon": [
			"F.E.A.R. - First Encounter Assault Recon (Disc 1)",
			"F.E.A.R. - First Encounter Assault Recon (Disc 2)",
			"F.E.A.R. - First Encounter Assault Recon (Disc 3)",
			"F.E.A.R. - First Encounter Assault Recon (Disc 4)",
			"F.E.A.R. - First Encounter Assault Recon (Disc 5)"
		],
		"F.E.A.R. - First Encounter Assault Recon - Extraction Point": [
			"F.E.A.R. - First Encounter Assault Recon - Extraction Point (Disc 1)",
			"F.E.A.R. - First Encounter Assault Recon - Extraction Point (Disc 2)"
		],
		"Faces of War": [
			"Faces of War - Oblicza Wojny"
		],
		"Fahrenheit": [
			"Indigo Prophecy (Disc 1)",
			"Indigo Prophecy (Disc 2)",
			"Indigo Prophecy (Disc 3)"
		],
		"Fallen Haven": [
			"Bestseller Games Gold-Edition Ausgabe 18"
		],
		"Fallout": [
			"Fallout (9A6EFB7C)"
		],
		"Fallout Trilogy": [
			"Fallout Collection"
		],
		"Far Cry": [
			"Far Cry (Disc 1)",
			"Far Cry (Disc 2)",
			"Far Cry (Disc 3)",
			"Far Cry (Disc 4)",
			"Far Cry (Install Disc 2)",
			"Far Cry (Install Disc 3)",
			"Far Cry (Install Disc 4)",
			"Far Cry (Install Disc 5)",
			"Far Cry (Play & Install Disc 1)",
			"Komputer Swiat Gry Extra Najwieksze Przeboje 1-2008"
		],
		"FIFA - Road to World Cup 98": [
			"FIFA - Die WM-Qualifikation 98"
		],
		"FIFA 2001": [
			"FIFA 2001 - World Championship"
		],
		"FIFA Soccer 2004 (Disc 1)": [
			"FIFA Football 2004 (Disc 1)"
		],
		"FIFA Soccer 2004 (Disc 2)": [
			"FIFA Football 2004 (Disc 2)"
		],
		"FIFA Soccer 97": [
			"FIFA 97"
		],
		"Fighter Pilot - Ready Aim Fire": [
			"Fighter Pilot"
		],
		"Fighting Steel - World War II Surface Combat 1939-1942": [
			"Fighting Steel - Seeschlachten 1939-1942"
		],
		"Fin Fin on Teo the Magic Planet": [
			"FinFin - Dein Freund vom Zauberplaneten Teo"
		],
		"Final Fantasy VIII (Install Disc)": [
			"Final Fantasy VIII (Disc 5)",
			"Final Fantasy VIII (Disco Installazione)"
		],
		"Firestorm - Thunderhawk 2": [
			"Thunderhawk 2 - Firestorm"
		],
		"Flanker 2.0": [
			"Flanker 2.0 - Kampfflugsimulator"
		],
		"Flashback - The Quest for Identity": [
			"Flashback"
		],
		"FlatOut 2": [
			"FlatOut 2 (Disc 1) (Play)",
			"FlatOut 2 (Disc 2)",
			"FlatOut 2 (Disc 3)",
			"FlatOut 2 (Disc 4)",
			"FlatOut 2 (Disc 5)"
		],
		"Flight Unlimited III (Disc 1)": [
			"Flight Unlimited 3 (Disc 1) (Install)"
		],
		"Football Generation": [
			"Calcio 2003",
			"Football Generation (9C6C6A1A)",
			"Football Generation (C66B89E6)"
		],
		"Football Limited": [
			"Bundesliga Manager Hattrick"
		],
		"Ford Racing": [
			"Bravo ScreenFun 6-2004",
			"Ford Racing 2001"
		],
		"Forgotten Realms - Demon Stone": [
			"Forgotten Realms - Demon Stone (Disc 1) (Install Disc)",
			"Forgotten Realms - Demon Stone (Disc 2) (Install Disc)",
			"Forgotten Realms - Demon Stone (Disc 3) (Install Disc)",
			"Forgotten Realms - Demon Stone (Disc 4) (Play Disc)"
		],
		"Formula 1 97": [
			"Formel 1 97"
		],
		"Frankenstein - Through the Eyes of the Monster": [
			"Bestseller Games Ausgabe 22",
			"Frankenstein - Mit den Augen des Monsters"
		],
		"Freddi Fish 2 - The Case of the Haunted Schoolhouse": [
			"Freddi Fish 2 - Het Mysterie van de Spoken op School"
		],
		"Freddi Fish 3 - The Case of the Stolen Conch Shell": [
			"Freddi Fish 3 - De Zaak van de Gestolen Trompetschelp"
		],
		"Freddi Fish 5 - The Case of the Creature of Coral Cove": [
			"Freddi Fish 5 - De Zaak Zeemonster"
		],
		"Freddi Fish and Luther's Maze Madness": [
			"Freddi Fish en Loebas' Dolle Doolhof"
		],
		"Freddi Fish and the Case of the Missing Kelp Seeds": [
			"Freddi Fish en het Verhaal van de Verdwenen Zeewierzaadjes",
			"Freddi Fish en het Verhaal van de Verdwenen Zeewierzaadjes (B5699896)",
			"Freddi Fish en het Verhaal van de Verdwenen Zeewierzaadjes (B8719043)",
			"Freddi Fisk och Fallet med De Foersvunna Sjoegraesfroena"
		],
		"FreeSpace 2 (Disc 1)": [
			"CD-Action 07-2002 (75) (Disc 1)"
		],
		"G-Nome": [
			"Bestseller Games Gold-Edition Ausgabe 17"
		],
		"Gabriel Knight - Sins of the Fathers": [
			"Gabriel Knight - Die Suenden der Vaeter"
		],
		"Gabriel Knight 3 - Blood of the Sacred, Blood of the Damned (Disc 1)": [
			"Gabriel Knight 3 - Blut der Heiligen, Blut der Verdammten (Disc 1)",
			"Gabriel Knight 3 - Enigme en Pays Cathare (Disc 1)",
			"Gabriel Knight 3 - Il mistero di Rennes-le-Chateau - Il mistero macchiato di sangue (Disc 1)"
		],
		"Gabriel Knight 3 - Blood of the Sacred, Blood of the Damned (Disc 2)": [
			"Gabriel Knight 3 - Blut der Heiligen, Blut der Verdammten (Disc 2)",
			"Gabriel Knight 3 - Enigme en Pays Cathare (Disc 2)",
			"Gabriel Knight 3 - Il mistero di Rennes-le-Chateau - Il mistero macchiato di sangue (Disc 2)"
		],
		"Gabriel Knight 3 - Blood of the Sacred, Blood of the Damned (Disc 3)": [
			"Gabriel Knight 3 - Blut der Heiligen, Blut der Verdammten (Disc 3)",
			"Gabriel Knight 3 - Enigme en Pays Cathare (Disc 3)",
			"Gabriel Knight 3 - Il mistero di Rennes-le-Chateau - Il mistero macchiato di sangue (Disc 3)"
		],
		"Galapagos - Mendel's Escape": [
			"Galapagos"
		],
		"Gangsters - Organized Crime": [
			"Gangsters - Crimine Organizzato",
			"Gangsters - Organisiertes Verbrechen"
		],
		"Get Medieval": [
			"Komputer Swiat Gry 5-6-2000"
		],
		"Gifty - Ein Geschenk des Himmels": [
			"Gift"
		],
		"Glory of the Roman Empire": [
			"Imperivm - Civitas"
		],
		"Godfather, The - The Game": [
			"Godfather, The"
		],
		"Gorasul - The Legacy of the Dragon (Disc 1)": [
			"Gorasul - Das Vermaechtnis des Drachen (Disc 1)"
		],
		"Gorasul - The Legacy of the Dragon (Disc 2)": [
			"Gorasul - Das Vermaechtnis des Drachen (Disc 2)"
		],
		"Gorasul - The Legacy of the Dragon (Disc 3)": [
			"Gorasul - Das Vermaechtnis des Drachen (Disc 3)"
		],
		"Gorasul - The Legacy of the Dragon (Disc 4)": [
			"Gorasul - Das Vermaechtnis des Drachen (Disc 4)"
		],
		"Gothic (Disc 1)": [
			"Gotika (Disc 1)"
		],
		"Gothic (Disc 2)": [
			"Gotika (Disc 2)"
		],
		"Gothic 3 (Game of the Year Edition)": [
			"Gothic 3"
		],
		"Gothic 3 - Forsaken Gods": [
			"Gothic 3 - Goetterdaemmerung"
		],
		"Gothic II (Disc 1) (Play Disc)": [
			"Gothic II",
			"Gothic II (Disc 1)",
			"Gothic II (Spiel CD)"
		],
		"Gothic II (Disc 2)": [
			"Gothic II (Installations CD 1)"
		],
		"Gothic II (Disc 3)": [
			"Gothic II (Installations CD 2)"
		],
		"Gothic Universe (Disc 1)": [
			"Gothic Universe (Gothic I & Online Handbuecher)"
		],
		"Gothic Universe (Disc 2)": [
			"Gothic Universe (Gothic II Gold)"
		],
		"Gothic Universe (Disc 3)": [
			"Gothic Universe (Gothic III)"
		],
		"Grand Theft Auto (The Classics Collection)": [
			"CD PowerPlay 086 (Disc 2)",
			"Grand Theft Auto"
		],
		"Grand Theft Auto - Mission Pack 1 - London 1969 (The Classics Collection)": [
			"Grand Theft Auto - Mission Pack 1 - London 1969"
		],
		"Grand Theft Auto - San Andreas (49F539A0)": [
			"Grand Theft Auto - San Andreas"
		],
		"Grand Theft Auto - Vice City (Install)": [
			"Grand Theft Auto - Vice City"
		],
		"Grand Theft Auto 2 (The Classics Collection)": [
			"Grand Theft Auto 2"
		],
		"Grandia II (Install Disc)": [
			"Grandia II (Disc 1) (Dysk Instalacyjny)",
			"Grandia II (Disc 1) (Install Disc)"
		],
		"Grandia II (Play Disc)": [
			"Grandia II (Disc 2)",
			"Grandia II (Disc 2) (Play Disc)",
			"Grandia II (Disc 2) (Gra)"
		],
		"Great Battles of Alexander, The": [
			"Alexander der Grosse - Die grossen Schlachten der Antike"
		],
		"Gruntz": [
			"Gruntz - Das verrueckte Braingame!"
		],
		"GT Legends": [
			"GT Legends (Disc 1)",
			"GT Legends (Disc 2)",
			"GT Legends (Disc 3)"
		],
		"Guild Wars (Disc 1)": [
			"Guild Wars"
		],
		"Guild Wars - Nightfall (Disc 1)": [
			"Guild Wars - Nightfall"
		],
		"Guild Wars (Game of the Year Edition)": [
			"Guild Wars (Disc 1)",
			"Guild Wars (Disc 2)"
		],
		"Gun": [
			"Gun (Disc 1)",
			"Gun (Disc 2)",
			"Gun (Disc 3)"
		],
		"Half-Life 1 Anthology": [
			"Half-Life 1 Antologia"
		],
		"Half-Life 2": [
			"Half-Life 2 (Disc 1)",
			"Half-Life 2 (Disc 2)",
			"Half-Life 2 (Disc 3)",
			"Half-Life 2 (Disc 4)",
			"Half-Life 2 (Disc 5)",
			"Half-Life 2 (Disc 6)"
		],
		"Half-Life 2 (Game of the Year Edition)": [
			"Half-Life 2 (Edizione Gioco dell'Anno)",
			"Half-Life 2 (Disc 1) (Game of the Year Edition)",
			"Half-Life 2 (Disc 2) (Game of the Year Edition)",
			"Half-Life 2 (Disc 3) (Game of the Year Edition)",
			"Half-Life 2 (Disc 4) (Game of the Year Edition)",
			"Half-Life 2 (Disc 5) (Game of the Year Edition)"
		],
		"Halo - Combat Evolved": [
			"Halo - Kampf um die Zukunft"
		],
		"Hard Truck - 18 Wheels of Steel": [
			"Hard Truck - 18 Stal'nyh Koles"
		],
		"Harry Potter and the Sorcerer's Stone": [
			"Harry Potter and the Philosopher's Stone",
			"Harry Potter Yu Mofashi"
		],
		"Harry Potter and the Chamber of Secrets": [
			"Harry Potter Yu Mishi"
		],
		"Heavy Gear (Disc 1)": [
			"Heavy Gear",
			"Heavy Gear (Disc 1) (Install)"
		],
		"Heavy Gear (Disc 2)": [
			"Heavy Gear (Disc 2) (Gameplay)"
		],
		"Hegemonia - Legions of Iron": [
			"Haegemonia - Legions of Iron"
		],
		"Heroes Chronicles - Warlords of the Wastelands": [
			"Heroes Chronicles - Warlords of the Wasteland"
		],
		"Heroes of Might and Magic - A Strategic Quest": [
			"Heroes of Might and Magic"
		],
		"Heroes of Might and Magic III - The Restoration of Erathia": [
			"Geroi mecha i magii III - Vozrozhdenie Jerafii",
			"Heroes of Might and Magic III",
			"Heroes of Might and Magic III (Linux)"
		],
		"Heroes of Might and Magic IV (Disc 1) (Install)": [
			"Heroes of Might and Magic IV (Disc 1)",
			"Heroes of Might and Magic IV (Disc 1) (Installa)"
		],
		"Heroes of Might and Magic IV (Disc 2) (Play)": [
			"Heroes of Might and Magic IV (Disc 2)",
			"Heroes of Might and Magic IV (Disc 2) (Gioca)"
		],
		"Hexagon-Kartell, Das (Disc 1)": [
			"Hexagon-Kartell, Das (Disc 1)"
		],
		"Hexagon-Kartell, Das (Disc 2)": [
			"Hexagon-Kartell, Das (Disc 2)"
		],
		"Hidden & Dangerous - Devil's Bridge": [
			"Hidden & Dangerous - Fight for Freedom"
		],
		"Hidden & Dangerous 2 (Disc 1) (Install-Play)": [
			"Hidden & Dangerous 2 (Disc 1)"
		],
		"Hidden & Dangerous 2 (Disc 2) (Data)": [
			"Hidden & Dangerous 2 (Disc 2)"
		],
		"Hidden & Dangerous 2 (Disc 3) (Data)": [
			"Hidden & Dangerous 2 (Disc 3)"
		],
		"Hind - The Russian Combat Helicopter Simulation": [
			"Hind"
		],
		"Hitman - Contracts": [
			"Hitman - Contracts (Disc 1)",
			"Hitman - Contracts (Disc 2)"
		],
		"Hobbit, The - The Prelude to the Lord of the Rings (Disc 1)": [
			"Hobbit, Der (Disc 1)"
		],
		"Hobbit, The - The Prelude to the Lord of the Rings (Disc 2)": [
			"Hobbit, Der (Disc 2)"
		],
		"Hogs of War - Nati per Soffritto": [
			"Frontschweine"
		],
		"Hostile Waters - Antaeus Rising": [
			"Hostile Waters"
		],
		"Hotel Giant": [
			"Hotel Gigant"
		],
		"House of the Dead III, The": [
			"House of the Dead 3, The"
		],
		"Hugo": [
			"Hugo - Aeventyret Gar Vidare...",
			"Hugo pa Nya Aeventyr"
		],
		"Hype - The Time Quest": [
			"Komputer Swiat Gry 05-2002"
		],
		"IL-2 Sturmovik - 1946 (Disc 1)": [
			"IL-2 Sturmovik - 1946"
		],
		"IL-2 Sturmovik - Forgotten Battles (Disc 1)": [
			"IL-2 Sturmovik - Zabytye srazhenija (Disc 1) (53233E34)",
			"IL-2 Sturmovik - Zabytye srazhenija (Disc 1)"
		],
		"IL-2 Sturmovik - Forgotten Battles (Disc 2)": [
			"IL-2 Sturmovik - Zabytye srazhenija (Disc 2)"
		],
		"Icewind Dale": [
			"Icewind Dale (Bonus Material)",
			"Icewind Dale (Disc 1)",
			"Icewind Dale (Disc 2)"
		],
		"Icewind Dale - Heart of Winter": [
			"Icewind Dale - Herz des Winters"
		],
		"Ignition": [
			"CD-Action 07-2002 (75) (Disc 2)"
		],
		"iM1A2 Abrams - America's Main Battle Tank": [
			"Bestseller Games Ausgabe 26"
		],
		"Imperial Glory": [
			"Imperial Glory (Disc 1)",
			"Imperial Glory (Disc 2)",
			"Imperial Glory (Disc 3)"
		],
		"Imperium Galactica II - Alliances (Disc 1) (Installation Disc)": [
			"Imperium Galactica II - Alliances (Disc 1) (Installation CD)"
		],
		"Imperium Galactica II - Alliances (Disc 2) (Solarian Disc)": [
			"Imperium Galactica II - Alliances (Disc 2) (Solarian CD)"
		],
		"Imperium Galactica II - Alliances (Disc 3) (Shinari Disc)": [
			"Imperium Galactica II - Alliances (Disc 3) (Shinari CD)"
		],
		"Imperium Galactica II - Alliances (Disc 4) (Kra'hen Disc)": [
			"Imperium Galactica II - Alliances (Disc 4) (Kra'Hen CD)"
		],
		"In Cold Blood (Disc 1)": [
			"Cold Blood (Disc 1)"
		],
		"In Cold Blood (Disc 2)": [
			"Cold Blood (Disc 2)"
		],
		"In Cold Blood (Disc 3)": [
			"Cold Blood (Disc 3)"
		],
		"Incubation - Battle Isle Phase Four": [
			"Incubation - Battle Isle Faza Czwarta",
			"Incubation - Battle Isle Phase Vier"
		],
		"Indiana Jones and the Fate of Atlantis": [
			"Bestseller Games Ausgabe 4"
		],
		"Indiana Jones and the Last Crusade": [
			"Bestseller Games Ausgabe 1"
		],
		"Indiana Jones and the Infernal Machine (Disc 1)": [
			"Indiana Jones e la Macchina Infernale (Disc 1)",
			"Indiana Jones und der Turm von Babel (Disc 1)"
		],
		"Indiana Jones and the Infernal Machine (Disc 2)": [
			"Indiana Jones e la Macchina Infernale (Disc 2)",
			"Indiana Jones und der Turm von Babel (Disc 2)"
		],
		"Indiana Jones and the Emperor's Tomb (Disc 1)": [
			"Indiana Jones e la Tomba dell'Imperatore (Disc 1)",
			"Indiana Jones et le Tombeau de l'Empereur (Disc 1)",
			"Indiana Jones y la Tumba del Emperador (Disc 1)"
		],
		"Indiana Jones and the Emperor's Tomb (Disc 2)": [
			"Indiana Jones e la Tomba dell'Imperatore (Disc 2)",
			"Indiana Jones et le Tombeau de l'Empereur (Disc 2)",
			"Indiana Jones y la Tumba del Emperador (Disc 2)"
		],
		"IndyCar Racing & Track Pack + Formula One Grand Prix": [
			"Formula One Grand Prix",
			"Bestseller Games Gold-Edition Ausgabe 13",
			"IndyCar Racing"
		],
		"IndyCar Racing II": [
			"Best of Sierra Nr. 12"
		],
		"Interstate '76 (Disc 1) (Install CD)": [
			"Interstate '76 (Disc 1)",
			"Interstate '76 (Disc 1) (Installations-CD)"
		],
		"Interstate '76 (Disc 2) (Play CD)": [
			"Interstate '76 (Disc 2) (Spiel-CD)",
			"Interstate '76 (Disc 2)"
		],
		"Interstate '76 (Disc 1) (Install CD) (Gold Edition)": [
			"Interstate '76 (Disc 1) (Install Disc) (Gold Edition)"
		],
		"Interstate '76 (Disc 2) (Play CD) (Gold Edition)": [
			"Interstate '76 (Disc 2) (Play Disc and Manuals) (Gold Edition)"
		],
		"Interstate '76 - Nitro Pack": [
			"Interstate '76 - Nitro Riders"
		],
		"Invictus - In the Shadow of Olympus (Disc 1)": [
			"Invictus - W Cieniu Olimpu (Disc 1)"
		],
		"Invictus - In the Shadow of Olympus (Disc 2)": [
			"Invictus - W Cieniu Olimpu (Disc 2)"
		],
		"Jack the Ripper (Disc 1)": [
			"Jack l'Eventreur - New-York 1901 (Disc 1)",
			"Jack the Ripper - New York 1901 (Disc 1)"
		],
		"Jack the Ripper (Disc 2)": [
			"Jack l'Eventreur - New-York 1901 (Disc 2)",
			"Jack the Ripper - New York 1901 (Disc 2)"
		],
		"Jagged Alliance - Kampf um Metavira": [
			"Bestseller Games Gold-Edition Ausgabe 11"
		],
		"Jagged Alliance 2 (Disc 1) (Install Disk)": [
			"Jagged Alliance 2 (Disc 1) (Installations-CD)",
			"Jagged Alliance 2"
		],
		"Jagged Alliance 2 (Disc 2) (Game Disk)": [
			"Jagged Alliance 2 (Disc 2) (Play-CD)"
		],
		"Jagged Alliance 2 - Unfinished Business": [
			"Jagged Alliance 2.5 - Unfinished Business",
			"Jagged Alliance 2.5 - Unfinished Business (Dysk Dodatkowy)",
			"Jagged Alliance 2 - Vozvrashchenie v Arul'ko"
		],
		"Jane's Combat Simulations - AH-64D Longbow (Disc 1)": [
			"Jane's Combat Simulations - AH-64D Longbow (Limited Edition)"
		],
		"Jane's Combat Simulations - F-15 (Disc 1)": [
			"Jane's Combat Simulations - F-15"
		],
		"Jerusalem - Les Trois Chemins de la Ville Sainte (Disc 1)": [
			"Jerusalem - Il Pugnale Ritrovato (Disc 1)",
			"Jerusalem - Die Heilige Stadt (Disc 1)"
		],
		"Jerusalem - Les Trois Chemins de la Ville Sainte (Disc 2)": [
			"Jerusalem - Il Pugnale Ritrovato (Disc 2)",
			"Jerusalem - Die Heilige Stadt (Disc 2)"
		],
		"Jetfighter II (CE72FAB1)": [
			"CD-ROM Play 6-95",
			"Jetfighter II (C37D8FF9)"
		],
		"Jewel Quest & Jewel Quest II": [
			"Jewel Quest Collection"
		],
		"John Romero's Daikatana": [
			"Daikatana"
		],
		"Journeyman Project 3, The - Legacy of Time": [
			"Journeyman Project 3, The - Legacy of Time (Disc 1)",
			"Journeyman Project 3, The - Legacy of Time (Disc 2)",
			"Journeyman Project 3, The - Legacy of Time (Disc 3)",
			"Journeyman Project 3, The - Legacy of Time (Disc 4)"
		],
		"Juggernaut (Deluxe Edition)": [
			"Juggernaut"
		],
		"JumpStart 2nd Grade": [
			"Flygande Start - Andra Klass"
		],
		"K. Hawk - Survival Instinct (Game Disk)": [
			"K.Hawk - Survival Instinct"
		],
		"Kellogg's Football Tigers (2D6F5298)": [
			"Kellogg's Football Tigers (0EC41D4B)"
		],
		"Kick Off 97": [
			"Bestseller Games Ausgabe 28"
		],
		"King of the Road": [
			"Dal'nobojjshhiki-2"
		],
		"King's Quest - Mask of Eternity": [
			"Best of Sierra Nr. 21",
			"Bravo ScreenFun 8-2003",
			"King's Quest - La Maschera dell'Eternita",
			"King's Quest 8 - Maske der Ewigkeit",
			"King's Quest VIII - Masque d'Eternite"
		],
		"King's Quest VI - Heir Today, Gone Tomorrow (6CF957C0)": [
			"King's Quest VI - Heir Today, Gone Tomorrow",
			"King's Quest VI - Heir Today, Gone Tomorrow (B6500EF1)"
		],
		"Kingdom O' Magic (Disc 1) (Thidney)": [
			"Bestseller Games Gold-Edition Ausgabe 14 (Disc 1)"
		],
		"Kingdom O' Magic (Disc 2) (Shah-Ron)": [
			"Bestseller Games Gold-Edition Ausgabe 14 (Disc 2)"
		],
		"Knight Rider - The Game": [
			"Imperium Gier Wydanie Specjalne 1-2005 (Disc 1)"
		],
		"Knight Rider 2 - The Game": [
			"Imperium Gier Wydanie Specjalne 1-2005 (Disc 2)"
		],
		"Korsar, Der": [
			"Korsary - Prokljat'e dal'nih morej"
		],
		"LEGO Chess": [
			"Ajedrez LEGO"
		],
		"LEGO Island": [
			"Isola LEGO"
		],
		"Leisure Suit Larry - Collection Series (Disc 1)": [
			"CD-Action 03-2004 (97) (Disc 2)"
		],
		"Leisure Suit Larry - Love for Sail!": [
			"Best of Sierra Nr. 16 (Disc 1)",
			"Bravo ScreenFun 11-2004 (Disc 1)",
			"Leisure Suit Larry - Yacht nach Liebe!"
		],
		"Leisure Suit Larry 5 - Passionate Patti Does a Little Undercover Work": [
			"Bestseller Games Ausgabe 9"
		],
		"Leisure Suit Larry 6 - Shape Up or Slip Out!": [
			"Best of Sierra Nr. 14 (Disc 2)",
			"Bestseller Games Ausgabe 12"
		],
		"Leisure Suit Larry's Casino": [
			"Best of Sierra Nr. 17 (Disc 2)"
		],
		"Lollypop": [
			"CD-ROM Play 8-96"
		],
		"Lords of the Realm II": [
			"Best of Sierra Nr. 17 (Disc 1)",
			"Lords of the Realm II (29D78413)"
		],
		"Lord of the Rings Enhanced CD-ROM, The": [
			"Bestseller Games Collection Ausgabe 14"
		],
		"Lure of the Temptress": [
			"Click! 08-2003 (Disc 2)"
		],
		"M.A.X. - Mechanized Assault & Exploration": [
			"Bestseller Games Gold-Edition Ausgabe 20"
		],
		"Mad News": [
			"Bestseller Games Ausgabe 11"
		],
		"Mad TV 1 + 2": [
			"Bestseller Games Ausgabe 25"
		],
		"Mafia": [
			"Mafia (Disc 1)",
			"Mafia (Disc 2)",
			"Mafia (Disc 3)"
		],
		"Mage Knight - Apocalypse (Disc 1)": [
			"Mage Knight - Apocalypse"
		],
		"Magic - The Gathering": [
			"Magic - Die Zusammenkunft"
		],
		"Magic Carpet - The Hidden Worlds": [
			"Magic Carpet - Hidden Worlds Data Disk"
		],
		"Maniac Mansion - Day of the Tentacle": [
			"Bestseller Games Gold-Edition Ausgabe 1"
		],
		"Mat Hoffman's Pro BMX": [
			"Bravo ScreenFun 10-2004 (Disc 1)"
		],
		"Maui Mallard in Cold Shadow": [
			"Donald in Cold Shadow"
		],
		"MDK": [
			"Bestseller Games Gold-Edition Ausgabe 21"
		],
		"MDK2": [
			"Bravo ScreenFun 10-2003"
		],
		"Metal Gear Solid 2 - Substance": [
			"Hejin Zhuangbei 2"
		],
		"Midnight Nowhere (Disc 1)": [
			"Chernyj Oazis (Disc 1)"
		],
		"Midnight Nowhere (Disc 2)": [
			"Chernyj Oazis (Disc 2)"
		],
		"Might and Magic - Clouds of Xeen": [
			"Bestseller Games Ausgabe 6"
		],
		"Might and Magic III - Isles of Terra": [
			"Bestseller Games Ausgabe 3"
		],
		"Mission - Humanity": [
			"Exterminacja"
		],
		"Mobile Forces": [
			"CD-Action 03-2004 (97) (Disc 1)"
		],
		"Monkey Island 2 - LeChuck's Revenge": [
			"Bestseller Games Ausgabe 7"
		],
		"NASCAR Racing 1999 Edition": [
			"Best of Sierra Nr. 16 (Disc 2)"
		],
		"NASCAR Racing - 2002 Season": [
			"Bravo ScreenFun 1-2004"
		],
		"Normality": [
			"Bestseller Games Ausgabe 24"
		],
		"Odium": [
			"Gor'kij 17 - Muzhskaja rabota",
			"Gorky 17"
		],
		"Outpost 2 - Divided Destiny": [
			"Outpost 2 - Destini Sospesi"
		],
		"PGA Championship Golf - Collector's Edition (Installation CD)": [
			"DSF Golf '99 (Disc 1) (Installation)"
		],
		"PGA Championship Golf - Collector's Edition (New Collector's Edition Courses)": [
			"DSF Golf '99 (Disc 2) (Kurse)"
		],
		"Pharaoh": [
			"Faraon"
		],
		"Player Manager Ninety Nine": [
			"Player Manager - Epoca 98-99"
		],
		"Pole-Position - Formel 1 Teamchef": [
			"Bestseller Games Gold-Edition Ausgabe 9"
		],
		"Police Quest - SWAT 2": [
			"Best of Sierra Nr. 18",
			"Police Quest - SWAT 2 (5012E377)"
		],
		"Poseidon - Zeus Official Expansion": [
			"Herrscher von Atlantis - Poseidon"
		],
		"Powerdrome": [
			"Click! 11-2005 (Disc 1)"
		],
		"Powerslave": [
			"Exhumed"
		],
		"Prisoner of Ice": [
			"Call of Cthulhu - Prisoner of Ice"
		],
		"Pro Pinball - Timeshock!": [
			"Bravo ScreenFun 7-2004 (Disc 2)"
		],
		"Pure Pinball": [
			"Kati shary!"
		],
		"Queen of the Nile - Cleopatra": [
			"Koenigin des Nils - Kleopatra"
		],
		"Rally Trophy": [
			"Komputer Swiat Gry 10-2004 (Disc 2)"
		],
		"Rayman 2 - The Great Escape (DVD)": [
			"Komputer Swiat Gry 03-2003",
			"Rayman 2 - The Great Escape"
		],
		"Rayman 3 - Hoodlum Havoc": [
			"Komputer Swiat Gry 9-2005 (Disc 1)",
			"Komputer Swiat Gry 9-2005 (Disc 2)",
			"Rayman 3 - Hoodlum Havoc (Disc 1)",
			"Rayman 3 - Hoodlum Havoc (Disc 2)",
			"Rayman 3 - Hoodlum Havoc (Disc 3)"
		],
		"Re-Volt": [
			"Click! 10-2003 (Disc 1)"
		],
		"Realms of Arkania - Blade of Destiny": [
			"Bestseller Games Ausgabe 18 (Disc 1)"
		],
		"Realms of Arkania - Star Trail": [
			"Bestseller Games Ausgabe 18 (Disc 2)"
		],
		"Resident Evil": [
			"Biohazard",
			"Biohazard (PowerVR OEM)",
			"Resident Evil (PowerVR OEM)"
		],
		"Resident Evil 2 (Disc 1)": [
			"Biohazard 2",
			"Biohazard 2 (Disc 1)",
			"Resident Evil 2",
			"Resident Evil 2 (Disc 1) (Leon)",
			"Resident Evil 2 (Leon)"
		],
		"Resident Evil 2 (Disc 2)": [
			"Biohazard 2 (Disc 2)",
			"Resident Evil 2 (Disc 2) (Claire)",
			"Resident Evil 2 (Claire)"
		],
		"Resident Evil 3 - Nemesis": [
			"Biohazard 3 - Last Escape"
		],
		"Resident Evil 4": [
			"Biohazard 4"
		],
		"Resident Evil 5": [
			"Biohazard 5",
			"Resident Evil 5 (Disc 1)",
			"Resident Evil 5 (Disc 2)"
		],
		"Resident Evil 6 (Disc 1)": [
			"Biohazard 6 (Disc 1)"
		],
		"Resident Evil 6 (Disc 2)": [
			"Biohazard 6 (Disc 2)"
		],
		"Ripley's Believe It or Not - The Riddle of Master Lu": [
			"Enigme de Maitre Lu, L'"
		],
		"Sam & Max Hit the Road": [
			"Bestseller Games Gold-Edition Ausgabe 3"
		],
		"Screamer 4x4": [
			"CD-Action 08-2002 (76) (Disc 2)"
		],
		"Secret of Monkey Island, The": [
			"Bestseller Games Ausgabe 2"
		],
		"Secret Files - Tunguska": [
			"Geheimakte - Tunguska",
			"Secret Files - Tunguska (Disc 2)",
			"Secret Files - Tunguska (Disc 3)",
			"Secret Files - Tunguska (Disc 4)"
		],
		"Serious Sam - The First Encounter (Gold Edition)": [
			"Serious Sam - The First Encounter",
			"Krutoj Sjem - Pervaja krov'",
			"Serious Sam Gold (Disc 1)"
		],
		"Serious Sam - The Second Encounter (Gold Edition)": [
			"Serious Sam - The Second Encounter",
			"Krutoj Sjem - Vtoroe prishestvie",
			"Serious Sam Gold (Disc 2)"
		],
		"Serious Sam II": [
			"Serious Sam II (Disc 1)",
			"Serious Sam II (Disc 2)",
			"Serious Sam II (Disc 3)",
			"Serious Sam II (Disc 4) (Play)"
		],
		"Settlers, The": [
			"Bestseller Games Gold-Edition Ausgabe 6"
		],
		"Seven Games of the Soul (Disc 1)": [
			"Faust (Disc 1)",
			"Faust - Die sieben Spiele der Seele (Disc 1)"
		],
		"Seven Games of the Soul (Disc 2)": [
			"Faust (Disc 2)",
			"Faust - Die sieben Spiele der Seele (Disc 2)"
		],
		"Seven Games of the Soul (Disc 3)": [
			"Faust (Disc 3)",
			"Faust - Die sieben Spiele der Seele (Disc 3)"
		],
		"Seven Games of the Soul (Disc 4)": [
			"Faust (Disc 4)",
			"Faust - Die sieben Spiele der Seele (Disc 4)"
		],
		"Shadow Man": [
			"Bravo ScreenFun 12-2004 (Disc 1)",
			"Shadow Man - Rette deine Seele"
		],
		"Shattered Steel": [
			"Bestseller Games Collection Ausgabe 13"
		],
		"Sherlock Holmes - The Secret of the Silver Earring": [
			"Avventure di Sherlock Holmes, Le - L'Orecchino d'Argento (Disc 1)",
			"Avventure di Sherlock Holmes, Le - L'Orecchino d'Argento (Disc 2)"
		],
		"SimCity Classic": [
			"Bestseller Games Ausgabe 14"
		],
		"Sno-Cross Extreme": [
			"Komputer Swiat Gry 04-2002"
		],
		"Sortileges - Rage of Mages II": [
			"Allody II - Povelitel' dush"
		],
		"Space Marines - Der Staehlerne Kaiser": [
			"Bestseller Games Ausgabe 21",
			"Space Marines (Disc 1)",
			"Space Marines (Disc 2)"
		],
		"Space Quest 6 - Roger Wilco - The Spinal Frontier": [
			"Space Quest 6 - Roger Wilco in the Spinal Frontier"
		],
		"Spy Fox in Dry Cereal": [
			"Agent Fuchs in Das Milchkartell",
			"Spy Fox - Operation Milkshake"
		],
		"Star Trek - Starfleet Command": [
			"Gamefest - Star Trek Classics (Disc 1) (Star Trek - Starfleet Command)"
		],
		"Star Trek - New Worlds": [
			"Gamefest - Star Trek Classics (Disc 2) (Star Trek - New Worlds)"
		],
		"Star Trek - Starfleet Academy - Strategic Command (Disc 1)": [
			"Gamefest - Star Trek Classics (Disc 3) (Star Trek - Starfleet Academy - Strategic Command Pt. 1)",
			"Gamefest - Star Trek Classics (Disc 4) (Star Trek - Starfleet Academy - Strategic Command Pt. 2)"
		],
		"Star Trek - Starfleet Academy - Chekov's Lost Missions": [
			"Gamefest - Star Trek Classics (Disc 5) (Star Trek - Starfleet Academy - Chekov's Lost Missions)"
		],
		"Star Wars - Rebel Assault": [
			"Bestseller Games Gold-Edition Ausgabe 4",
			"Star Wars - Rebel Assault - Special Edition"
		],
		"Starsky & Hutch": [
			"Click! 07-2005 (Disc 1)"
		],
		"STCC - The Game": [
			"Komputer Swiat Gry 06-2001"
		],
		"Stonekeep": [
			"Bestseller Games Gold-Edition Ausgabe 15"
		],
		"Subwar 2050": [
			"Bestseller Games Collection Ausgabe 21"
		],
		"Team Apache": [
			"Bestseller Games Gold-Edition Ausgabe 27"
		],
		"TechnoMage - Die Rueckkehr der Ewigkeit": [
			"Bravo ScreenFun 3-2004"
		],
		"Terminator 3 - War of the Machines": [
			"Exterminador do Futuro 3, O - A Guerra das Maquinas"
		],
		"Thing, The": [
			"Cosa, La"
		],
		"Thief - The Dark Project": [
			"Dark Project - Der Meisterdieb",
			"Dark Project - L'Ombra del Ladro"
		],
		"Thief Gold (Disc 1)": [
			"Dark Project - Der Meisterdieb - Director's Cut (Disc 1)"
		],
		"Thief Gold (Disc 2)": [
			"Dark Project - Der Meisterdieb - Director's Cut (Disc 2)"
		],
		"Thief II - The Metal Age (Disc 1) (Installation)": [
			"Dark Project II - The Metal Age (Disc 1)"
		],
		"Thief II - The Metal Age (Disc 2) (Game)": [
			"Thief II - The Metal Age (Disc 2)"
		],
		"TOCA Race Driver 3": [
			"DTM Race Driver 3"
		],
		"Tomb Raider - The Last Revelation": [
			"Click! 09-2004 (Disc 1)"
		],
		"Tony Hawk's Pro Skater 2": [
			"Bravo ScreenFun 2-2003"
		],
		"Tony Hawk's Pro Skater 3": [
			"Bravo ScreenFun 7-2004 (Disc 1)"
		],
		"Tornado - Operation Desert Storm": [
			"Bestseller Games Collection Ausgabe 12"
		],
		"Tortuga - Pirates of the New World": [
			"Piraten - Herrscher der Karibik"
		],
		"Traitors Gate (Disc 1)": [
			"Colpo grosso a London Tower (Disc 1)"
		],
		"Traitors Gate (Disc 2)": [
			"Colpo grosso a London Tower (Disc 2)"
		],
		"Traitors Gate (Disc 3)": [
			"Colpo grosso a London Tower (Disc 3)"
		],
		"Traitors Gate (Disc 4)": [
			"Colpo grosso a London Tower (Disc 4)"
		],
		"Tropico 2 - Pirate Cove (Disc 1) (Install Play)": [
			"CyberMycha Extra 3-2006 (Disc 1)",
			"Tropico 2 - Pirate Cove (Disc 1)"
		],
		"Tropico 2 - Pirate Cove (Disc 2) (Data)": [
			"Tropico 2 - Pirate Cove (Disc 2)"
		],
		"Turok 2 - Seeds of Evil": [
			"Bravo ScreenFun 9-2004 (Disc 2)",
			"Click! 01-2004 (Disc 2)"
		],
		"Unreal": [
			"Bravo ScreenFun 4-2003",
			"Unreal (3Dfx OEM)"
		],
		"Unreal II - The Awakening (Install Disc 1) (Special Edition)": [
			"Unreal II - The Awakening (Disc 1)"
		],
		"Unreal II - The Awakening (Install Disc 2) (Special Edition)": [
			"Unreal II - The Awakening (Disc 2)"
		],
		"Unreal II - The Awakening (Play Disc) (Special Edition)": [
			"Unreal II - The Awakening (Disc 3) (Play Disc)"
		],
		"Unreal Tournament (Disc 1) (Game of the Year Edition)": [
			"Unreal Tournament (Disc 1) (Game) (Game of the Year Edition)"
		],
		"Unreal Tournament (Disc 2) (Game of the Year Edition)": [
			"Unreal Tournament (Disc 2) (Extras) (Game of the Year Edition)"
		],
		"Unreal Tournament 2004 (Play Disc) (DVD)": [
			"Unreal Tournament 2004 (Play Disc)",
			"Unreal Tournament 2004 (Disc 1) (Install Disc)",
			"Unreal Tournament 2004 (Disc 2)",
			"Unreal Tournament 2004 (Disc 3)",
			"Unreal Tournament 2004 (Disc 4)",
			"Unreal Tournament 2004 (Disc 5)"
		],
		"Unreal Tournament 2004 (Play Disc) (Editor's Choice Edition) (DVD)": [
			"Unreal Tournament 2004 (Disc 2) (Editor's Choice Edition)",
			"Unreal Tournament 2004 (Disc 3) (Editor's Choice Edition)",
			"Unreal Tournament 2004 (Disc 4) (Editor's Choice Edition)",
			"Unreal Tournament 2004 (Disc 5) (Editor's Choice Edition)",
			"Unreal Tournament 2004 (Disc 6) (Editor's Choice Edition)",
			"Unreal Tournament 2004 (Disc 7) (Editor's Choice Edition)",
			"Unreal Tournament 2004 (Install Disc) (Editor's Choice Edition)",
			"Unreal Tournament 2004 (Mod Installer Disc 1) (Editor's Choice Edition)",
			"Unreal Tournament 2004 (Mod Installer Disc 2) (Editor's Choice Edition)",
			"Unreal Tournament 2004 (Mod Installer Disc 3) (Editor's Choice Edition)"
		],
		"Ultimate Soccer Manager 98-99 Season Edition": [
			"DSF Fussball Manager '98"
		],
		"Urban Chaos": [
			"Click! 08-2004 (Disc 1)"
		],
		"Virtua Fighter 2 (Direct3D)": [
			"Action Plus 10-2001 (43)",
			"Virtua Fighter 2"
		],
		"Virgin Roster": [
			"Altar' strasti"
		],
		"Wargame Construction Set III - Age of Rifles 1846-1905": [
			"Gewehr 1846-1905, Das"
		],
		"WarCraft - Orcs & Humans": [
			"Bestseller Games Ausgabe 17"
		],
		"Warhammer - Shadow of the Horned Rat": [
			"Bestseller Games Gold-Edition Ausgabe 26"
		],
		"Wildlife Park": [
			"Click! 05-2007 (Disc 2)"
		],
		"Woodruff and the Schnibble of Azimuth": [
			"Woodruff - Sznible Profesora Azymuta"
		],
		"Worlds of Billy, The": [
			"Drilling Billy"
		],
		"World Cup 98": [
			"Frankreich 98 - Die Fussball-WM"
		],
		"World Racing (Disc 1)": [
			"Click! 02-2007 (Disc 1)"
		],
		"Worms 2": [
			"Click! 08-2003 (Disc 1)"
		],
		"Zeus - Master of Olympus": [
			"Herrscher des Olymp - Zeus"
		]
    },

    "supersets": {
		"3-D Ultra Minigolf Deluxe": [
			"3-D Ultra Minigolf",
			"Best of Sierra Nr. 11"
		],
		"4x4 Evo - Limited Edition": [
			"4x4 Evo"
		],
		"Agatha Christie - Triple Murder Mystery Pack": [
			"Agatha Christie - Evil Under the Sun (Disc 1)",
			"Agatha Christie - Evil Under the Sun (Disc 2)",
			"Agatha Christie - Evil Under the Sun (Disc 3)",
			"Agatha Christie - Evil Under the Sun",
			"Agatha Christie - Murder on the Orient Express (Disc 1)",
			"Agatha Christie - Murder on the Orient Express (Disc 2)"
		],
		"Age of Empires - Collector's Edition": [
			"Age of Empires - Der Aufstieg Roms",
			"Age of Empires - The Rise of Rome Expansion",
			"Age of Empires II - The Age of Kings (Gold Edition)",
			"Age of Empires II - The Age of Kings",
			"Age of Empires II - The Conquerors Expansion (Gold Edition)",
			"Age of Empires II - The Conquerors Expansion"
		],
		"Age of Mythology - Gold Edition (Disc 1) (Install Disc)": [
			"Age of Mythology (Disc 1)",
			"Age of Mythology (Disc 2)",
			"Age of Mythology - Gold Edition (Disco 1) (Disco di installazione)",
			"Age of Mythology - Gold Edition"
		],
		"Age of Mythology - Gold Edition (Disc 2) (Play Disc)": [
			"Age of Mythology - Gold Edition (Disco 2) (Disco di gioco Titans)",
			"Age of Mythology - The Titans (Expansion)"
		],
		"Aliens Versus Predator (Disc 1) (Gold Edition)": [
			"Aliens Versus Predator (Disc 1)"
		],
		"Aliens Versus Predator (Disc 2) (Gold Edition)": [
			"Aliens Versus Predator (Disc 2)"
		],
		"Alone in the Dark + Jack in the Dark": [
			"Alone in the Dark (Pay as You Play Version) (CD-ROM User)",
			"Alone in the Dark (Pay as You Play Version) (PC Power)",
			"Alone in the Dark"
		],
		"America - Gold Edition": [
			"America - Add-On",
			"America - No Peace Beyond the Line"
		],
		"American Conquest Anthology": [
			"American Conquest - Divided Nation (Disc 1) (Installation Disc)",
			"American Conquest - Divided Nation (Disc 1) (Installation)",
			"American Conquest - Divided Nation (Disc 2) (Game)",
			"American Conquest - Divided Nation (Disc 2) (Play Disc)",
			"American Conquest - Edizione Oro",
			"American Conquest - Fight Back",
			"American Conquest - Gold Edition! Collector's Series",
			"American Conquest"
		],
		"Ankh - Ultimate Edition (Ankh-Spiele)": [
			"Ankh"
		],
		"Anno 1503 - Koenigs-Edition": [
			"Anno 1503 (Disc 1) (Installations-CD)",
			"Anno 1503 (Disc 1)",
			"Anno 1503 (Disc 2)",
			"Anno 1503 - Schaetze, Monster & Piraten",
			"Anno 1503"
		],
		"Another World - 15th Anniversary Edition": [
			"Out of This World"
		],
		"ArmA - Armed Assault - Gold Edition": [
			"ArmA - Armed Assault"
		],
		"Assassin's Creed - Director's Cut": [
			"Assassin's Creed - Wersja Rezyserska",
			"Assassin's Creed"
		],
		"Bad Mojo - The Roach Game Redux (Game CD)": [
			"Bad Mojo - The Roach Game",
			"Bad Mojo",
			"Click! 04-2007 (Disc 2)"
		],
		"Baldur's Gate - The Original Saga (Disc 1)": [
			"Baldur's Gate (Disc 1)",
			"Baldur's Gate (Disc 2)",
			"Baldur's Gate (Disc 3)",
			"Baldur's Gate (Disc 4)",
			"Baldur's Gate (Disc 5)",
			"Baldur's Gate - Die Legenden der Schwertkueste",
			"Baldur's Gate - Kakuchou Scenario-shuu - Tales of the Sword Coast",
			"Baldur's Gate - Tales of the Sword Coast",
			"Baldur's Gate"
		],
		"Batman - Arkham Asylum (Game of the Year Edition)": [
			"Batman - Arkham Asylum"
		],
		"Battle Chess Collection": [
			"Battle Chess II - Chinese Chess",
			"Battle Chess",
			"Bestseller Games Special 7 - Battle Chess Collection"
		],
		"Battlefield 1942 - World War II Anthology (Disc 1)": [
			"Battlefield 1942 (Disc 1) (Deluxe Edition)",
			"Battlefield 1942 (Disc 1) (Game of the Year Edition)",
			"Battlefield 1942 (Disc 1)",
			"Battlefield 1942 (Disc 2) (Deluxe Edition)",
			"Battlefield 1942 (Disc 2) (Game of the Year Edition)",
			"Battlefield 1942 (Disc 2)",
			"Battlefield 1942 (Disc 3) (Deluxe Edition)",
			"Battlefield 1942 - Secret Weapons of WWII (Expansion Pack)",
			"Battlefield 1942 - The Road to Rome (Expansion Pack)"
		],
		"Battlefield 2 - Complete Collection": [
			"Battlefield 2 (Disc 1) (Installer Disc)",
			"Battlefield 2 (Disc 2)",
			"Battlefield 2 (Disc 3)",
			"Battlefield 2 - Booster Packs Collection",
			"Battlefield 2 - Deluxe Edition (Disc 1) (Installer Disc)",
			"Battlefield 2 - Deluxe Edition (Disc 2)",
			"Battlefield 2 - Deluxe Edition (Disc 3)",
			"Battlefield 2 - Deluxe Edition (Disc 4)",
			"Battlefield 2 - Deluxe Edition (Disc 5)",
			"Battlefield 2 - Deluxe Edition",
			"Battlefield 2 - Special Forces (Disc 1)",
			"Battlefield 2 - Special Forces (Disc 2)",
			"Battlefield 2 - Special Forces",
			"Battlefield 2"
		],
		"Battlefield 2142 (Deluxe Edition)": [
			"Battlefield 2142"
		],
		"Battlefield 3 (Disc 1) (Premium Edition)": [
			"Battlefield 3 (Disc 1)"
		],
		"Battlefield 3 (Disc 2) (Premium Edition)": [
			"Battlefield 3 (Disc 2)"
		],
		"Blitzkrieg 2 Anthology": [
			"Blitzkrieg 2 - Das Letzte Gefecht",
			"Blitzkrieg 2 - Fall of the Reich",
			"Blitzkrieg 2 - Liberation",
			"Blitzkrieg 2"
		],
		"Blitzkrieg Anthology": [
			"Blitzkrieg (Disc 1)",
			"Blitzkrieg (Disc 2)",
			"Blitzkrieg - Burning Horizon (Disc 1)",
			"Blitzkrieg - Burning Horizon (Disc 2)",
			"Blitzkrieg - Rolling Thunder (Disc 1)",
			"Blitzkrieg - Rolling Thunder (Disc 2)"
		],
		"Blood (Disc 1) (Special Edition)": [
			"Blood (Disc 1)"
		],
		"Broken Sword Complete": [
			"Baphomets Fluch (Disc 1)",
			"Baphomets Fluch (Disc 2)",
			"Baphomets Fluch - Der Engel des Todes",
			"Baphomets Fluch - Der Schlafende Drache (Disc 1)",
			"Baphomets Fluch - Der Schlafende Drache (Disc 2)",
			"Baphomets Fluch II - Die Spiegel der Finsternis (Disc 1)",
			"Baphomets Fluch II - Die Spiegel der Finsternis (Disc 2)",
			"Baphomets Fluch Trilogie",
			"Boucliers de Quetzalcoatl, Les - Les Chevaliers de Baphomet II (Disc 1)",
			"Boucliers de Quetzalcoatl, Les - Les Chevaliers de Baphomet II (Disc 2)",
			"Broken Sword - The Shadow of the Templars  (Disc 1)",
			"Broken Sword - The Shadow of the Templars  (Disc 2)",
			"Broken Sword - The Sleeping Dragon (Disc 1)",
			"Broken Sword - The Sleeping Dragon (Disc 2)",
			"Broken Sword I & II Double Pack",
			"Broken Sword II - La Profezia dei Maya (Disc 1)",
			"Broken Sword II - La Profezia dei Maya (Disc 2)",
			"Broken Sword II - The Smoking Mirror (Disc 1)",
			"Broken Sword II - The Smoking Mirror (Disc 2)",
			"Broken Sword II - The Smoking Mirror",
			"Broken Sword II - The Smoking Mirror"
		],
		"Bygg batar med Mulle Meck - Specialversion": [
			"Bygg Batar med Mulle Meck"
		],
		"Call of Duty 4 - Modern Warfare (Game of the Year Edition)": [
			"Call of Duty 4 - Modern Warfare"
		],
		"Capitalism Plus": [
			"Capitalism"
		],
		"Cities in Motion Collection": [
			"Cities in Motion"
		],
		"City of Heroes & City of Villains - Good Versus Evil Edition": [
			"City of Heroes (Disc 1)",
			"City of Heroes (Disc 2)"
		],
		"Comanche Gold": [
			"Comanche 3"
		],
		"Comic Party DCE": [
			"Comic Party (Disc 1)",
			"Comic Party (Disc 2)"
		],
		"Command & Conquer 3 - Tiberium Wars (Kane Edition)": [
			"Command & Conquer 3 - Tiberium Wars (Deluxe Edition)",
			"Command & Conquer 3 - Tiberium Wars"
		],
		"Commandos Complete (Side 1)": [
			"Commandos - Behind Enemy Lines",
			"Commandos - Beyond the Call of Duty",
			"Commandos - Dietro le Linee Nemiche",
			"Commandos - Hinter feindlichen Linien",
			"Commandos - Im Auftrag der Ehre",
			"Commandos - Strike Force",
			"Commandos 2 - Men of Courage (Disc 1)",
			"Commandos 2 - Men of Courage (Disc 2)",
			"Commandos 2 - Men of Courage (Disc 3)",
			"Commandos 3 - Destination Berlin (Disc 1)",
			"Commandos 3 - Destination Berlin (Disc 2)",
			"Commandos 3 - Destination Berlin (Disc 3)"
		],
		"Company of Heroes (Game of the Year)": [
			"Company of Heroes"
		],
		"Conquest of the New World (Deluxe Edition)": [
			"Conquest of the New World"
		],
		"Creatures Trilogy, The": [
			"Creatures - New Life in Your Hands",
			"Creatures - The Albian Years",
			"Creatures - Zhizn' na Al'bii",
			"Creatures Exodus",
			"Creatures"
		],
		"Cultures Gold": [
			"Cultures - Die Entdeckung Vinlands",
			"Cultures - Die Rache des Regengottes"
		],
		"Daryl F. Gates' Police Quest Collection - The 4 Most Wanted (Collection Series)": [
			"Daryl F. Gates Police Quest - Open Season"
		],
		"Daytona USA Deluxe Special Edition": [
			"Daytona USA Deluxe",
			"Daytona USA"
		],
		"Delta Force Xtreme": [
			"Delta Force - Xtreme",
			"Delta Force"
		],
		"Demon Gate Mega Collection": [
			"Demon Gate"
		],
		"Descent I and II - The Definitive Collection (Disc 1)": [
			"Bestseller Games Gold-Edition Ausgabe 8",
			"Descent - Anniversary Edition",
			"Descent - Levels of the World",
			"Descent II - The Vertigo Series",
			"Descent II",
			"Descent"
		],
		"Deus Ex Complete": [
			"Deus Ex (Game of the Year Edition)",
			"Deus Ex - Invisible War (Disc 1) (Game Disc)",
			"Deus Ex - Invisible War (Disc 1) (Installation Disc) (Rev 1)",
			"Deus Ex - Invisible War (Disc 1)",
			"Deus Ex - Invisible War (Disc 2) (Game Disc) (Rev 1)",
			"Deus Ex - Invisible War (Disc 2) (Installation Disc)",
			"Deus Ex - Invisible War (Disc 2)",
			"Deus Ex - Invisible War",
			"Deus Ex"
		],
		"Disciples II Gold (Disc 1)": [
			"Disciples II - Bunt Elfow (Disc 1)",
			"Disciples II - Bunt Elfow (Disc 2)",
			"Disciples II - Dark Prophecy (Disc 1)",
			"Disciples II - Dark Prophecy (Disc 2)",
			"Disciples II - Kanun Ragnareka (Disc 1)",
			"Disciples II - Kanun Ragnareka (Disc 2)"
		],
		"Dragon Age - Origins (Disc 1) (Ultimate Edition)": [
			"Dragon Age - Origins - Awakening",
			"Dragon Age - Origins"
		],
		"Dreamfall - The Longest Journey (Game of the Year Edition)": [
			"Dreamfall - The Longest Journey (Disc 1)",
			"Dreamfall - The Longest Journey (Disc 2)",
			"Dreamfall - The Longest Journey (Disc 3)",
			"Dreamfall - The Longest Journey (Disc 4)",
			"Dreamfall - The Longest Journey (Disc 5)",
			"Dreamfall - The Longest Journey (Disc 6)",
			"Dreamfall - The Longest Journey"
		],
		"Drop! Anniversary Edition": [
			"Drop!"
		],
		"Duke Nukem 3D - Kill-A-Ton Collection (Disc 1)": [
			"CD-Action 05-2002 (73) (Disc 2)",
			"Duke Nukem 3D (Disc 1)",
			"Duke Nukem 3D - Atomic Edition (Special Edition)",
			"Duke Nukem 3D - Atomic Edition",
			"Duke Nukem 3D - Plutonium Pak",
			"Duke Nukem 3D",
			"Duke Nukem II",
			"Duke Xtreme",
			"Duke!Zone II"
		],
		"Dungeon Keeper - Gold Edition": [
			"Dungeon Keeper - The Deeper Dungeons Mission Disk",
			"Dungeon Keeper - The Deeper Dungeons",
			"Dungeon Keeper Gold",
			"Dungeon Keeper"
		],
		"Dungeon Lords (Disc 1) (Collector's Edition)": [
			"Dungeon Lords (Disc 1)",
			"Dungeon Lords"
		],
		"Dungeon Lords (Disc 2) (Collector's Edition)": [
			"Dungeon Lords (Disc 2)"
		],
		"Dungeon Lords (Disc 3) (Collector's Edition)": [
			"Dungeon Lords (Disc 3)"
		],
		"Earthworm Jim - Special Edition": [
			"Bestseller Games Ausgabe 23 (Disc 1)",
			"Earthworm Jim"
		],
		"Elder Scrolls III, The - Morrowind - Game of the Year Edition": [
			"Elder Scrolls III, The - Bloodmoon",
			"Elder Scrolls III, The - Construction Set",
			"Elder Scrolls III, The - Morrowind (TES Construction Set)",
			"Elder Scrolls III, The - Morrowind",
			"Elder Scrolls III, The - Tribunal"
		],
		"Elder Scrolls IV, The - Oblivion - 5th Anniversary Edition (Disc 1)": [
			"Elder Scrolls IV, The - Knights of the Nine",
			"Elder Scrolls IV, The - Oblivion (Patch PL)",
			"Elder Scrolls IV, The - Oblivion (Premium Disc)",
			"Elder Scrolls IV, The - Oblivion - Game of the Year Edition (Disc 1)",
			"Elder Scrolls IV, The - Oblivion - Game of the Year Edition (Disc 2) (Shivering Isles-Knights of the Nine)",
			"Elder Scrolls IV, The - Oblivion",
			"Elder Scrolls IV, The - Shivering Isles"
		],
		"Elder Scrolls V, The - Skyrim - Legendary Edition": [
			"Elder Scrolls V, The - Skyrim"
		],
		"Emergency 4 - Global Fighters for Life - Gold Edition": [
			"Emergency 4 - Global Fighters for Life (Disc 1)",
			"Emergency 4 - Global Fighters for Life (Disc 2)"
		],
		"EverQuest - Gold Edition (Disc 1) (EverQuest Classic)": [
			"EverQuest Trilogy (Disc 1) (Special Edition)",
			"EverQuest Trilogy (Disc 1)",
			"EverQuest Trilogy (Disc 2) (Special Edition)",
			"EverQuest Trilogy (Disc 2)"
		],
		"EverQuest - Gold Edition (Disc 4) (EverQuest - Shadows of Luclin)": [
			"EverQuest - Shadows of Luclin (Disc 1)",
			"EverQuest - Shadows of Luclin (Disc 2)",
			"EverQuest - Shadows of Luclin (Disc 3)"
		],
		"EverQuest - Gold Edition (Disc 5) (EverQuest - Planes of Power)": [
			"EverQuest - Planes of Power (Disc 1)",
			"EverQuest - Planes of Power (Disc 2)"
		],
		"Fable - The Lost Chapters (Disc 1)": [
			"Fable"
		],
		"Fallout - New Vegas (Ultimate Edition)": [
			"Fallout - New Vegas"
		],
		"Fallout 3 (Disc 1) (Game of the Year Edition)": [
			"Fallout 3 - Game Add-On Pack - Broken Steel and Point Lookout",
			"Fallout 3 - Game Add-On Pack - The Pitt and Operation - Anchorage",
			"Fallout 3"
		],
		"Fallout Trilogy": [
			"Fallout (9A6EFB7C)",
			"Fallout 2",
			"Fallout Tactics - Brotherhood of Steel (Bonus Disc)",
			"Fallout Tactics - Brotherhood of Steel (Disc 1)",
			"Fallout Tactics - Brotherhood of Steel (Disc 2)",
			"Fallout Tactics - Brotherhood of Steel (Disc 3)",
			"Fallout"
		],
		"Fighter Duel - Special Edition": [
			"Fighter Duel"
		],
		"Fleet Defender Gold": [
			"Fleet Defender"
		],
		"Fly! (Disc 1) (Install Disc)": [
			"Fly! 2K (Disc 1)"
		],
		"Fly! (Disc 2) (Satellite Scenery)": [
			"Fly! 2K (Disc 2)"
		],
		"Fly! (Disc 3) (Sectional Charts)": [
			"Fly! 2K (Disc 3)"
		],
		"Flying Corps Gold": [
			"Flying Corps"
		],
		"FreeSpace 2 (Disc 1) (Sci-Fi Sim of the Year Edition)": [
			"CD-Action 07-2002 (75) (Disc 1)",
			"FreeSpace 2 (Disc 1)"
		],
		"FreeSpace 2 (Disc 2) (Sci-Fi Sim of the Year Edition)": [
			"FreeSpace 2 (Disc 2)"
		],
		"FreeSpace 2 (Disc 3) (Sci-Fi Sim of the Year Edition)": [
			"FreeSpace 2 (Disc 3)"
		],
		"Galactic Civilizations II - Gold Edition (Disc 1)": [
			"Galactic Civilizations II - Dread Lords (Disc 1)"
		],
		"Galactic Civilizations II - Gold Edition (Disc 2)": [
			"Galactic Civilizations II - Dread Lords (Disc 2)"
		],
		"Gothic Universe (Disc 1)": [
			"Gothic (Disc 1)",
			"Gothic (Disc 2)",
			"Gothic Universe (Gothic I & Online Handbuecher)"
		],
		"Gothic Universe (Disc 2)": [
			"Gothic II (Disc 1) (Play Disc)",
			"Gothic II (Disc 1)",
			"Gothic II (Disc 2)",
			"Gothic II (Disc 3)",
			"Gothic II (Installations CD 1)",
			"Gothic II (Installations CD 2)",
			"Gothic II (Spiel CD)",
			"Gothic II",
			"Gothic Universe (Gothic II Gold)"
		],
		"Gothic Universe (Disc 3)": [
			"Gothic 3 (Game of the Year Edition)",
			"Gothic 3",
			"Gothic Universe (Gothic III)"
		],
		"Half-Life 1 Anthology": [
			"Half-Life (Game of the Year Edition)",
			"Half-Life - Blue Shift",
			"Half-Life - Opposing Force",
			"Half-Life 1 Antologia",
			"Half-Life"
		],
		"Half-Life 2 (Collector's Edition)": [
			"Half-Life 2 (Disc 1) (Game of the Year Edition)",
			"Half-Life 2 (Disc 1)",
			"Half-Life 2 (Disc 2) (Game of the Year Edition)",
			"Half-Life 2 (Disc 2)",
			"Half-Life 2 (Disc 3) (Game of the Year Edition)",
			"Half-Life 2 (Disc 3)",
			"Half-Life 2 (Disc 4) (Game of the Year Edition)",
			"Half-Life 2 (Disc 4)",
			"Half-Life 2 (Disc 5) (Game of the Year Edition)",
			"Half-Life 2 (Disc 5)",
			"Half-Life 2 (Disc 6)",
			"Half-Life 2 (Edizione Gioco dell'Anno)",
			"Half-Life 2 (Game of the Year Edition)",
			"Half-Life 2 - Holiday 2006 Collection",
			"Half-Life 2"
		],
		"Half-Life 2 - Episode Pack": [
			"Half-Life 2 - Episode One"
		],
		"Hearts of Iron - Platinum": [
			"Hearts of Iron"
		],
		"Hello Kitty - Big Fun Deluxe": [
			"Hello Kitty - Big Fun Piano",
			"Hello Kitty - Big Fun Storymaking"
		],
		"Heroes of Might and Magic - Millennium Edition (Disc 1)": [
			"Geroi mecha i magii III - Vozrozhdenie Jerafii",
			"Heroes of Might and Magic - A Strategic Quest",
			"Heroes of Might and Magic - Millennium Edition (Disc 1)",
			"Heroes of Might and Magic - Millennium Edition (Disc 2)",
			"Heroes of Might and Magic - Millennium Edition (Disc 3)",
			"Heroes of Might and Magic Compendium (Disc 1)",
			"Heroes of Might and Magic II - The Price of Loyalty",
			"Heroes of Might and Magic II - The Succession Wars",
			"Heroes of Might and Magic III (Linux)",
			"Heroes of Might and Magic III - Armageddon's Blade",
			"Heroes of Might and Magic III - The Restoration of Erathia",
			"Heroes of Might and Magic III",
			"Heroes of Might and Magic"
		],
		"Heroes of Might and Magic IV Complete": [
			"Heroes of Might and Magic IV (Disc 1) (Install)",
			"Heroes of Might and Magic IV (Disc 1) (Installa)",
			"Heroes of Might and Magic IV (Disc 1)",
			"Heroes of Might and Magic IV (Disc 2) (Gioca)",
			"Heroes of Might and Magic IV (Disc 2) (Play)",
			"Heroes of Might and Magic IV (Disc 2)"
		],
		"Hidden & Dangerous Deluxe": [
			"Hidden & Dangerous - Devil's Bridge",
			"Hidden & Dangerous - Fight for Freedom",
			"Hidden & Dangerous"
		],
		"Hitman Collection": [
			"Hitman - Absolution (Disc 1)",
			"Hitman - Absolution (Disc 2)",
			"Hitman - Blood Money",
			"Hitman - Codename 47",
			"Hitman 2 - Silent Assassin"
		],
		"Holiday Island (Erweiterte Version)": [
			"Holiday Island"
		],
		"Icewind Dale - Enhanced Edition": [
			"Icewind Dale (Bonus Material)",
			"Icewind Dale (Disc 1)",
			"Icewind Dale (Disc 2)",
			"Icewind Dale - Heart of Winter",
			"Icewind Dale - Herz des Winters",
			"Icewind Dale"
		],
		"Ishar Trilogy": [
			"Ishar - Legend of the Fortress",
			"Ishar 2 - Messengers of Doom",
			"Ishar 3 - The Seven Gates of Infinity"
		],
		"Jack Orlando - A Cinematic Adventure - Director's Cut": [
			"Jack Orlando - A Cinematic Adventure"
		],
		"Jane's Combat Simulations - Fighters Anthology (Disc 1)": [
			"Jane's Combat Simulations - Advanced Tactical Fighters Gold",
			"Jane's Combat Simulations - Advanced Tactical Fighters",
			"Jane's Combat Simulations - USNF '97"
		],
		"Jane's Combat Simulations - Longbow Anthology (Disc 1)": [
			"Jane's Combat Simulations - AH-64D Longbow (Disc 1)",
			"Jane's Combat Simulations - AH-64D Longbow (Disc 2)",
			"Jane's Combat Simulations - AH-64D Longbow (Limited Edition)",
			"Jane's Combat Simulations - AH-64D Longbow - Flash Point Korea",
			"Jane's Combat Simulations - Longbow 2 (Disc 1)",
			"Jane's Combat Simulations - Longbow 2 (Disc 2)"
		],
		"Jewel Quest Collection": [
			"Jewel Quest",
			"Jewel Quest & Jewel Quest II",
			"Jewel Quest - Bundle",
			"Jewel Quest II"
		],
		"Joint Ops - Combined Arms Gold": [
			"Joint Operations - Escalation (Expansion Pack)",
			"Joint Operations - Typhoon Rising"
		],
		"Jungle Strike & Desert Strike": [
			"Jungle Strike - The Sequel to Desert Strike"
		],
		"KKND Xtreme": [
			"KKND - Krush, Kill 'N' Destroy"
		],
		"Knights and Merchants - The Shattered Kingdom & The Peasants Rebellion": [
			"Knights and Merchants - The Peasants Rebellion",
			"Knights and Merchants - The Shattered Kingdom"
		],
		"Kurka Wodna - Trylogia": [
			"Komputer Swiat Twoj Niezbednik 1-2003 (11)"
		],
		"Mad TV 1 + 2": [
			"Bestseller Games Ausgabe 25",
			"CD-ROM Play 4-95",
			"Mad TV 2"
		],
		"Magic Carpet Plus": [
			"Magic Carpet",
			"Magic Carpet - Hidden Worlds Data Disk",
			"Magic Carpet - The Hidden Worlds"
		],
		"One Unit Whole Blood": [
			"Blood (Disc 1) (Special Edition)",
			"Blood (Disc 1)",
			"Blood (Disc 2)",
			"Blood - Plasma Pak",
			"Cryptic Passage for Blood"
		],
		"Resident Evil 4 (Ultimate HD Edition)": [
			"Resident Evil 4"
		],
		"Resident Evil Origins Collection (Disc 1)": [
			"Biohazard (PowerVR OEM)",
			"Biohazard",
			"Resident Evil (PowerVR OEM)",
			"Resident Evil"
		],
		"SimCity Classic (Deluxe Edition)": [
			"Bestseller Games Ausgabe 14",
			"SimCity Classic"
		],
		"Unreal Anthology": [
			"Unreal (3Dfx OEM)",
			"Unreal Gold",
			"Unreal II - The Awakening (Disc 1) (Install Disc)",
			"Unreal II - The Awakening (Disc 1)",
			"Unreal II - The Awakening (Disc 2) (Play Disc)",
			"Unreal II - The Awakening (Disc 2)",
			"Unreal II - The Awakening (Disc 3) (Play Disc)",
			"Unreal II - The Awakening (Install Disc 1) (Special Edition)",
			"Unreal II - The Awakening (Install Disc 2) (Special Edition)",
			"Unreal II - The Awakening (Play Disc) (Special Edition)",
			"Unreal Mission Pack I - Return to Na Pali",
			"Unreal Tournament (Disc 1) (Game of the Year Edition)",
			"Unreal Tournament (Disc 1) (Game) (Game of the Year Edition)",
			"Unreal Tournament (Disc 1) (Game) (Rev 1)",
			"Unreal Tournament (Disc 2) (Extras) (Game of the Year Edition)",
			"Unreal Tournament (Disc 2) (Extras)",
			"Unreal Tournament (Disc 2) (Game of the Year Edition)",
			"Unreal Tournament (OEM)",
			"Unreal Tournament 2003 (Disc 1) (Play Disc) (Rerelease)",
			"Unreal Tournament 2003 (Disc 1)",
			"Unreal Tournament 2003 (Disc 2)",
			"Unreal Tournament 2003 (Disc 3)",
			"Unreal Tournament 2004 (Bonus Disc)",
			"Unreal Tournament 2004 (Disc 1) (Install Disc)",
			"Unreal Tournament 2004 (Disc 2) (Editor's Choice Edition)",
			"Unreal Tournament 2004 (Disc 2)",
			"Unreal Tournament 2004 (Disc 3) (Editor's Choice Edition)",
			"Unreal Tournament 2004 (Disc 3)",
			"Unreal Tournament 2004 (Disc 4) (Editor's Choice Edition)",
			"Unreal Tournament 2004 (Disc 4)",
			"Unreal Tournament 2004 (Disc 5) (Editor's Choice Edition)",
			"Unreal Tournament 2004 (Disc 5)",
			"Unreal Tournament 2004 (Disc 6) (Editor's Choice Edition)",
			"Unreal Tournament 2004 (Disc 7) (Editor's Choice Edition)",
			"Unreal Tournament 2004 (Editor's Choice and Mega Bonus Pack)",
			"Unreal Tournament 2004 (Install Disc) (Editor's Choice Edition)",
			"Unreal Tournament 2004 (Mod Installer Disc 1) (Editor's Choice Edition)",
			"Unreal Tournament 2004 (Mod Installer Disc 2) (Editor's Choice Edition)",
			"Unreal Tournament 2004 (Mod Installer Disc 3) (Editor's Choice Edition)",
			"Unreal Tournament 2004 (Play Disc) (DVD)",
			"Unreal Tournament 2004 (Play Disc) (Editor's Choice Edition) (DVD)",
			"Unreal Tournament 2004 (Play Disc)",
			"Unreal"
		]
	}
}