{
    "Nickelodeon SpongeBob SquarePants - Idea Sponge (USA) (Rev 1)": {
        "secondary_name": "",
        "group_name": "Nickelodeon SpongeBob SquarePants - Idea Sponge",
        "status": "Blue",
        "disc_type": "CD",
        "languages": "En",
        "version": "Rev 1",
        "edition": "Original"
    },
    "Amazing Spider-Man, The - Countdown to Doom (USA) (Rev 1)": {
        "secondary_name": "",
        "group_name": "Amazing Spider-Man, The - Countdown to Doom",
        "status": "Green",
        "disc_type": "CD",
        "languages": "En",
        "version": "Rev 1",
        "edition": "Original"
    },
    "Spider-Man - Angriff der Super-Schurken (Germany)": {
        "secondary_name": "",
        "group_name": "Spider-Man - Angriff der Super-Schurken",
        "status": "Blue",
        "disc_type": "CD",
        "languages": "",
        "version": "",
        "edition": "Original"
    },
    "Wacky Race on Jumpin' Bean Island (UK)": {
        "secondary_name": "",
        "group_name": "Wacky Race on Jumpin' Bean Island",
        "status": "Blue",
        "disc_type": "CD",
        "languages": "En",
        "version": "",
        "edition": "Original"
    },
    "Spider-Man Course-Poursuite a Manhattan (France)": {
        "secondary_name": "",
        "group_name": "Spider-Man Course-Poursuite a Manhattan",
        "status": "Blue",
        "disc_type": "CD",
        "languages": "",
        "version": "",
        "edition": "Original"
    },
    "Unglaublichen, Die (The Incredibles) - In unglaublicher Mission (Germany)": {
        "secondary_name": "",
        "group_name": "Unglaublichen, Die",
        "status": "Blue",
        "disc_type": "CD",
        "languages": "",
        "version": "",
        "edition": "Original"
    },
    "Bratz - Fashion Pixiez - The Secret Necklace (USA)": {
        "secondary_name": "",
        "group_name": "Bratz - Fashion Pixiez - The Secret Necklace",
        "status": "Green",
        "disc_type": "CD",
        "languages": "En",
        "version": "",
        "edition": "Original"
    },
    "Das verrueckte Rennen der Huepf-Bohnen Insel (Germany)": {
        "secondary_name": "",
        "group_name": "Das verrueckte Rennen der Huepf-Bohnen Insel",
        "status": "Blue",
        "disc_type": "CD",
        "languages": "",
        "version": "",
        "edition": "Original"
    },
    "Scooby-Doo - Viaje al Pasado (Spain)": {
        "secondary_name": "",
        "group_name": "Scooby-Doo - Viaje al Pasado",
        "status": "Blue",
        "disc_type": "CD",
        "languages": "Es",
        "version": "",
        "edition": "Original"
    },
    "Multisports (Germany)": {
        "secondary_name": "",
        "group_name": "Multisports",
        "status": "Green",
        "disc_type": "CD",
        "languages": "",
        "version": "",
        "edition": "Original"
    },
    "Cars - In the Fast Lane (USA) (Rev 1)": {
        "secondary_name": "",
        "group_name": "Cars - In the Fast Lane",
        "status": "Blue",
        "disc_type": "CD",
        "languages": "En",
        "version": "Rev 1",
        "edition": "Original"
    },
    "Wacky Race on Jumpin' Bean Island (USA) (Rev 3)": {
        "secondary_name": "",
        "group_name": "Wacky Race on Jumpin' Bean Island",
        "status": "Green",
        "disc_type": "CD",
        "languages": "En",
        "version": "Rev 3",
        "edition": "Original"
    },
    "Amazing Spider-Man, The - Countdown to Doom (USA) (Rev 2)": {
        "secondary_name": "",
        "group_name": "Amazing Spider-Man, The - Countdown to Doom",
        "status": "Blue",
        "disc_type": "CD",
        "languages": "En",
        "version": "Rev 2",
        "edition": "Original"
    },
    "Carrera Loca en la Isla de las Vainas Fritas (Spain) (Rev 1)": {
        "secondary_name": "",
        "group_name": "Carrera Loca en la Isla de las Vainas Fritas",
        "status": "Blue",
        "disc_type": "CD",
        "languages": "Es",
        "version": "Rev 1",
        "edition": "Original"
    },
    "Shrek the Third - The Search for Arthur (USA)": {
        "secondary_name": "",
        "group_name": "Shrek the Third - The Search for Arthur",
        "status": "Green",
        "disc_type": "CD",
        "languages": "En",
        "version": "",
        "edition": "Original"
    },
    "Cars - In the Fast Lane (USA)": {
        "secondary_name": "",
        "group_name": "Cars - In the Fast Lane",
        "status": "Green",
        "disc_type": "CD",
        "languages": "En",
        "version": "",
        "edition": "Original"
    },
    "Wacky Race on Jumpin' Bean Island (USA) (Rev 2)": {
        "secondary_name": "",
        "group_name": "Wacky Race on Jumpin' Bean Island",
        "status": "Green",
        "disc_type": "CD",
        "languages": "En",
        "version": "Rev 2",
        "edition": "Original"
    },
    "Cars - Auf der Ueberholspur (Germany)": {
        "secondary_name": "",
        "group_name": "Cars - Auf der Ueberholspur",
        "status": "Blue",
        "disc_type": "CD",
        "languages": "",
        "version": "",
        "edition": "Original"
    },
    "Cars - El Carril Rapido (Spain)": {
        "secondary_name": "",
        "group_name": "Cars - El Carril Rapido",
        "status": "Blue",
        "disc_type": "CD",
        "languages": "Es",
        "version": "",
        "edition": "Original"
    },
    "Disney Princess - The Crystal Ball Adventure (USA)": {
        "secondary_name": "",
        "group_name": "Disney Princess - The Crystal Ball Adventure",
        "status": "Blue",
        "disc_type": "CD",
        "languages": "En",
        "version": "",
        "edition": "Original"
    },
    "Asombroso Spider-Man, El - Persecucion en la Ciudad (Spain)": {
        "secondary_name": "",
        "group_name": "Asombroso Spider-Man, El - Persecucion en la Ciudad",
        "status": "Green",
        "disc_type": "CD",
        "languages": "",
        "version": "",
        "edition": "Original"
    },
    "Cars - In the Fast Lane (USA) (Rev 3)": {
        "secondary_name": "",
        "group_name": "Cars - In the Fast Lane",
        "status": "Blue",
        "disc_type": "CD",
        "languages": "En",
        "version": "Rev 3",
        "edition": "Original"
    },
    "Disney Princess - Das zauberhafte Maerchen-Abenteuer (Germany)": {
        "secondary_name": "",
        "group_name": "Disney Princess - Das zauberhafte Maerchen-Abenteuer",
        "status": "Blue",
        "disc_type": "CD",
        "languages": "",
        "version": "",
        "edition": "Original"
    },
    "Shrek der Dritte - Die Suche nach Arthus (Germany)": {
        "secondary_name": "",
        "group_name": "Shrek der Dritte - Die Suche nach Arthus",
        "status": "Blue",
        "disc_type": "CD",
        "languages": "",
        "version": "",
        "edition": "Original"
    },
    "Bratz - El Misterio del Collar (Spain)": {
        "secondary_name": "",
        "group_name": "Bratz - El Misterio del Collar",
        "status": "Blue",
        "disc_type": "CD",
        "languages": "Es",
        "version": "",
        "edition": "Original"
    },
    "Nickelodeon SpongeBob SquarePants - Idea Sponge (USA) (Rev 2)": {
        "secondary_name": "",
        "group_name": "Nickelodeon SpongeBob SquarePants - Idea Sponge",
        "status": "Green",
        "disc_type": "CD",
        "languages": "En",
        "version": "Rev 2",
        "edition": "Original"
    },
    "Incredibles, The - Mission Incredible (USA)": {
        "secondary_name": "",
        "group_name": "Incredibles, The - Mission Incredible",
        "status": "Blue",
        "disc_type": "CD",
        "languages": "En",
        "version": "",
        "edition": "Original"
    },
    "Disney Princess - The Crystal Ball Adventure (USA) (Alt 2)": {
        "secondary_name": "",
        "group_name": "Disney Princess - The Crystal Ball Adventure",
        "status": "Blue",
        "disc_type": "CD",
        "languages": "En",
        "version": "",
        "edition": "Original"
    },
    "Scooby-Doo! Ancient Adventure (USA)": {
        "secondary_name": "",
        "group_name": "Scooby-Doo! Ancient Adventure",
        "status": "Blue",
        "disc_type": "CD",
        "languages": "En",
        "version": "",
        "edition": "Original"
    },
    "Nick SpongeBob Schwammkopf - Ein Schwamm voller Ideen (Germany)": {
        "secondary_name": "",
        "group_name": "Nick SpongeBob Schwammkopf - Ein Schwamm voller Ideen",
        "status": "Blue",
        "disc_type": "CD",
        "languages": "",
        "version": "",
        "edition": "Original"
    },
    "Scooby-Doo! Ancient Adventure (USA) (Rev 1)": {
        "secondary_name": "",
        "group_name": "Scooby-Doo! Ancient Adventure",
        "status": "Green",
        "disc_type": "CD",
        "languages": "En",
        "version": "Rev 1",
        "edition": "Original"
    },
    "Shrek the Third - The Search for Arthur (UK)": {
        "secondary_name": "",
        "group_name": "Shrek the Third - The Search for Arthur",
        "status": "Blue",
        "disc_type": "CD",
        "languages": "En",
        "version": "",
        "edition": "Original"
    },
    "Disney Princess - The Crystal Ball Adventure (USA) (Alt)": {
        "secondary_name": "",
        "group_name": "Disney Princess - The Crystal Ball Adventure",
        "status": "Blue",
        "disc_type": "CD",
        "languages": "En",
        "version": "",
        "edition": "Original"
    },
    "Shrek Tercero - Donde Esta Arturo (Spain)": {
        "secondary_name": "",
        "group_name": "Shrek Tercero - Donde Esta Arturo",
        "status": "Blue",
        "disc_type": "CD",
        "languages": "Es",
        "version": "",
        "edition": "Original"
    },
    "Disney Princess - El Castillo de las Princesas (Spain)": {
        "secondary_name": "",
        "group_name": "Disney Princess - El Castillo de las Princesas",
        "status": "Blue",
        "disc_type": "CD",
        "languages": "Es",
        "version": "",
        "edition": "Original"
    },
    "Nickelodeon Bob Esponja - Mision Esponja (Spain)": {
        "secondary_name": "",
        "group_name": "Nickelodeon Bob Esponja - Mision Esponja",
        "status": "Blue",
        "disc_type": "CD",
        "languages": "Es",
        "version": "",
        "edition": "Original"
    },
    "Increibles, Los - Mision Increible (Spain)": {
        "secondary_name": "",
        "group_name": "Increibles, Los - Mision Increible",
        "status": "Green",
        "disc_type": "CD",
        "languages": "",
        "version": "",
        "edition": "Original"
    }
}