{
    "Postal (Europe) (Postal Manual)": {
        "secondary_name": "",
        "group_name": "Postal",
        "status": "Blue",
        "disc_type": "CD",
        "languages": "En",
        "version": "",
        "edition": "MacReplay"
    },
    "3DO Content Library, The (USA) (Disc 16) (Music & Sound Effects)": {
        "secondary_name": "",
        "group_name": "3DO Content Library, The",
        "status": "Blue",
        "disc_type": "CD",
        "languages": "En",
        "version": "1.0",
        "edition": "Original"
    },
    "Giants - Citizen Kabuto (USA) (Disc 2)": {
        "secondary_name": "",
        "group_name": "Giants - Citizen Kabuto",
        "status": "Blue",
        "disc_type": "CD",
        "languages": "",
        "version": "",
        "edition": "Original"
    },
    "Wacky Races (Japan)": {
        "secondary_name": "チキチキマシン猛レース",
        "group_name": "Wacky Races",
        "status": "Blue",
        "disc_type": "CD",
        "languages": "Ja",
        "version": "",
        "edition": "Original"
    },
    "Dungeon Master II - The Legend of Skullkeep (USA)": {
        "secondary_name": "",
        "group_name": "Dungeon Master II - The Legend of Skullkeep",
        "status": "Blue",
        "disc_type": "CD",
        "languages": "En",
        "version": "1.0",
        "edition": "Original"
    },
    "3DO Content Library, The (USA) (Disc 15) (Music & Sound Effects)": {
        "secondary_name": "",
        "group_name": "3DO Content Library, The",
        "status": "Blue",
        "disc_type": "CD",
        "languages": "En",
        "version": "1.0",
        "edition": "Original"
    },
    "3DO Content Library, The (USA) (Disc 9) (Music & Sound Effects)": {
        "secondary_name": "",
        "group_name": "3DO Content Library, The",
        "status": "Blue",
        "disc_type": "CD",
        "languages": "En",
        "version": "1.0",
        "edition": "Original"
    },
    "Al Unser Jr. Arcade Racing (USA)": {
        "secondary_name": "",
        "group_name": "Al Unser Jr. Arcade Racing",
        "status": "Blue",
        "disc_type": "CD",
        "languages": "",
        "version": "",
        "edition": "Original"
    },
    "A-10 Cuba! (USA)": {
        "secondary_name": "",
        "group_name": "A-10 Cuba!",
        "status": "Blue",
        "disc_type": "CD",
        "languages": "",
        "version": "",
        "edition": "Original"
    },
    "Rayman 3 - Hoodlum Havoc (USA) (En,Fr,De,Es,It)": {
        "secondary_name": "",
        "group_name": "Rayman 3 - Hoodlum Havoc",
        "status": "Blue",
        "disc_type": "DVD-5",
        "languages": "En, Fr, De, It, Es",
        "version": "1.0.3",
        "edition": "Original"
    },
    "Crystal Caliburn (USA)": {
        "secondary_name": "",
        "group_name": "Crystal Caliburn",
        "status": "Blue",
        "disc_type": "CD",
        "languages": "",
        "version": "",
        "edition": "Original"
    },
    "Quake (USA)": {
        "secondary_name": "",
        "group_name": "Quake",
        "status": "Blue",
        "disc_type": "CD",
        "languages": "En",
        "version": "",
        "edition": "Original"
    },
    "Total Annihilation (USA) (Disc 2) (Game Disc)": {
        "secondary_name": "",
        "group_name": "Total Annihilation",
        "status": "Blue",
        "disc_type": "CD",
        "languages": "En",
        "version": "3.1",
        "edition": "Total Annihilation: Gold Edition"
    },
    "Phantasmagoria (Europe) (Disc 3)": {
        "secondary_name": "Roberta Williams' Phantasmagoria: Pray It's Only a Nightmare",
        "group_name": "Phantasmagoria",
        "status": "Blue",
        "disc_type": "CD",
        "languages": "En",
        "version": "",
        "edition": "Original"
    },
    "LEGO Star Wars - The Video Game (USA)": {
        "secondary_name": "",
        "group_name": "LEGO Star Wars - The Video Game",
        "status": "Green",
        "disc_type": "DVD-5",
        "languages": "",
        "version": "1.0",
        "edition": "Original"
    },
    "3DO Content Library, The (USA) (Disc 18) (Music & Sound Effects)": {
        "secondary_name": "",
        "group_name": "3DO Content Library, The",
        "status": "Blue",
        "disc_type": "CD",
        "languages": "En",
        "version": "1.0",
        "edition": "Original"
    },
    "Rune (Japan)": {
        "secondary_name": "",
        "group_name": "Rune",
        "status": "Blue",
        "disc_type": "CD",
        "languages": "",
        "version": "",
        "edition": "Original"
    },
    "Sims 2, The - Open for Business (Expansion Pack) (Europe)": {
        "secondary_name": "",
        "group_name": "Sims 2, The - Open for Business",
        "status": "Blue",
        "disc_type": "DVD-5",
        "languages": "",
        "version": "",
        "edition": "Original"
    },
    "Sims 2, The - Seasons (Expansion Pack) (USA)": {
        "secondary_name": "",
        "group_name": "Sims 2, The - Seasons",
        "status": "Blue",
        "disc_type": "DVD-5",
        "languages": "En",
        "version": "",
        "edition": "Original"
    },
    "Alone in the Dark (France)": {
        "secondary_name": "",
        "group_name": "Alone in the Dark",
        "status": "Blue",
        "disc_type": "CD",
        "languages": "Fr",
        "version": "",
        "edition": "Original"
    },
    "3DO Content Library, The (USA) (Disc 38) (Music & Sound Effects)": {
        "secondary_name": "",
        "group_name": "3DO Content Library, The",
        "status": "Blue",
        "disc_type": "CD",
        "languages": "En",
        "version": "1.0",
        "edition": "Original"
    },
    "Star Wars - Rebel Assault (USA)": {
        "secondary_name": "",
        "group_name": "Star Wars - Rebel Assault",
        "status": "Blue",
        "disc_type": "CD",
        "languages": "",
        "version": "",
        "edition": "Original"
    },
    "Daedalus Encounter, The (UK) (Disc 1)": {
        "secondary_name": "",
        "group_name": "Daedalus Encounter, The",
        "status": "Blue",
        "disc_type": "CD",
        "languages": "En",
        "version": "",
        "edition": "Original"
    },
    "Dungeon Master II - The Legend of Skullkeep - The First Chapter (USA)": {
        "secondary_name": "",
        "group_name": "Dungeon Master II - The Legend of Skullkeep - The First Chapter",
        "status": "Blue",
        "disc_type": "CD",
        "languages": "En",
        "version": "",
        "edition": "MacPlay MVP Collection"
    },
    "3DO Content Library, The (USA) (Disc 21) (Music & Sound Effects)": {
        "secondary_name": "",
        "group_name": "3DO Content Library, The",
        "status": "Blue",
        "disc_type": "CD",
        "languages": "En",
        "version": "1.0",
        "edition": "Original"
    },
    "Sinkha (USA)": {
        "secondary_name": "",
        "group_name": "Sinkha",
        "status": "Blue",
        "disc_type": "CD",
        "languages": "",
        "version": "",
        "edition": "Original"
    },
    "MacAddict - The Disc 84 - August 2003 (USA)": {
        "secondary_name": "",
        "group_name": "MacAddict - The Disc 84 - August 2003",
        "status": "Blue",
        "disc_type": "CD",
        "languages": "En",
        "version": "",
        "edition": "Original"
    },
    "Theme Park (Japan)": {
        "secondary_name": "",
        "group_name": "Theme Park",
        "status": "Blue",
        "disc_type": "CD",
        "languages": "",
        "version": "",
        "edition": "Original"
    },
    "Star Wars - Jedi Knight - Jedi Academy (USA) (Disc 1)": {
        "secondary_name": "",
        "group_name": "Star Wars - Jedi Knight - Jedi Academy",
        "status": "Blue",
        "disc_type": "CD",
        "languages": "En",
        "version": "1.0.1",
        "edition": "Original"
    },
    "3DO Content Library, The (USA) (Disc 44) (Music & Sound Effects)": {
        "secondary_name": "",
        "group_name": "3DO Content Library, The",
        "status": "Blue",
        "disc_type": "CD",
        "languages": "En",
        "version": "",
        "edition": "Original"
    },
    "Phantasmagoria (Europe) (Disc 7)": {
        "secondary_name": "Roberta Williams' Phantasmagoria: Pray It's Only a Nightmare",
        "group_name": "Phantasmagoria",
        "status": "Blue",
        "disc_type": "CD",
        "languages": "En",
        "version": "",
        "edition": "Original"
    },
    "Racing Days R (Europe) (En,Fr,De)": {
        "secondary_name": "",
        "group_name": "Racing Days R",
        "status": "Blue",
        "disc_type": "CD",
        "languages": "En, Fr, De",
        "version": "1.0.4",
        "edition": "Original"
    },
    "Star Trek - Starfleet Academy (USA) (Disc 1)": {
        "secondary_name": "",
        "group_name": "Star Trek - Starfleet Academy",
        "status": "Blue",
        "disc_type": "CD",
        "languages": "",
        "version": "1.1",
        "edition": "Original"
    },
    "Leisure Suit Larry 6 - Shape Up or Slip Out! (USA)": {
        "secondary_name": "",
        "group_name": "Leisure Suit Larry 6 - Shape Up or Slip Out!",
        "status": "Blue",
        "disc_type": "CD",
        "languages": "En",
        "version": "",
        "edition": "Original"
    },
    "Carmageddon II - Carpocalypse Now (Europe)": {
        "secondary_name": "",
        "group_name": "Carmageddon II - Carpocalypse Now",
        "status": "Blue",
        "disc_type": "CD",
        "languages": "En",
        "version": "1.00",
        "edition": "Original"
    },
    "MacAddict - The Disc 79 - March 2003 (USA)": {
        "secondary_name": "",
        "group_name": "MacAddict - The Disc 79 - March 2003",
        "status": "Blue",
        "disc_type": "CD",
        "languages": "En",
        "version": "",
        "edition": "Original"
    },
    "SimTown - The Town You Build Yourself! (Japan)": {
        "secondary_name": "シムタウン",
        "group_name": "SimTown - The Town You Build Yourself!",
        "status": "Blue",
        "disc_type": "CD",
        "languages": "",
        "version": "",
        "edition": "Original"
    },
    "Medal of Honor - Allied Assault (USA) (Disc 2)": {
        "secondary_name": "",
        "group_name": "Medal of Honor - Allied Assault",
        "status": "Blue",
        "disc_type": "CD",
        "languages": "En",
        "version": "1.11",
        "edition": "Original"
    },
    "Unreal Tournament 2004 (USA)": {
        "secondary_name": "",
        "group_name": "Unreal Tournament 2004",
        "status": "Green",
        "disc_type": "DVD-5",
        "languages": "En",
        "version": "3186",
        "edition": "Original"
    },
    "Rise of Nations - Gold Edition (USA)": {
        "secondary_name": "",
        "group_name": "Rise of Nations - Gold Edition",
        "status": "Blue",
        "disc_type": "CD",
        "languages": "En",
        "version": "1.0",
        "edition": "Original"
    },
    "Medal of Honor - Allied Assault - Breakthrough (USA)": {
        "secondary_name": "",
        "group_name": "Medal of Honor - Allied Assault - Breakthrough",
        "status": "Blue",
        "disc_type": "CD",
        "languages": "En",
        "version": "2.40",
        "edition": "Original"
    },
    "Star Wars - Mac Pack (USA)": {
        "secondary_name": "",
        "group_name": "Star Wars - Mac Pack",
        "status": "Blue",
        "disc_type": "DVD-9",
        "languages": "",
        "version": "",
        "edition": "Original"
    },
    "SimCity 2000 - CD Collection (USA)": {
        "secondary_name": "",
        "group_name": "SimCity 2000 - CD Collection",
        "status": "Blue",
        "disc_type": "CD",
        "languages": "En",
        "version": "1.0",
        "edition": "Original"
    },
    "7th Guest, The (USA) (Disc 1)": {
        "secondary_name": "",
        "group_name": "7th Guest, The",
        "status": "Blue",
        "disc_type": "CD",
        "languages": "En",
        "version": "",
        "edition": "Original"
    },
    "Sims, The (USA)": {
        "secondary_name": "",
        "group_name": "Sims, The",
        "status": "Blue",
        "disc_type": "CD",
        "languages": "En",
        "version": "",
        "edition": ""
    },
    "11th Hour, The (USA) (Disc 3)": {
        "secondary_name": "",
        "group_name": "11th Hour, The",
        "status": "Blue",
        "disc_type": "CD",
        "languages": "En",
        "version": "",
        "edition": "Original"
    },
    "Tomb Raider - The Last Revelation (USA)": {
        "secondary_name": "",
        "group_name": "Tomb Raider - The Last Revelation",
        "status": "Green",
        "disc_type": "CD",
        "languages": "En",
        "version": "1.0",
        "edition": "Original, Evaluation Copy"
    },
    "Lara Croft Tomb Raider - Anniversary (USA)": {
        "secondary_name": "",
        "group_name": "Lara Croft Tomb Raider - Anniversary",
        "status": "Blue",
        "disc_type": "DVD-9",
        "languages": "",
        "version": "1.0",
        "edition": "Original"
    },
    "Learn to Play Chess with Fritz & Chesster 2 - Chess in the Black Castle (USA)": {
        "secondary_name": "",
        "group_name": "Learn to Play Chess with Fritz & Chesster 2 - Chess in the Black Castle",
        "status": "Blue",
        "disc_type": "CD",
        "languages": "En",
        "version": "",
        "edition": "Original"
    },
    "Call of Duty 4 - Modern Warfare (USA)": {
        "secondary_name": "",
        "group_name": "Call of Duty 4 - Modern Warfare",
        "status": "Blue",
        "disc_type": "DVD-9",
        "languages": "En",
        "version": "1.5",
        "edition": "Original"
    },
    "3DO Content Library, The (USA) (Disc 46) (Music & Sound Effects)": {
        "secondary_name": "",
        "group_name": "3DO Content Library, The",
        "status": "Blue",
        "disc_type": "CD",
        "languages": "En",
        "version": "",
        "edition": "Original"
    },
    "Star Wars - Rebel Assault (USA) (Rerelease)": {
        "secondary_name": "",
        "group_name": "Star Wars - Rebel Assault",
        "status": "Blue",
        "disc_type": "CD",
        "languages": "",
        "version": "1.06",
        "edition": "LucasArts Macintosh Archives Vol. I, The"
    },
    "Medal of Honor - Allied Assault (USA) (Disc 1)": {
        "secondary_name": "",
        "group_name": "Medal of Honor - Allied Assault",
        "status": "Blue",
        "disc_type": "CD",
        "languages": "En",
        "version": "1.11",
        "edition": "Original"
    },
    "Night Trap (USA) (Disc 1)": {
        "secondary_name": "",
        "group_name": "Night Trap",
        "status": "Blue",
        "disc_type": "CD",
        "languages": "En",
        "version": "",
        "edition": "Original"
    },
    "Command & Conquer (USA) (Disc 1)": {
        "secondary_name": "",
        "group_name": "Command & Conquer",
        "status": "Blue",
        "disc_type": "CD",
        "languages": "En",
        "version": "1.65",
        "edition": "Original"
    },
    "Crescent Satsujin Jiken - Hyena no Jijou (Japan)": {
        "secondary_name": "クレッセント殺人事件　探偵の事情",
        "group_name": "Crescent Satsujin Jiken - Hyena no Jijou",
        "status": "Blue",
        "disc_type": "CD",
        "languages": "Ja",
        "version": "",
        "edition": "Original"
    },
    "XXX Vol. 1 (Japan)": {
        "secondary_name": "",
        "group_name": "XXX Vol. 1",
        "status": "Blue",
        "disc_type": "CD",
        "languages": "Ja",
        "version": "",
        "edition": "Original"
    },
    "3DO Content Library, The (USA) (Disc 12) (Music & Sound Effects)": {
        "secondary_name": "",
        "group_name": "3DO Content Library, The",
        "status": "Blue",
        "disc_type": "CD",
        "languages": "En",
        "version": "1.0",
        "edition": "Original"
    },
    "Ultra 2000 Series for Mac Vol. 04 - Puyo Puyo for Macintosh (Japan)": {
        "secondary_name": "ウルトラ２０００シリーズ ｆｏｒ Ｍａｃ ― ４ ぷよぷよ ｆｏｒ Ｍａｃｉｎｔｏｓｈ",
        "group_name": "Ultra 2000 Series for Mac Vol. 04 - Puyo Puyo for Macintosh",
        "status": "Blue",
        "disc_type": "CD",
        "languages": "Ja",
        "version": "",
        "edition": "Original"
    },
    "MacAddict - The Disc 80 - April 2003 (USA)": {
        "secondary_name": "",
        "group_name": "MacAddict - The Disc 80 - April 2003",
        "status": "Blue",
        "disc_type": "CD",
        "languages": "En",
        "version": "",
        "edition": "Original"
    },
    "Alex-World (Japan) (Disc 1)": {
        "secondary_name": "",
        "group_name": "Alex-World",
        "status": "Blue",
        "disc_type": "CD",
        "languages": "Ja",
        "version": "",
        "edition": "Original"
    },
    "J. B. Harold - Blue Chicago Blues (Japan) (Disc 1)": {
        "secondary_name": "J. B. Harold　ブルー･シカゴ･ブルース",
        "group_name": "J. B. Harold - Blue Chicago Blues",
        "status": "Green",
        "disc_type": "CD",
        "languages": "Ja",
        "version": "",
        "edition": "Original"
    },
    "Rayman 3 - Hoodlum Havoc (USA) (En,Fr,De,Es,It) (Disc 1)": {
        "secondary_name": "",
        "group_name": "Rayman 3 - Hoodlum Havoc",
        "status": "Blue",
        "disc_type": "CD",
        "languages": "En, Fr, De, It, Es",
        "version": "1.0",
        "edition": "Original"
    },
    "Descent - Lunar Base 1 (USA)": {
        "secondary_name": "",
        "group_name": "Descent - Lunar Base 1",
        "status": "Blue",
        "disc_type": "CD",
        "languages": "En",
        "version": "",
        "edition": "MacPlay MVP Collection"
    },
    "X2 - Wolverine's Revenge (USA) (Disc 1)": {
        "secondary_name": "",
        "group_name": "X2 - Wolverine's Revenge",
        "status": "Blue",
        "disc_type": "CD",
        "languages": "En",
        "version": "1.0",
        "edition": "Original"
    },
    "Star Trek - Elite Force II (USA) (Disc 1)": {
        "secondary_name": "",
        "group_name": "Star Trek - Elite Force II",
        "status": "Blue",
        "disc_type": "CD",
        "languages": "",
        "version": "",
        "edition": "Original"
    },
    "id Anthology (USA) (Disc 4) (Mac)": {
        "secondary_name": "",
        "group_name": "id Anthology",
        "status": "Green",
        "disc_type": "CD",
        "languages": "En",
        "version": "",
        "edition": "Original"
    },
    "Frankenstein - Through the Eyes of the Monster - The Awakening (USA)": {
        "secondary_name": "",
        "group_name": "Frankenstein - Through the Eyes of the Monster - The Awakening",
        "status": "Blue",
        "disc_type": "CD",
        "languages": "En",
        "version": "",
        "edition": "MacPlay MVP Collection"
    },
    "3DO Content Library, The (USA) (Disc 42) (Music & Sound Effects)": {
        "secondary_name": "",
        "group_name": "3DO Content Library, The",
        "status": "Blue",
        "disc_type": "CD",
        "languages": "En",
        "version": "1.0",
        "edition": "Original"
    },
    "3DO Content Library, The (USA) (Disc 17) (Music & Sound Effects)": {
        "secondary_name": "",
        "group_name": "3DO Content Library, The",
        "status": "Blue",
        "disc_type": "CD",
        "languages": "En",
        "version": "1.0",
        "edition": "Original"
    },
    "Full Throttle (Europe)": {
        "secondary_name": "",
        "group_name": "Full Throttle",
        "status": "Blue",
        "disc_type": "CD",
        "languages": "",
        "version": "",
        "edition": "Original"
    },
    "Obsidian (Japan) (Disc 2)": {
        "secondary_name": "",
        "group_name": "Obsidian",
        "status": "Green",
        "disc_type": "CD",
        "languages": "",
        "version": "",
        "edition": "Original, Great Series"
    },
    "11th Hour, The (USA) (Disc 2)": {
        "secondary_name": "",
        "group_name": "11th Hour, The",
        "status": "Blue",
        "disc_type": "CD",
        "languages": "En",
        "version": "",
        "edition": "Original"
    },
    "3DO Content Library, The (USA) (Disc 48) (Music & Sound Effects)": {
        "secondary_name": "",
        "group_name": "3DO Content Library, The",
        "status": "Blue",
        "disc_type": "CD",
        "languages": "En",
        "version": "",
        "edition": "Original"
    },
    "Sid Meier's Civilization IV - Beyond the Sword (USA) (En,Fr,De)": {
        "secondary_name": "",
        "group_name": "Sid Meier's Civilization IV - Beyond the Sword",
        "status": "Blue",
        "disc_type": "DVD-5",
        "languages": "En, Fr, De",
        "version": "",
        "edition": "Original"
    },
    "Railroad Tycoon 3 (USA) (Disc 2) (Play)": {
        "secondary_name": "",
        "group_name": "Railroad Tycoon 3",
        "status": "Blue",
        "disc_type": "CD",
        "languages": "En",
        "version": "1.04",
        "edition": "Original"
    },
    "Need for Speed - Carbon (USA)": {
        "secondary_name": "",
        "group_name": "Need for Speed - Carbon",
        "status": "Blue",
        "disc_type": "DVD-9",
        "languages": "",
        "version": "",
        "edition": "Rerelease"
    },
    "World Book - 2004 Edition (USA)": {
        "secondary_name": "",
        "group_name": "World Book - 2004 Edition",
        "status": "Blue",
        "disc_type": "CD",
        "languages": "En",
        "version": "7.2",
        "edition": ""
    },
    "Star Wars - Rebel Assault (Europe)": {
        "secondary_name": "",
        "group_name": "Star Wars - Rebel Assault",
        "status": "Blue",
        "disc_type": "CD",
        "languages": "En",
        "version": "",
        "edition": "Original"
    },
    "Daisenryaku V DX (Japan)": {
        "secondary_name": "大戦略ⅤＤＸ",
        "group_name": "Daisenryaku V DX",
        "status": "Blue",
        "disc_type": "CD",
        "languages": "",
        "version": "1.00",
        "edition": "Original"
    },
    "Call of Duty 2 (Europe)": {
        "secondary_name": "",
        "group_name": "Call of Duty 2",
        "status": "Blue",
        "disc_type": "DVD-5",
        "languages": "En",
        "version": "1.0",
        "edition": "Original"
    },
    "Links Pro CD (USA)": {
        "secondary_name": "",
        "group_name": "Links Pro CD",
        "status": "Blue",
        "disc_type": "CD",
        "languages": "En",
        "version": "",
        "edition": "Original"
    },
    "Myst (Japan)": {
        "secondary_name": "",
        "group_name": "Myst",
        "status": "Blue",
        "disc_type": "CD",
        "languages": "",
        "version": "1.0J",
        "edition": "Original"
    },
    "Karma - Curse of the 12 Caves (France) (Covermount)": {
        "secondary_name": "",
        "group_name": "Karma - Curse of the 12 Caves",
        "status": "Green",
        "disc_type": "CD",
        "languages": "",
        "version": "1.0.3",
        "edition": "Covermount"
    },
    "3DO Content Library, The (USA) (Disc 1) (Music & Sound Effects)": {
        "secondary_name": "",
        "group_name": "3DO Content Library, The",
        "status": "Blue",
        "disc_type": "CD",
        "languages": "En",
        "version": "1.0",
        "edition": "Original"
    },
    "Links Championship Edition (USA) (Disc 4)": {
        "secondary_name": "",
        "group_name": "Links Championship Edition",
        "status": "Blue",
        "disc_type": "CD",
        "languages": "En",
        "version": "1.0.2",
        "edition": "Original"
    },
    "3DO Content Library, The (USA) (Disc 20) (Music & Sound Effects)": {
        "secondary_name": "",
        "group_name": "3DO Content Library, The",
        "status": "Blue",
        "disc_type": "CD",
        "languages": "En",
        "version": "1.0",
        "edition": "Original"
    },
    "Lost Eden (France)": {
        "secondary_name": "",
        "group_name": "Lost Eden",
        "status": "Blue",
        "disc_type": "CD",
        "languages": "Fr",
        "version": "",
        "edition": "Original"
    },
    "Daedalus Encounter, The - Episode 1 - Nanpasen no Alien (Japan) (Disc 2)": {
        "secondary_name": "デイドラス　～エピソード１：難破船のエイリアン～",
        "group_name": "Daedalus Encounter, The - Episode 1 - Nanpasen no Alien",
        "status": "Blue",
        "disc_type": "CD",
        "languages": "",
        "version": "",
        "edition": "Original"
    },
    "Total Annihilation (USA) (Disc 1) (Install Disc)": {
        "secondary_name": "",
        "group_name": "Total Annihilation",
        "status": "Blue",
        "disc_type": "CD",
        "languages": "En",
        "version": "3.1",
        "edition": "Total Annihilation: Gold Edition"
    },
    "Duke Nukem 3D - Atomic Edition (Europe)": {
        "secondary_name": "",
        "group_name": "Duke Nukem 3D - Atomic Edition",
        "status": "Blue",
        "disc_type": "CD",
        "languages": "En",
        "version": "1.0",
        "edition": "MacReplay"
    },
    "Kidou Senshi Gundam Illustration World Vol. 1 (Japan)": {
        "secondary_name": "機動戦士ガンダム・イラストレーション・ワールド I",
        "group_name": "Kidou Senshi Gundam Illustration World Vol. 1",
        "status": "Blue",
        "disc_type": "CD",
        "languages": "Ja",
        "version": "",
        "edition": "Original"
    },
    "Jazz Jackrabbit 2 (USA)": {
        "secondary_name": "",
        "group_name": "Jazz Jackrabbit 2",
        "status": "Blue",
        "disc_type": "CD",
        "languages": "En",
        "version": "",
        "edition": "Original"
    },
    "Meshitsukai 2 (Japan)": {
        "secondary_name": "召使い2",
        "group_name": "Meshitsukai 2",
        "status": "Green",
        "disc_type": "CD",
        "languages": "Ja",
        "version": "",
        "edition": ""
    },
    "Monty Python Sacre Graal (France)": {
        "secondary_name": "",
        "group_name": "Monty Python Sacre Graal",
        "status": "Blue",
        "disc_type": "CD",
        "languages": "Fr",
        "version": "",
        "edition": "Original"
    },
    "3DO Content Library, The (USA) (Disc 32) (Music & Sound Effects)": {
        "secondary_name": "",
        "group_name": "3DO Content Library, The",
        "status": "Blue",
        "disc_type": "CD",
        "languages": "En",
        "version": "1.0",
        "edition": "Original"
    },
    "Nick Jr. Dora the Explorer - Animal Adventures (USA)": {
        "secondary_name": "",
        "group_name": "Nick Jr. Dora the Explorer - Animal Adventures",
        "status": "Blue",
        "disc_type": "CD",
        "languages": "",
        "version": "",
        "edition": "Original"
    },
    "Eastern Mind - The Lost Souls of Tong Nou (USA)": {
        "secondary_name": "",
        "group_name": "Eastern Mind - The Lost Souls of Tong Nou",
        "status": "Blue",
        "disc_type": "CD",
        "languages": "En",
        "version": "",
        "edition": "Original"
    },
    "Pathways into Darkness (USA)": {
        "secondary_name": "",
        "group_name": "Pathways into Darkness",
        "status": "Blue",
        "disc_type": "CD",
        "languages": "En",
        "version": "2.0",
        "edition": "Original"
    },
    "Star Trek - Elite Force II (USA) (Disc 2)": {
        "secondary_name": "",
        "group_name": "Star Trek - Elite Force II",
        "status": "Blue",
        "disc_type": "CD",
        "languages": "",
        "version": "",
        "edition": "Original"
    },
    "3DO Content Library, The (USA) (Disc 40) (Music & Sound Effects)": {
        "secondary_name": "",
        "group_name": "3DO Content Library, The",
        "status": "Blue",
        "disc_type": "CD",
        "languages": "En",
        "version": "1.0",
        "edition": "Original"
    },
    "Klik & Play (France)": {
        "secondary_name": "",
        "group_name": "Klik & Play",
        "status": "Blue",
        "disc_type": "CD",
        "languages": "Fr",
        "version": "",
        "edition": "Original"
    },
    "Battlefield 1942 - Secret Weapons of WWII (Expansion Pack) (USA)": {
        "secondary_name": "",
        "group_name": "Battlefield 1942 - Secret Weapons of WWII",
        "status": "Blue",
        "disc_type": "CD",
        "languages": "En",
        "version": "1.6.1",
        "edition": "Original"
    },
    "Deus Ex (USA)": {
        "secondary_name": "",
        "group_name": "Deus Ex",
        "status": "Green",
        "disc_type": "CD",
        "languages": "En",
        "version": "1.002F",
        "edition": "Original"
    },
    "3DO Content Library, The (USA) (Disc 2) (Music & Sound Effects)": {
        "secondary_name": "",
        "group_name": "3DO Content Library, The",
        "status": "Blue",
        "disc_type": "CD",
        "languages": "En",
        "version": "1.0",
        "edition": "Original"
    },
    "Theme Park (Europe) (En,Fr,De,Es,It)": {
        "secondary_name": "",
        "group_name": "Theme Park",
        "status": "Blue",
        "disc_type": "CD",
        "languages": "En, Fr, De, It, Es",
        "version": "",
        "edition": "Original"
    },
    "Star Trek - The Next Generation - Klingon Honor Guard (USA) (Game Disk)": {
        "secondary_name": "",
        "group_name": "Star Trek - The Next Generation - Klingon Honor Guard",
        "status": "Blue",
        "disc_type": "CD",
        "languages": "",
        "version": "",
        "edition": "Original"
    },
    "Halo - Combat Evolved (USA)": {
        "secondary_name": "",
        "group_name": "Halo - Combat Evolved",
        "status": "Blue",
        "disc_type": "CD",
        "languages": "En",
        "version": "",
        "edition": "Original"
    },
    "Star Wars - The Force Unleashed (USA) (Disc 2) (Ultimate Sith Edition)": {
        "secondary_name": "",
        "group_name": "Star Wars - The Force Unleashed",
        "status": "Blue",
        "disc_type": "DVD-9",
        "languages": "",
        "version": "",
        "edition": "Ultimate Sith Edition"
    },
    "Doom II (USA, Europe)": {
        "secondary_name": "",
        "group_name": "Doom II",
        "status": "Green",
        "disc_type": "CD",
        "languages": "En",
        "version": "",
        "edition": "Original"
    },
    "Star Trek - The Next Generation - Klingon Honor Guard (USA) (Install Disk)": {
        "secondary_name": "",
        "group_name": "Star Trek - The Next Generation - Klingon Honor Guard",
        "status": "Blue",
        "disc_type": "CD",
        "languages": "",
        "version": "",
        "edition": "Original"
    },
    "Klik & Play (Japan)": {
        "secondary_name": "クリック　アンド　プレイ",
        "group_name": "Klik & Play",
        "status": "Blue",
        "disc_type": "CD",
        "languages": "Ja",
        "version": "1.0",
        "edition": "Original"
    },
    "Alone in the Dark 3 (France) (Covermount)": {
        "secondary_name": "",
        "group_name": "Alone in the Dark 3",
        "status": "Blue",
        "disc_type": "CD",
        "languages": "Fr",
        "version": "",
        "edition": "Covermount"
    },
    "Star Wars - Empire at War (USA)": {
        "secondary_name": "",
        "group_name": "Star Wars - Empire at War",
        "status": "Blue",
        "disc_type": "DVD-5",
        "languages": "",
        "version": "1.05",
        "edition": "Original"
    },
    "Phantasmagoria (Europe) (Disc 1)": {
        "secondary_name": "Roberta Williams' Phantasmagoria: Pray It's Only a Nightmare",
        "group_name": "Phantasmagoria",
        "status": "Blue",
        "disc_type": "CD",
        "languages": "En",
        "version": "",
        "edition": "Original"
    },
    "3DO Content Library, The (USA) (Disc 7) (Music & Sound Effects)": {
        "secondary_name": "",
        "group_name": "3DO Content Library, The",
        "status": "Blue",
        "disc_type": "CD",
        "languages": "En",
        "version": "1.0",
        "edition": "Original"
    },
    "Medal of Honor - Allied Assault - Spearhead (USA)": {
        "secondary_name": "",
        "group_name": "Medal of Honor - Allied Assault - Spearhead",
        "status": "Blue",
        "disc_type": "CD",
        "languages": "En",
        "version": "2.15",
        "edition": "Original"
    },
    "Youkai Ningen Bem - Aratanaru Tamashii no Meikyuu (Japan) (Disc 1) (Game)": {
        "secondary_name": "妖怪人間ベム　～新たなる魂の迷宮～",
        "group_name": "Youkai Ningen Bem - Aratanaru Tamashii no Meikyuu",
        "status": "Blue",
        "disc_type": "CD",
        "languages": "Ja",
        "version": "",
        "edition": "Original"
    },
    "Secret du Templier, Le (France) (Covermount)": {
        "secondary_name": "",
        "group_name": "Secret du Templier, Le",
        "status": "Blue",
        "disc_type": "CD",
        "languages": "Fr",
        "version": "1.0",
        "edition": "Covermount"
    },
    "3-D Ultra Pinball - Creep Night (France)": {
        "secondary_name": "",
        "group_name": "3-D Ultra Pinball - Creep Night",
        "status": "Blue",
        "disc_type": "CD",
        "languages": "Fr",
        "version": "",
        "edition": "Original"
    },
    "Unreal Tournament (USA)": {
        "secondary_name": "",
        "group_name": "Unreal Tournament",
        "status": "Blue",
        "disc_type": "CD",
        "languages": "En",
        "version": "",
        "edition": "Original"
    },
    "MacAddict - The Disc 81 - May 2003 (USA)": {
        "secondary_name": "",
        "group_name": "MacAddict - The Disc 81 - May 2003",
        "status": "Blue",
        "disc_type": "CD",
        "languages": "En",
        "version": "",
        "edition": "Original"
    },
    "3DO Content Library, The (USA) (Disc 50) (Music & Sound Effects)": {
        "secondary_name": "",
        "group_name": "3DO Content Library, The",
        "status": "Blue",
        "disc_type": "CD",
        "languages": "En",
        "version": "",
        "edition": "Original"
    },
    "Atlantis - Das sagenhafte Abenteuer (Germany) (Disc 1)": {
        "secondary_name": "",
        "group_name": "Atlantis - Das sagenhafte Abenteuer",
        "status": "Blue",
        "disc_type": "CD",
        "languages": "De",
        "version": "",
        "edition": "Original"
    },
    "Unreal (USA)": {
        "secondary_name": "",
        "group_name": "Unreal",
        "status": "Blue",
        "disc_type": "CD",
        "languages": "En",
        "version": "",
        "edition": "Original"
    },
    "3DO Content Library, The (USA) (Disc 49) (Music & Sound Effects)": {
        "secondary_name": "",
        "group_name": "3DO Content Library, The",
        "status": "Blue",
        "disc_type": "CD",
        "languages": "En",
        "version": "",
        "edition": "Original"
    },
    "Putt-Putt's Fun Pack (USA)": {
        "secondary_name": "",
        "group_name": "Putt-Putt's Fun Pack",
        "status": "Blue",
        "disc_type": "CD",
        "languages": "En",
        "version": "",
        "edition": "Original"
    },
    "Daedalus Encounter, The - Episode 1 - Nanpasen no Alien (Japan) (Disc 1)": {
        "secondary_name": "デイドラス　～エピソード１：難破船のエイリアン～",
        "group_name": "Daedalus Encounter, The - Episode 1 - Nanpasen no Alien",
        "status": "Blue",
        "disc_type": "CD",
        "languages": "",
        "version": "",
        "edition": "Original"
    },
    "Bandai Visual CD-ROM Previews for Macintosh Vol. 2 (Japan)": {
        "secondary_name": "バンダイビジュアルＣＤ－ＲＯＭかわら盤 Ｖｏｌ．２",
        "group_name": "Bandai Visual CD-ROM Previews for Macintosh Vol. 2",
        "status": "Blue",
        "disc_type": "CD",
        "languages": "Ja",
        "version": "",
        "edition": "Original"
    },
    "Dark Corona Pegasus (Europe)": {
        "secondary_name": "",
        "group_name": "Dark Corona Pegasus",
        "status": "Blue",
        "disc_type": "CD",
        "languages": "En",
        "version": "",
        "edition": "Original"
    },
    "3DO Content Library, The (USA) (Disc 6) (Music & Sound Effects)": {
        "secondary_name": "",
        "group_name": "3DO Content Library, The",
        "status": "Blue",
        "disc_type": "CD",
        "languages": "En",
        "version": "1.0",
        "edition": "Original"
    },
    "Descent (USA)": {
        "secondary_name": "",
        "group_name": "Descent",
        "status": "Blue",
        "disc_type": "CD",
        "languages": "En",
        "version": "",
        "edition": "Original"
    },
    "Star Wars - Rebel Assault (USA) (v1.01)": {
        "secondary_name": "",
        "group_name": "Star Wars - Rebel Assault",
        "status": "Green",
        "disc_type": "CD",
        "languages": "",
        "version": "1.01",
        "edition": "Original"
    },
    "Phantasmagoria (Europe) (Disc 4)": {
        "secondary_name": "Roberta Williams' Phantasmagoria: Pray It's Only a Nightmare",
        "group_name": "Phantasmagoria",
        "status": "Blue",
        "disc_type": "CD",
        "languages": "En",
        "version": "",
        "edition": "Original"
    },
    "MDK (Europe)": {
        "secondary_name": "",
        "group_name": "MDK",
        "status": "Blue",
        "disc_type": "CD",
        "languages": "En",
        "version": "1.0.1",
        "edition": "Bundle Version OEM"
    },
    "Centipede (USA)": {
        "secondary_name": "",
        "group_name": "Centipede",
        "status": "Blue",
        "disc_type": "CD",
        "languages": "En",
        "version": "",
        "edition": "Original"
    },
    "Quake III - Arena (Europe)": {
        "secondary_name": "",
        "group_name": "Quake III - Arena",
        "status": "Blue",
        "disc_type": "CD",
        "languages": "En",
        "version": "",
        "edition": "Original"
    },
    "3DO Content Library, The (USA) (Disc 28) (Music & Sound Effects)": {
        "secondary_name": "",
        "group_name": "3DO Content Library, The",
        "status": "Blue",
        "disc_type": "CD",
        "languages": "En",
        "version": "1.0",
        "edition": "Original"
    },
    "Residents, The - Gingerbread Man (Europe) (Expanded Album)": {
        "secondary_name": "",
        "group_name": "Residents, The - Gingerbread Man",
        "status": "Blue",
        "disc_type": "CD",
        "languages": "En",
        "version": "",
        "edition": "Expanded Album"
    },
    "Indiana Jones and the Fate of Atlantis (USA) (Rerelease)": {
        "secondary_name": "",
        "group_name": "Indiana Jones and the Fate of Atlantis",
        "status": "Blue",
        "disc_type": "CD",
        "languages": "",
        "version": "1.0",
        "edition": "LucasArts Macintosh Archives Vol. I, The"
    },
    "Prisoner of Ice (France) (En,Fr,De,Nl,Sv) (Covermount)": {
        "secondary_name": "",
        "group_name": "Prisoner of Ice",
        "status": "Blue",
        "disc_type": "CD",
        "languages": "Nl, En, Fr, De, Sv",
        "version": "",
        "edition": "Covermount"
    },
    "Links Championship Edition (USA) (Disc 1)": {
        "secondary_name": "",
        "group_name": "Links Championship Edition",
        "status": "Blue",
        "disc_type": "CD",
        "languages": "En",
        "version": "1.0.2",
        "edition": "Original"
    },
    "3DO Content Library, The (USA) (Disc 31) (Music & Sound Effects)": {
        "secondary_name": "",
        "group_name": "3DO Content Library, The",
        "status": "Blue",
        "disc_type": "CD",
        "languages": "En",
        "version": "1.0",
        "edition": "Original"
    },
    "Mario Teaches Typing (USA)": {
        "secondary_name": "",
        "group_name": "Mario Teaches Typing",
        "status": "Blue",
        "disc_type": "CD",
        "languages": "En",
        "version": "1.0",
        "edition": "Original"
    },
    "Yoot Tower (USA)": {
        "secondary_name": "",
        "group_name": "Yoot Tower",
        "status": "Blue",
        "disc_type": "CD",
        "languages": "En",
        "version": "",
        "edition": "Original"
    },
    "3DO Content Library, The (USA) (Disc 37) (Music & Sound Effects)": {
        "secondary_name": "",
        "group_name": "3DO Content Library, The",
        "status": "Blue",
        "disc_type": "CD",
        "languages": "En",
        "version": "1.0",
        "edition": "Original"
    },
    "Ginga Eiyuu Densetsu V (Japan)": {
        "secondary_name": "銀河英雄伝説Ｖ",
        "group_name": "Ginga Eiyuu Densetsu V",
        "status": "Blue",
        "disc_type": "CD",
        "languages": "",
        "version": "",
        "edition": "Ultra 2000 Series for Macintosh"
    },
    "3DO Content Library, The (USA) (Disc 47) (Music & Sound Effects)": {
        "secondary_name": "",
        "group_name": "3DO Content Library, The",
        "status": "Blue",
        "disc_type": "CD",
        "languages": "En",
        "version": "",
        "edition": "Original"
    },
    "Berlin im Untergrund - Eine Interaktive Zeitreise unter den Potsdamer Platz (Germany)": {
        "secondary_name": "",
        "group_name": "Berlin im Untergrund - Eine Interaktive Zeitreise unter den Potsdamer Platz",
        "status": "Blue",
        "disc_type": "CD",
        "languages": "De",
        "version": "",
        "edition": "Covermount"
    },
    "Star Wars - Rebel Assault II - The Hidden Empire (USA) (Disc 1)": {
        "secondary_name": "",
        "group_name": "Star Wars - Rebel Assault II - The Hidden Empire",
        "status": "Blue",
        "disc_type": "CD",
        "languages": "",
        "version": "1.0",
        "edition": "Original"
    },
    "Total Annihilation - The Core Contingency & Total Annihilation - Battle Tactics (USA)": {
        "secondary_name": "",
        "group_name": "Total Annihilation - The Core Contingency & Total Annihilation - Battle Tactics",
        "status": "Blue",
        "disc_type": "CD",
        "languages": "En",
        "version": "3.1",
        "edition": "Total Annihilation: Gold Edition"
    },
    "Myst (USA) (Rerelease)": {
        "secondary_name": "",
        "group_name": "Myst",
        "status": "Blue",
        "disc_type": "CD",
        "languages": "En",
        "version": "1.01",
        "edition": "Rerelease"
    },
    "Phantasmagoria (Europe) (Disc 5)": {
        "secondary_name": "Roberta Williams' Phantasmagoria: Pray It's Only a Nightmare",
        "group_name": "Phantasmagoria",
        "status": "Blue",
        "disc_type": "CD",
        "languages": "En",
        "version": "",
        "edition": "Original"
    },
    "Links LS 2000 (USA) (Disc 1)": {
        "secondary_name": "",
        "group_name": "Links LS 2000",
        "status": "Blue",
        "disc_type": "CD",
        "languages": "En",
        "version": "1.00",
        "edition": "Original"
    },
    "Tomb Raider - The Last Revelation (Europe)": {
        "secondary_name": "",
        "group_name": "Tomb Raider - The Last Revelation",
        "status": "Blue",
        "disc_type": "CD",
        "languages": "En",
        "version": "",
        "edition": "Original"
    },
    "Guignols de l'Info, Les... le Jeu! (France)": {
        "secondary_name": "",
        "group_name": "Guignols de l'Info, Les... le Jeu!",
        "status": "Blue",
        "disc_type": "CD",
        "languages": "Fr",
        "version": "",
        "edition": "Original"
    },
    "Lara Croft Tomb Raider - The Angel of Darkness (USA) (Disc 2)": {
        "secondary_name": "",
        "group_name": "Lara Croft Tomb Raider - The Angel of Darkness",
        "status": "Blue",
        "disc_type": "CD",
        "languages": "",
        "version": "1.0",
        "edition": "Original"
    },
    "Tomb Raider II - Starring Lara Croft (Canada)": {
        "secondary_name": "",
        "group_name": "Tomb Raider II - Starring Lara Croft",
        "status": "Blue",
        "disc_type": "CD",
        "languages": "",
        "version": "",
        "edition": "Original"
    },
    "Night Trap (USA) (Disc 2)": {
        "secondary_name": "",
        "group_name": "Night Trap",
        "status": "Blue",
        "disc_type": "CD",
        "languages": "En",
        "version": "",
        "edition": "Original"
    },
    "Zork Nemesis - The Forbidden Lands (France) (Disc 2)": {
        "secondary_name": "",
        "group_name": "Zork Nemesis - The Forbidden Lands",
        "status": "Blue",
        "disc_type": "CD",
        "languages": "En",
        "version": "",
        "edition": "Original"
    },
    "Giants - Citizen Kabuto (USA) (Disc 1)": {
        "secondary_name": "",
        "group_name": "Giants - Citizen Kabuto",
        "status": "Blue",
        "disc_type": "CD",
        "languages": "",
        "version": "",
        "edition": "Original"
    },
    "Fly! (Europe) (Disc 1)": {
        "secondary_name": "",
        "group_name": "Fly!",
        "status": "Blue",
        "disc_type": "CD",
        "languages": "En",
        "version": "1.01.76",
        "edition": "Original"
    },
    "Atlantis - Das sagenhafte Abenteuer (Germany) (Disc 4)": {
        "secondary_name": "",
        "group_name": "Atlantis - Das sagenhafte Abenteuer",
        "status": "Blue",
        "disc_type": "CD",
        "languages": "De",
        "version": "",
        "edition": "Original"
    },
    "3DO Content Library, The (USA) (Disc 43) (Music & Sound Effects)": {
        "secondary_name": "",
        "group_name": "3DO Content Library, The",
        "status": "Blue",
        "disc_type": "CD",
        "languages": "En",
        "version": "",
        "edition": "Original"
    },
    "Dig, The (UK)": {
        "secondary_name": "",
        "group_name": "Dig, The",
        "status": "Blue",
        "disc_type": "CD",
        "languages": "En",
        "version": "",
        "edition": "Original"
    },
    "Alone in the Dark 2 (France) (Covermount)": {
        "secondary_name": "",
        "group_name": "Alone in the Dark 2",
        "status": "Blue",
        "disc_type": "CD",
        "languages": "Fr",
        "version": "",
        "edition": "Covermount"
    },
    "Chu-Teng (Japan)": {
        "secondary_name": "中天",
        "group_name": "Chu-Teng",
        "status": "Blue",
        "disc_type": "CD",
        "languages": "Ja",
        "version": "",
        "edition": "Original"
    },
    "3DO Content Library, The (USA) (Disc 45) (Music & Sound Effects)": {
        "secondary_name": "",
        "group_name": "3DO Content Library, The",
        "status": "Blue",
        "disc_type": "CD",
        "languages": "En",
        "version": "",
        "edition": "Original"
    },
    "Star Wars - X-Wing - Collector's CD-ROM (USA)": {
        "secondary_name": "",
        "group_name": "Star Wars - X-Wing - Collector's CD-ROM",
        "status": "Blue",
        "disc_type": "CD",
        "languages": "",
        "version": "1.01",
        "edition": "Original"
    },
    "Puyo Puyo Fever (Japan)": {
        "secondary_name": "ぷよぷよフィーバー",
        "group_name": "Puyo Puyo Fever",
        "status": "Blue",
        "disc_type": "CD",
        "languages": "Ja",
        "version": "1.0.0",
        "edition": "Original"
    },
    "Age of Empires II - Gold Edition (USA)": {
        "secondary_name": "",
        "group_name": "Age of Empires II - Gold Edition",
        "status": "Blue",
        "disc_type": "CD",
        "languages": "En",
        "version": "",
        "edition": "Original"
    },
    "Tomb Raider - Underworld (USA)": {
        "secondary_name": "",
        "group_name": "Tomb Raider - Underworld",
        "status": "Blue",
        "disc_type": "DVD-9",
        "languages": "",
        "version": "1.0",
        "edition": "Original"
    },
    "Mario Teaches Typing (USA) (Rev 1)": {
        "secondary_name": "",
        "group_name": "Mario Teaches Typing",
        "status": "Blue",
        "disc_type": "CD",
        "languages": "En",
        "version": "1.0",
        "edition": "Original"
    },
    "Links LS 2000 (USA) (Disc 2)": {
        "secondary_name": "",
        "group_name": "Links LS 2000",
        "status": "Blue",
        "disc_type": "CD",
        "languages": "En",
        "version": "1.00",
        "edition": "Original"
    },
    "Rayman 3 - Hoodlum Havoc (USA, Europe) (En,Fr,De,Es,It) (Disc 2)": {
        "secondary_name": "",
        "group_name": "Rayman 3 - Hoodlum Havoc",
        "status": "Green",
        "disc_type": "CD",
        "languages": "En, Fr, De, It, Es",
        "version": "1.0",
        "edition": "Original"
    },
    "Links Championship Edition (USA) (Disc 2)": {
        "secondary_name": "",
        "group_name": "Links Championship Edition",
        "status": "Blue",
        "disc_type": "CD",
        "languages": "En",
        "version": "1.0.2",
        "edition": "Original"
    },
    "Unreal Tournament (Europe)": {
        "secondary_name": "",
        "group_name": "Unreal Tournament",
        "status": "Blue",
        "disc_type": "CD",
        "languages": "En",
        "version": "400",
        "edition": "Original"
    },
    "Star Wars - Knights of the Old Republic (USA)": {
        "secondary_name": "",
        "group_name": "Star Wars - Knights of the Old Republic",
        "status": "Blue",
        "disc_type": "DVD-5",
        "languages": "",
        "version": "1.03",
        "edition": "Original"
    },
    "3DO Content Library, The (USA) (Disc 30) (Music & Sound Effects)": {
        "secondary_name": "",
        "group_name": "3DO Content Library, The",
        "status": "Blue",
        "disc_type": "CD",
        "languages": "En",
        "version": "1.0",
        "edition": "Original"
    },
    "Sid Meier's Civilization II (USA)": {
        "secondary_name": "",
        "group_name": "Sid Meier's Civilization II",
        "status": "Blue",
        "disc_type": "CD",
        "languages": "En",
        "version": "1.0",
        "edition": "Original"
    },
    "Abuse for Macintosh (USA)": {
        "secondary_name": "",
        "group_name": "Abuse for Macintosh",
        "status": "Blue",
        "disc_type": "CD",
        "languages": "En",
        "version": "",
        "edition": "Original"
    },
    "SimPeople (Japan) (Rerelease)": {
        "secondary_name": "",
        "group_name": "SimPeople",
        "status": "Blue",
        "disc_type": "CD",
        "languages": "",
        "version": "",
        "edition": "EA Best Selections"
    },
    "LEGO Star Wars II - The Original Trilogy (USA, Europe)": {
        "secondary_name": "",
        "group_name": "LEGO Star Wars II - The Original Trilogy",
        "status": "Green",
        "disc_type": "DVD-9",
        "languages": "",
        "version": "",
        "edition": "Original"
    },
    "Monty Python's Complete Waste of Time (USA)": {
        "secondary_name": "",
        "group_name": "Monty Python's Complete Waste of Time",
        "status": "Blue",
        "disc_type": "CD",
        "languages": "En",
        "version": "",
        "edition": "Original"
    },
    "Daedalus Encounter, The (UK) (Disc 2)": {
        "secondary_name": "",
        "group_name": "Daedalus Encounter, The",
        "status": "Blue",
        "disc_type": "CD",
        "languages": "En",
        "version": "",
        "edition": "Original"
    },
    "Fly! (Europe) (Disc 3)": {
        "secondary_name": "",
        "group_name": "Fly!",
        "status": "Blue",
        "disc_type": "CD",
        "languages": "En",
        "version": "1.01.76",
        "edition": "Original"
    },
    "Virtual Variety Show (Japan)": {
        "secondary_name": "バーチャルバラエティ ショー",
        "group_name": "Virtual Variety Show",
        "status": "Blue",
        "disc_type": "CD",
        "languages": "Ja",
        "version": "1.0",
        "edition": "Original"
    },
    "Caesar II (Europe)": {
        "secondary_name": "",
        "group_name": "Caesar II",
        "status": "Blue",
        "disc_type": "CD",
        "languages": "En",
        "version": "1.0",
        "edition": "Original"
    },
    "MacAddict - The Disc 85 - September 2003 (USA)": {
        "secondary_name": "",
        "group_name": "MacAddict - The Disc 85 - September 2003",
        "status": "Blue",
        "disc_type": "CD",
        "languages": "En",
        "version": "",
        "edition": ""
    },
    "Marathon (USA) (Rerelease)": {
        "secondary_name": "",
        "group_name": "Marathon",
        "status": "Blue",
        "disc_type": "CD",
        "languages": "En",
        "version": "1.2",
        "edition": "Rerelease"
    },
    "3DO Content Library, The (USA) (Disc 8) (Music & Sound Effects)": {
        "secondary_name": "",
        "group_name": "3DO Content Library, The",
        "status": "Blue",
        "disc_type": "CD",
        "languages": "En",
        "version": "1.0",
        "edition": "Original"
    },
    "Youkai Ningen Bem - Aratanaru Tamashii no Meikyuu (Japan) (Disc 2) (Data Base)": {
        "secondary_name": "妖怪人間ベム　～新たなる魂の迷宮～",
        "group_name": "Youkai Ningen Bem - Aratanaru Tamashii no Meikyuu",
        "status": "Blue",
        "disc_type": "CD",
        "languages": "Ja",
        "version": "",
        "edition": "Original"
    },
    "Ultimate Doom, The (USA)": {
        "secondary_name": "",
        "group_name": "Ultimate Doom, The",
        "status": "Blue",
        "disc_type": "CD",
        "languages": "En",
        "version": "",
        "edition": "Original"
    },
    "Phantasmagoria (Europe) (Disc 2)": {
        "secondary_name": "Roberta Williams' Phantasmagoria: Pray It's Only a Nightmare",
        "group_name": "Phantasmagoria",
        "status": "Blue",
        "disc_type": "CD",
        "languages": "En",
        "version": "",
        "edition": "Original"
    },
    "3DO Content Library, The (USA) (Disc 41) (Music & Sound Effects)": {
        "secondary_name": "",
        "group_name": "3DO Content Library, The",
        "status": "Blue",
        "disc_type": "CD",
        "languages": "En",
        "version": "1.0",
        "edition": "Original"
    },
    "Sims, The - Vacation (Expansion Pack) (USA)": {
        "secondary_name": "",
        "group_name": "Sims, The - Vacation",
        "status": "Blue",
        "disc_type": "CD",
        "languages": "En",
        "version": "",
        "edition": "Original"
    },
    "Star Fighter (USA)": {
        "secondary_name": "",
        "group_name": "Star Fighter",
        "status": "Blue",
        "disc_type": "CD",
        "languages": "En",
        "version": "",
        "edition": ""
    },
    "Star Wars - Dark Forces (USA) (Special Edition - 3 Playable Levels)": {
        "secondary_name": "",
        "group_name": "Star Wars - Dark Forces",
        "status": "Blue",
        "disc_type": "CD",
        "languages": "En",
        "version": "1.2",
        "edition": "LucasArts Macintosh Archives Vol. I, The"
    },
    "Myst (Europe) (Rerelease)": {
        "secondary_name": "",
        "group_name": "Myst",
        "status": "Blue",
        "disc_type": "CD",
        "languages": "En",
        "version": "1.01",
        "edition": "Rerelease"
    },
    "Bandai Visual CD-ROM Previews for Macintosh Vol. 3 (Japan)": {
        "secondary_name": "バンダイビジュアルＣＤ－ＲＯＭかわら盤 Ｖｏｌ．３",
        "group_name": "Bandai Visual CD-ROM Previews for Macintosh Vol. 3",
        "status": "Blue",
        "disc_type": "CD",
        "languages": "",
        "version": "",
        "edition": "Original"
    },
    "StarCraft - Brood War (Expansion Set) (Europe)": {
        "secondary_name": "",
        "group_name": "StarCraft - Brood War",
        "status": "Blue",
        "disc_type": "CD",
        "languages": "En",
        "version": "1.05",
        "edition": "Original"
    },
    "Aquazone Compact (Japan)": {
        "secondary_name": "",
        "group_name": "Aquazone Compact",
        "status": "Blue",
        "disc_type": "CD",
        "languages": "",
        "version": "1.5",
        "edition": "Original"
    },
    "3DO Content Library, The (USA) (Disc 26) (Music & Sound Effects)": {
        "secondary_name": "",
        "group_name": "3DO Content Library, The",
        "status": "Blue",
        "disc_type": "CD",
        "languages": "En",
        "version": "1.0",
        "edition": "Original"
    },
    "Worms 3D (USA)": {
        "secondary_name": "",
        "group_name": "Worms 3D",
        "status": "Blue",
        "disc_type": "DVD-5",
        "languages": "",
        "version": "",
        "edition": "Original"
    },
    "Atlantis - Das sagenhafte Abenteuer (Germany) (Disc 3)": {
        "secondary_name": "",
        "group_name": "Atlantis - Das sagenhafte Abenteuer",
        "status": "Blue",
        "disc_type": "CD",
        "languages": "De",
        "version": "",
        "edition": "Original"
    },
    "Star Wars - Episode I - Racer (Germany) (En,De)": {
        "secondary_name": "",
        "group_name": "Star Wars - Episode I - Racer",
        "status": "Blue",
        "disc_type": "CD",
        "languages": "En, De",
        "version": "1.0",
        "edition": "Original"
    },
    "Oceans Below (Japan)": {
        "secondary_name": "オーシャンズ・ビロウ",
        "group_name": "Oceans Below",
        "status": "Blue",
        "disc_type": "CD",
        "languages": "",
        "version": "",
        "edition": "Original"
    },
    "Zork Nemesis - The Forbidden Lands (France) (Disc 3)": {
        "secondary_name": "",
        "group_name": "Zork Nemesis - The Forbidden Lands",
        "status": "Blue",
        "disc_type": "CD",
        "languages": "En",
        "version": "",
        "edition": "Original"
    },
    "Tomb Raider II - Starring Lara Croft (USA)": {
        "secondary_name": "",
        "group_name": "Tomb Raider II - Starring Lara Croft",
        "status": "Green",
        "disc_type": "CD",
        "languages": "En",
        "version": "",
        "edition": "Original"
    },
    "11th Hour, The (USA) (Disc 4)": {
        "secondary_name": "",
        "group_name": "11th Hour, The",
        "status": "Blue",
        "disc_type": "CD",
        "languages": "En",
        "version": "",
        "edition": "Original"
    },
    "Links LS (USA) (Disc 1)": {
        "secondary_name": "",
        "group_name": "Links LS",
        "status": "Blue",
        "disc_type": "CD",
        "languages": "En",
        "version": "1.10",
        "edition": "Original"
    },
    "Obsidian (Japan) (Disc 4)": {
        "secondary_name": "",
        "group_name": "Obsidian",
        "status": "Green",
        "disc_type": "CD",
        "languages": "",
        "version": "",
        "edition": "Original, Great Series"
    },
    "Obsidian (Japan) (Disc 1)": {
        "secondary_name": "",
        "group_name": "Obsidian",
        "status": "Green",
        "disc_type": "CD",
        "languages": "",
        "version": "",
        "edition": "Original, Great Series"
    },
    "Crescent Satsujin Jiken - Reporter Saotome Kyouko (Japan)": {
        "secondary_name": "クレッセント殺人事件　レポーター早乙女京子",
        "group_name": "Crescent Satsujin Jiken - Reporter Saotome Kyouko",
        "status": "Blue",
        "disc_type": "CD",
        "languages": "Ja",
        "version": "",
        "edition": "Original"
    },
    "Terry Pratchett's Discworld (UK)": {
        "secondary_name": "",
        "group_name": "Terry Pratchett's Discworld",
        "status": "Blue",
        "disc_type": "CD",
        "languages": "En",
        "version": "",
        "edition": "Original"
    },
    "3DO Content Library, The (USA) (Disc 22) (Music & Sound Effects)": {
        "secondary_name": "",
        "group_name": "3DO Content Library, The",
        "status": "Blue",
        "disc_type": "CD",
        "languages": "En",
        "version": "1.0",
        "edition": "Original"
    },
    "Indiana Jones and the Fate of Atlantis (USA)": {
        "secondary_name": "",
        "group_name": "Indiana Jones and the Fate of Atlantis",
        "status": "Green",
        "disc_type": "CD",
        "languages": "En",
        "version": "",
        "edition": "Original"
    },
    "Rayman 3 - Hoodlum Havoc (Europe) (En,Fr,De,Es,It) (Disc 1)": {
        "secondary_name": "",
        "group_name": "Rayman 3 - Hoodlum Havoc",
        "status": "Blue",
        "disc_type": "CD",
        "languages": "En, Fr, De, It, Es",
        "version": "1.0",
        "edition": "Original"
    },
    "SimCity 2000 Special Edition (USA)": {
        "secondary_name": "",
        "group_name": "SimCity 2000 Special Edition",
        "status": "Blue",
        "disc_type": "CD",
        "languages": "En",
        "version": "1.0",
        "edition": "Original"
    },
    "Gadget - Invention, Travel, & Adventure (Japan)": {
        "secondary_name": "",
        "group_name": "Gadget - Invention, Travel, & Adventure",
        "status": "Green",
        "disc_type": "CD",
        "languages": "",
        "version": "",
        "edition": "Original"
    },
    "3DO Content Library, The (USA) (Disc 10) (Music & Sound Effects)": {
        "secondary_name": "",
        "group_name": "3DO Content Library, The",
        "status": "Blue",
        "disc_type": "CD",
        "languages": "En",
        "version": "1.0",
        "edition": "Original"
    },
    "MacAttack (Europe)": {
        "secondary_name": "",
        "group_name": "MacAttack",
        "status": "Blue",
        "disc_type": "CD",
        "languages": "En",
        "version": "1.99",
        "edition": "Original"
    },
    "Zork Nemesis (Japan) (Disc I)": {
        "secondary_name": "ゾーク・ネメシス",
        "group_name": "Zork Nemesis",
        "status": "Blue",
        "disc_type": "CD",
        "languages": "",
        "version": "",
        "edition": "Original"
    },
    "3DO Content Library, The (USA) (Disc 11) (Music & Sound Effects)": {
        "secondary_name": "",
        "group_name": "3DO Content Library, The",
        "status": "Blue",
        "disc_type": "CD",
        "languages": "En",
        "version": "1.0",
        "edition": "Original"
    },
    "Rayman 3 - Hoodlum Havoc (USA) (En,Fr,De,Es,It) (Disc 3)": {
        "secondary_name": "",
        "group_name": "Rayman 3 - Hoodlum Havoc",
        "status": "Blue",
        "disc_type": "CD",
        "languages": "En, Fr, De, It, Es",
        "version": "1.0",
        "edition": "Original"
    },
    "Daedalus Encounter, The - Episode 1 - Nanpasen no Alien (Japan) (Disc 3)": {
        "secondary_name": "デイドラス　～エピソード１：難破船のエイリアン～",
        "group_name": "Daedalus Encounter, The - Episode 1 - Nanpasen no Alien",
        "status": "Blue",
        "disc_type": "CD",
        "languages": "",
        "version": "",
        "edition": "Original"
    },
    "Star Wars - Dark Forces (Europe)": {
        "secondary_name": "",
        "group_name": "Star Wars - Dark Forces",
        "status": "Blue",
        "disc_type": "CD",
        "languages": "En",
        "version": "1.00",
        "edition": "Original"
    },
    "Myst (USA)": {
        "secondary_name": "",
        "group_name": "Myst",
        "status": "Blue",
        "disc_type": "CD",
        "languages": "En",
        "version": "",
        "edition": "Original"
    },
    "Residents, The - Freak Show (USA)": {
        "secondary_name": "",
        "group_name": "Residents, The - Freak Show",
        "status": "Blue",
        "disc_type": "CD",
        "languages": "En",
        "version": "",
        "edition": "Original"
    },
    "MacWorld - 20th Anniversary - February 2004 (USA)": {
        "secondary_name": "",
        "group_name": "MacWorld - 20th Anniversary - February 2004",
        "status": "Blue",
        "disc_type": "CD",
        "languages": "En",
        "version": "",
        "edition": "Original"
    },
    "Transmigration (Japan) (Disc 2) (Transcript)": {
        "secondary_name": "「Transcript」 佐藤理",
        "group_name": "Transmigration",
        "status": "Blue",
        "disc_type": "CD",
        "languages": "Ja",
        "version": "",
        "edition": "Limited Edition"
    },
    "Shadow Warrior (USA, Europe)": {
        "secondary_name": "Lo Wang is Shadow Warrior",
        "group_name": "Shadow Warrior",
        "status": "Green",
        "disc_type": "CD",
        "languages": "En",
        "version": "1.0",
        "edition": "Original"
    },
    "Crescent Satsujin Jiken - Tozasareta Nikki (Japan)": {
        "secondary_name": "クレッセント殺人事件　閉ざされた日記",
        "group_name": "Crescent Satsujin Jiken - Tozasareta Nikki",
        "status": "Blue",
        "disc_type": "CD",
        "languages": "Ja",
        "version": "",
        "edition": "Original"
    },
    "Freedom Force (USA)": {
        "secondary_name": "",
        "group_name": "Freedom Force",
        "status": "Blue",
        "disc_type": "CD",
        "languages": "En",
        "version": "",
        "edition": "Original"
    },
    "StarCraft (Europe)": {
        "secondary_name": "",
        "group_name": "StarCraft",
        "status": "Blue",
        "disc_type": "CD",
        "languages": "En",
        "version": "1.05",
        "edition": "Original"
    },
    "Atlantis - Das sagenhafte Abenteuer (Germany) (Disc 2)": {
        "secondary_name": "",
        "group_name": "Atlantis - Das sagenhafte Abenteuer",
        "status": "Blue",
        "disc_type": "CD",
        "languages": "De",
        "version": "",
        "edition": "Original"
    },
    "Call of Duty 4 - Modern Warfare (Europe)": {
        "secondary_name": "",
        "group_name": "Call of Duty 4 - Modern Warfare",
        "status": "Blue",
        "disc_type": "DVD-9",
        "languages": "En",
        "version": "1.5",
        "edition": "Original"
    },
    "Tong-Nou (Japan)": {
        "secondary_name": "東脳",
        "group_name": "Tong-Nou",
        "status": "Blue",
        "disc_type": "CD",
        "languages": "Ja",
        "version": "",
        "edition": "Original"
    },
    "Aquazone Deluxe (Japan)": {
        "secondary_name": "",
        "group_name": "Aquazone Deluxe",
        "status": "Blue",
        "disc_type": "CD",
        "languages": "",
        "version": "1.5",
        "edition": "Original"
    },
    "BrainDead 13 (USA)": {
        "secondary_name": "",
        "group_name": "BrainDead 13",
        "status": "Blue",
        "disc_type": "CD",
        "languages": "En",
        "version": "",
        "edition": "Original"
    },
    "Star Wars - Jedi Knight II - Jedi Outcast (USA)": {
        "secondary_name": "",
        "group_name": "Star Wars - Jedi Knight II - Jedi Outcast",
        "status": "Blue",
        "disc_type": "CD",
        "languages": "",
        "version": "1.03",
        "edition": "Original"
    },
    "Lara Croft Tomb Raider - The Angel of Darkness (USA) (Disc 1)": {
        "secondary_name": "",
        "group_name": "Lara Croft Tomb Raider - The Angel of Darkness",
        "status": "Blue",
        "disc_type": "CD",
        "languages": "",
        "version": "1.0",
        "edition": "Original"
    },
    "Star Wars - The Force Unleashed (USA) (Disc 1) (Ultimate Sith Edition)": {
        "secondary_name": "",
        "group_name": "Star Wars - The Force Unleashed",
        "status": "Blue",
        "disc_type": "DVD-9",
        "languages": "",
        "version": "",
        "edition": "Ultimate Sith Edition"
    },
    "Ishido - The Way of Stones (USA)": {
        "secondary_name": "",
        "group_name": "Ishido - The Way of Stones",
        "status": "Blue",
        "disc_type": "CD",
        "languages": "En",
        "version": "",
        "edition": "MacPlay MVP Collection"
    },
    "3DO Content Library, The (USA) (Disc 29) (Music & Sound Effects)": {
        "secondary_name": "",
        "group_name": "3DO Content Library, The",
        "status": "Blue",
        "disc_type": "CD",
        "languages": "En",
        "version": "1.0",
        "edition": "Original"
    },
    "3DO Content Library, The (USA) (Disc 33) (Music & Sound Effects)": {
        "secondary_name": "",
        "group_name": "3DO Content Library, The",
        "status": "Blue",
        "disc_type": "CD",
        "languages": "En",
        "version": "1.0",
        "edition": "Original"
    },
    "Shanghai - Double Pack (USA)": {
        "secondary_name": "",
        "group_name": "Shanghai - Double Pack",
        "status": "Blue",
        "disc_type": "CD",
        "languages": "",
        "version": "",
        "edition": "Original"
    },
    "Tony Hawk's Pro Skater 2 (USA)": {
        "secondary_name": "",
        "group_name": "Tony Hawk's Pro Skater 2",
        "status": "Blue",
        "disc_type": "CD",
        "languages": "En",
        "version": "1.00",
        "edition": "Original"
    },
    "Tomb Raider Chronicles (USA) (Game Disc)": {
        "secondary_name": "",
        "group_name": "Tomb Raider Chronicles",
        "status": "Blue",
        "disc_type": "CD",
        "languages": "",
        "version": "1.0",
        "edition": "Original"
    },
    "Obsidian (Japan) (Disc 3)": {
        "secondary_name": "",
        "group_name": "Obsidian",
        "status": "Green",
        "disc_type": "CD",
        "languages": "",
        "version": "",
        "edition": "Original, Great Series"
    },
    "Star Trek - Voyager - Elite Force (USA)": {
        "secondary_name": "",
        "group_name": "Star Trek - Voyager - Elite Force",
        "status": "Blue",
        "disc_type": "CD",
        "languages": "En",
        "version": "",
        "edition": "Original"
    },
    "3DO Content Library, The (USA) (Disc 3) (Music & Sound Effects)": {
        "secondary_name": "",
        "group_name": "3DO Content Library, The",
        "status": "Blue",
        "disc_type": "CD",
        "languages": "En",
        "version": "1.0",
        "edition": "Original"
    },
    "3DO Content Library, The (USA) (Disc 39) (Music & Sound Effects)": {
        "secondary_name": "",
        "group_name": "3DO Content Library, The",
        "status": "Blue",
        "disc_type": "CD",
        "languages": "En",
        "version": "1.0",
        "edition": "Original"
    },
    "Zork Nemesis (Japan) (Disc II)": {
        "secondary_name": "ゾーク・ネメシス",
        "group_name": "Zork Nemesis",
        "status": "Blue",
        "disc_type": "CD",
        "languages": "",
        "version": "",
        "edition": "Original"
    },
    "Star Wars - Rebel Assault II - The Hidden Empire (USA) (Disc 2)": {
        "secondary_name": "",
        "group_name": "Star Wars - Rebel Assault II - The Hidden Empire",
        "status": "Blue",
        "disc_type": "CD",
        "languages": "",
        "version": "1.0",
        "edition": "Original"
    },
    "Lords of the Realm II + Siege Pack (USA)": {
        "secondary_name": "",
        "group_name": "Lords of the Realm II + Siege Pack",
        "status": "Blue",
        "disc_type": "CD",
        "languages": "En",
        "version": "",
        "edition": "Lords Royal Collection"
    },
    "Fly! 2K (USA) (Disc 3) (Sectional Charts)": {
        "secondary_name": "",
        "group_name": "Fly! 2K",
        "status": "Blue",
        "disc_type": "CD",
        "languages": "En",
        "version": "",
        "edition": "Original"
    },
    "Sid Meier's Civilization III Complete (USA)": {
        "secondary_name": "",
        "group_name": "Sid Meier's Civilization III Complete",
        "status": "Blue",
        "disc_type": "DVD-5",
        "languages": "En",
        "version": "1.22",
        "edition": "Original"
    },
    "Virtual Pool 3D (USA)": {
        "secondary_name": "",
        "group_name": "Virtual Pool 3D",
        "status": "Blue",
        "disc_type": "CD",
        "languages": "En",
        "version": "",
        "edition": "Bundle Version Macintosh 6500 OEM"
    },
    "Quake (Europe)": {
        "secondary_name": "",
        "group_name": "Quake",
        "status": "Blue",
        "disc_type": "CD",
        "languages": "En",
        "version": "",
        "edition": "Original"
    },
    "Obsidian (Japan) (Disc 5)": {
        "secondary_name": "",
        "group_name": "Obsidian",
        "status": "Green",
        "disc_type": "CD",
        "languages": "",
        "version": "",
        "edition": "Original, Great Series"
    },
    "Star Wars - Dark Forces (USA)": {
        "secondary_name": "",
        "group_name": "Star Wars - Dark Forces",
        "status": "Blue",
        "disc_type": "CD",
        "languages": "",
        "version": "1.1",
        "edition": "Original"
    },
    "Railroad Tycoon 3 (USA) (Disc 1) (Install)": {
        "secondary_name": "",
        "group_name": "Railroad Tycoon 3",
        "status": "Blue",
        "disc_type": "CD",
        "languages": "En",
        "version": "1.04",
        "edition": "Original"
    },
    "Tomb Raider III - Adventures of Lara Croft (USA)": {
        "secondary_name": "",
        "group_name": "Tomb Raider III - Adventures of Lara Croft",
        "status": "Blue",
        "disc_type": "CD",
        "languages": "En",
        "version": "",
        "edition": "Original"
    },
    "Cookie's Bustle - Mysterious Bombo World (Japan)": {
        "secondary_name": "クッキーズ・バッスル　～謎のボンボワールド～",
        "group_name": "Cookie's Bustle - Mysterious Bombo World",
        "status": "Blue",
        "disc_type": "CD",
        "languages": "Ja",
        "version": "1.0",
        "edition": "Original"
    },
    "Command & Conquer (USA) (Disc 2)": {
        "secondary_name": "",
        "group_name": "Command & Conquer",
        "status": "Blue",
        "disc_type": "CD",
        "languages": "En",
        "version": "1.65",
        "edition": "Original"
    },
    "3DO Content Library, The (USA) (Disc 13) (Music & Sound Effects)": {
        "secondary_name": "",
        "group_name": "3DO Content Library, The",
        "status": "Blue",
        "disc_type": "CD",
        "languages": "En",
        "version": "1.0",
        "edition": "Original"
    },
    "Maniac Mansion - Day of the Tentacle (France)": {
        "secondary_name": "",
        "group_name": "Maniac Mansion - Day of the Tentacle",
        "status": "Blue",
        "disc_type": "CD",
        "languages": "Fr",
        "version": "",
        "edition": "Original"
    },
    "Frankenstein - Through the Eyes of the Monster (USA)": {
        "secondary_name": "",
        "group_name": "Frankenstein - Through the Eyes of the Monster",
        "status": "Blue",
        "disc_type": "CD",
        "languages": "En",
        "version": "",
        "edition": "Original"
    },
    "Myst - Masterpiece Edition (Germany) (Rerelease)": {
        "secondary_name": "",
        "group_name": "Myst - Masterpiece Edition",
        "status": "Green",
        "disc_type": "CD",
        "languages": "De",
        "version": "1.0",
        "edition": "Myst: Die Trilogie"
    },
    "3DO Content Library, The (USA) (Disc 19) (Music & Sound Effects)": {
        "secondary_name": "",
        "group_name": "3DO Content Library, The",
        "status": "Blue",
        "disc_type": "CD",
        "languages": "En",
        "version": "1.0",
        "edition": "Original"
    },
    "Marathon 2 - Durandal (USA)": {
        "secondary_name": "",
        "group_name": "Marathon 2 - Durandal",
        "status": "Blue",
        "disc_type": "CD",
        "languages": "",
        "version": "",
        "edition": "Original"
    },
    "3DO Content Library, The (USA) (Disc 35) (Music & Sound Effects)": {
        "secondary_name": "",
        "group_name": "3DO Content Library, The",
        "status": "Blue",
        "disc_type": "CD",
        "languages": "En",
        "version": "1.0",
        "edition": "Original"
    },
    "3-D Ultra Pinball (Europe)": {
        "secondary_name": "",
        "group_name": "3-D Ultra Pinball",
        "status": "Blue",
        "disc_type": "CD",
        "languages": "En",
        "version": "1.0",
        "edition": "Original"
    },
    "SimCity 2000 - CD Collection (Europe)": {
        "secondary_name": "",
        "group_name": "SimCity 2000 - CD Collection",
        "status": "Blue",
        "disc_type": "CD",
        "languages": "En",
        "version": "1.20",
        "edition": "Original"
    },
    "Links Championship Edition (USA) (Disc 3)": {
        "secondary_name": "",
        "group_name": "Links Championship Edition",
        "status": "Blue",
        "disc_type": "CD",
        "languages": "En",
        "version": "1.0.2",
        "edition": "Original"
    },
    "Afterlife (France)": {
        "secondary_name": "",
        "group_name": "Afterlife",
        "status": "Blue",
        "disc_type": "CD",
        "languages": "En",
        "version": "",
        "edition": "Original"
    },
    "3DO Content Library, The (USA) (Disc 27) (Music & Sound Effects)": {
        "secondary_name": "",
        "group_name": "3DO Content Library, The",
        "status": "Blue",
        "disc_type": "CD",
        "languages": "En",
        "version": "1.0",
        "edition": "Original"
    },
    "Monopoly Casino (USA)": {
        "secondary_name": "",
        "group_name": "Monopoly Casino",
        "status": "Blue",
        "disc_type": "CD",
        "languages": "En",
        "version": "",
        "edition": "Original"
    },
    "Ukiuki Tsuri Tengoku 2 - Hato no Gomokuzuri (Japan)": {
        "secondary_name": "ウキウキ釣り天国２　波止の五目釣り",
        "group_name": "Ukiuki Tsuri Tengoku 2 - Hato no Gomokuzuri",
        "status": "Blue",
        "disc_type": "CD",
        "languages": "",
        "version": "",
        "edition": "Original"
    },
    "Settlers II, The - Veni, Vidi, Vici (USA)": {
        "secondary_name": "",
        "group_name": "Settlers II, The - Veni, Vidi, Vici",
        "status": "Blue",
        "disc_type": "CD",
        "languages": "En",
        "version": "1.0.0",
        "edition": "Original"
    },
    "Age of Empires (USA)": {
        "secondary_name": "",
        "group_name": "Age of Empires",
        "status": "Blue",
        "disc_type": "CD",
        "languages": "En",
        "version": "",
        "edition": "Original"
    },
    "Links LS (USA, Europe) (Disc 3)": {
        "secondary_name": "Links LS: Legends in Sports '97",
        "group_name": "Links LS",
        "status": "Green",
        "disc_type": "CD",
        "languages": "En",
        "version": "1.10",
        "edition": "Original"
    },
    "X2 - Wolverine's Revenge (USA) (Disc 2)": {
        "secondary_name": "",
        "group_name": "X2 - Wolverine's Revenge",
        "status": "Blue",
        "disc_type": "CD",
        "languages": "En",
        "version": "1.0",
        "edition": "Original"
    },
    "11th Hour, The (USA) (Disc 1)": {
        "secondary_name": "",
        "group_name": "11th Hour, The",
        "status": "Blue",
        "disc_type": "CD",
        "languages": "En",
        "version": "",
        "edition": "Original"
    },
    "Star Wars - Jedi Knight - Jedi Academy (USA) (Disc 2)": {
        "secondary_name": "",
        "group_name": "Star Wars - Jedi Knight - Jedi Academy",
        "status": "Blue",
        "disc_type": "CD",
        "languages": "En",
        "version": "1.0.1",
        "edition": "Original"
    },
    "SiN Gold (USA)": {
        "secondary_name": "",
        "group_name": "SiN Gold",
        "status": "Blue",
        "disc_type": "CD",
        "languages": "En",
        "version": "1.1.1",
        "edition": "Original"
    },
    "Busy World of Richard Scarry, The - Busytown (USA)": {
        "secondary_name": "",
        "group_name": "Busy World of Richard Scarry, The - Busytown",
        "status": "Blue",
        "disc_type": "CD",
        "languages": "En",
        "version": "",
        "edition": "Original"
    },
    "3DO Content Library, The (USA) (Disc 36) (Music & Sound Effects)": {
        "secondary_name": "",
        "group_name": "3DO Content Library, The",
        "status": "Blue",
        "disc_type": "CD",
        "languages": "En",
        "version": "1.0",
        "edition": "Original"
    },
    "Stubbs the Zombie in Rebel Without a Pulse (USA) (En,Fr)": {
        "secondary_name": "",
        "group_name": "Stubbs the Zombie in Rebel Without a Pulse",
        "status": "Blue",
        "disc_type": "DVD-5",
        "languages": "En, Fr",
        "version": "1.0 (v418)",
        "edition": "Original"
    },
    "Fly! (Europe) (Disc 2)": {
        "secondary_name": "",
        "group_name": "Fly!",
        "status": "Blue",
        "disc_type": "CD",
        "languages": "En",
        "version": "1.01.76",
        "edition": "Original"
    },
    "Kid Pix Deluxe 3X (USA)": {
        "secondary_name": "",
        "group_name": "Kid Pix Deluxe 3X",
        "status": "Blue",
        "disc_type": "CD",
        "languages": "En",
        "version": "1.0.2",
        "edition": ""
    },
    "Rayman 3 - Hoodlum Havoc (Europe) (En,Fr,De,Es,It) (Disc 3)": {
        "secondary_name": "",
        "group_name": "Rayman 3 - Hoodlum Havoc",
        "status": "Blue",
        "disc_type": "CD",
        "languages": "En, Fr, De, It, Es",
        "version": "1.0",
        "edition": "Original"
    },
    "Aquazone Compact (Japan) (Rerelease)": {
        "secondary_name": "",
        "group_name": "Aquazone Compact",
        "status": "Blue",
        "disc_type": "CD",
        "languages": "",
        "version": "1.5",
        "edition": "Rerelease"
    },
    "3DO Content Library, The (USA) (Disc 24) (Music & Sound Effects)": {
        "secondary_name": "",
        "group_name": "3DO Content Library, The",
        "status": "Blue",
        "disc_type": "CD",
        "languages": "En",
        "version": "1.0",
        "edition": "Original"
    },
    "Age of Empires (USA) (v1.0b)": {
        "secondary_name": "",
        "group_name": "Age of Empires",
        "status": "Blue",
        "disc_type": "CD",
        "languages": "En",
        "version": "1.0b",
        "edition": "Original"
    },
    "Harry Potter and the Sorcerer's Stone (USA)": {
        "secondary_name": "",
        "group_name": "Harry Potter and the Sorcerer's Stone",
        "status": "Blue",
        "disc_type": "CD",
        "languages": "En",
        "version": "1.0",
        "edition": "Original"
    },
    "Doom 3 (USA)": {
        "secondary_name": "",
        "group_name": "Doom 3",
        "status": "Blue",
        "disc_type": "DVD-5",
        "languages": "En",
        "version": "",
        "edition": "Original"
    },
    "Zork Nemesis (Japan) (Disc III)": {
        "secondary_name": "ゾーク・ネメシス",
        "group_name": "Zork Nemesis",
        "status": "Blue",
        "disc_type": "CD",
        "languages": "",
        "version": "",
        "edition": "Original"
    },
    "3DO Content Library, The (USA) (Disc 34) (Music & Sound Effects)": {
        "secondary_name": "",
        "group_name": "3DO Content Library, The",
        "status": "Blue",
        "disc_type": "CD",
        "languages": "En",
        "version": "1.0",
        "edition": "Original"
    },
    "Links LS 2000 (USA) (Disc 3)": {
        "secondary_name": "",
        "group_name": "Links LS 2000",
        "status": "Blue",
        "disc_type": "CD",
        "languages": "En",
        "version": "1.00",
        "edition": "Original"
    },
    "Return to Zork (Europe)": {
        "secondary_name": "",
        "group_name": "Return to Zork",
        "status": "Blue",
        "disc_type": "CD",
        "languages": "En",
        "version": "",
        "edition": "Original"
    },
    "Prince of Persia (USA)": {
        "secondary_name": "",
        "group_name": "Prince of Persia",
        "status": "Blue",
        "disc_type": "DVD-9",
        "languages": "",
        "version": "1.00.2164",
        "edition": "Original"
    },
    "3DO Content Library, The (USA) (Disc 5) (Music & Sound Effects)": {
        "secondary_name": "",
        "group_name": "3DO Content Library, The",
        "status": "Blue",
        "disc_type": "CD",
        "languages": "En",
        "version": "1.0",
        "edition": "Original"
    },
    "Mad Dog McCree (USA)": {
        "secondary_name": "",
        "group_name": "Mad Dog McCree",
        "status": "Blue",
        "disc_type": "CD",
        "languages": "En",
        "version": "",
        "edition": "Original"
    },
    "Alex-World (Japan) (Disc 2)": {
        "secondary_name": "",
        "group_name": "Alex-World",
        "status": "Blue",
        "disc_type": "CD",
        "languages": "Ja",
        "version": "",
        "edition": "Original"
    },
    "Sotsugyou - Graduation (Japan)": {
        "secondary_name": "卒業　グラデュエーション",
        "group_name": "Sotsugyou - Graduation",
        "status": "Green",
        "disc_type": "CD",
        "languages": "Ja",
        "version": "",
        "edition": "Original"
    },
    "Tomb Raider Chronicles (USA) (Level Editor Disc)": {
        "secondary_name": "",
        "group_name": "Tomb Raider Chronicles",
        "status": "Blue",
        "disc_type": "CD",
        "languages": "",
        "version": "1.0",
        "edition": "Original"
    },
    "International Tennis Open (Europe) (En,Fr)": {
        "secondary_name": "",
        "group_name": "International Tennis Open",
        "status": "Blue",
        "disc_type": "CD",
        "languages": "En, Fr",
        "version": "F1-1.0",
        "edition": "Original"
    },
    "Bandai Visual CD-ROM Previews for Macintosh Vol. 1 (Japan)": {
        "secondary_name": "バンダイビジュアルＣＤ－ＲＯＭかわら盤 Ｖｏｌ．１",
        "group_name": "Bandai Visual CD-ROM Previews for Macintosh Vol. 1",
        "status": "Blue",
        "disc_type": "CD",
        "languages": "Ja",
        "version": "",
        "edition": "Original"
    },
    "Star Wars - TIE Fighter - Collector's CD-ROM (USA)": {
        "secondary_name": "",
        "group_name": "Star Wars - TIE Fighter - Collector's CD-ROM",
        "status": "Blue",
        "disc_type": "CD",
        "languages": "",
        "version": "1.0",
        "edition": "Original"
    },
    "Metal Gear Solid (Australia) (Artwork Vol. 2)": {
        "secondary_name": "",
        "group_name": "Metal Gear Solid",
        "status": "Blue",
        "disc_type": "CD",
        "languages": "En",
        "version": "",
        "edition": "Press Kit"
    },
    "Zork Nemesis - The Forbidden Lands (France) (Disc 1)": {
        "secondary_name": "",
        "group_name": "Zork Nemesis - The Forbidden Lands",
        "status": "Blue",
        "disc_type": "CD",
        "languages": "En",
        "version": "",
        "edition": "Original"
    },
    "Space Quest 6 - Roger Wilco in the Spinal Frontier (France)": {
        "secondary_name": "",
        "group_name": "Space Quest 6 - Roger Wilco in the Spinal Frontier",
        "status": "Blue",
        "disc_type": "CD",
        "languages": "En",
        "version": "",
        "edition": "Original"
    },
    "Bungie Mac Action Sack (USA)": {
        "secondary_name": "",
        "group_name": "Bungie Mac Action Sack",
        "status": "Blue",
        "disc_type": "CD",
        "languages": "En",
        "version": "",
        "edition": "Original"
    },
    "Virtual Pool (USA)": {
        "secondary_name": "",
        "group_name": "Virtual Pool",
        "status": "Blue",
        "disc_type": "CD",
        "languages": "En",
        "version": "",
        "edition": ""
    },
    "Eberouge (Japan)": {
        "secondary_name": "エーベルージュ",
        "group_name": "Eberouge",
        "status": "Blue",
        "disc_type": "CD",
        "languages": "",
        "version": "",
        "edition": "Original"
    },
    "3DO Content Library, The (USA) (Disc 4) (Music & Sound Effects)": {
        "secondary_name": "",
        "group_name": "3DO Content Library, The",
        "status": "Blue",
        "disc_type": "CD",
        "languages": "En",
        "version": "1.0",
        "edition": "Original"
    },
    "Jack Nicklaus 4 (USA)": {
        "secondary_name": "",
        "group_name": "Jack Nicklaus 4",
        "status": "Blue",
        "disc_type": "CD",
        "languages": "",
        "version": "",
        "edition": "Original"
    },
    "Metal Gear Solid (Australia) (Artwork Vol. 1)": {
        "secondary_name": "",
        "group_name": "Metal Gear Solid",
        "status": "Blue",
        "disc_type": "CD",
        "languages": "En",
        "version": "",
        "edition": "Press Kit"
    },
    "Call of Duty (Europe) (Deluxe Edition)": {
        "secondary_name": "",
        "group_name": "Call of Duty",
        "status": "Blue",
        "disc_type": "DVD-5",
        "languages": "En",
        "version": "1.5c",
        "edition": "Deluxe Edition"
    },
    "3DO Content Library, The (USA) (Disc 25) (Music & Sound Effects)": {
        "secondary_name": "",
        "group_name": "3DO Content Library, The",
        "status": "Blue",
        "disc_type": "CD",
        "languages": "En",
        "version": "1.0",
        "edition": "Original"
    },
    "Links LS (USA) (Disc 2)": {
        "secondary_name": "",
        "group_name": "Links LS",
        "status": "Blue",
        "disc_type": "CD",
        "languages": "En",
        "version": "1.10",
        "edition": "Original"
    },
    "Fly! 2K (USA) (Disc 2) (Satellite Scenery)": {
        "secondary_name": "",
        "group_name": "Fly! 2K",
        "status": "Blue",
        "disc_type": "CD",
        "languages": "En",
        "version": "",
        "edition": "Original"
    },
    "Darkseed (Europe) (Fr,De)": {
        "secondary_name": "",
        "group_name": "Darkseed",
        "status": "Blue",
        "disc_type": "CD",
        "languages": "Fr, De",
        "version": "",
        "edition": "Original"
    },
    "Driver - You Are the Wheelman (USA)": {
        "secondary_name": "",
        "group_name": "Driver - You Are the Wheelman",
        "status": "Blue",
        "disc_type": "CD",
        "languages": "En",
        "version": "",
        "edition": "Original"
    },
    "Phantasmagoria (Europe) (Disc 6)": {
        "secondary_name": "Roberta Williams' Phantasmagoria: Pray It's Only a Nightmare",
        "group_name": "Phantasmagoria",
        "status": "Blue",
        "disc_type": "CD",
        "languages": "En",
        "version": "",
        "edition": "Original"
    },
    "3DO Content Library, The (USA) (Disc 23) (Music & Sound Effects)": {
        "secondary_name": "",
        "group_name": "3DO Content Library, The",
        "status": "Blue",
        "disc_type": "CD",
        "languages": "En",
        "version": "1.0",
        "edition": "Original"
    },
    "WipEout 2097 (Europe)": {
        "secondary_name": "",
        "group_name": "WipEout 2097",
        "status": "Blue",
        "disc_type": "CD",
        "languages": "En",
        "version": "1.0",
        "edition": "Original"
    },
    "Legend of Kyrandia, The (USA)": {
        "secondary_name": "",
        "group_name": "Legend of Kyrandia, The",
        "status": "Blue",
        "disc_type": "CD",
        "languages": "En",
        "version": "",
        "edition": "MacPlay MVP Collection"
    },
    "Fly! 2K (USA) (Disc 1) (Program Install)": {
        "secondary_name": "",
        "group_name": "Fly! 2K",
        "status": "Blue",
        "disc_type": "CD",
        "languages": "En",
        "version": "",
        "edition": "Original"
    },
    "3DO Content Library, The (USA) (Disc 14) (Music & Sound Effects)": {
        "secondary_name": "",
        "group_name": "3DO Content Library, The",
        "status": "Blue",
        "disc_type": "CD",
        "languages": "En",
        "version": "1.0",
        "edition": "Original"
    },
    "SimTown - The Town You Build Yourself! (USA)": {
        "secondary_name": "",
        "group_name": "SimTown - The Town You Build Yourself!",
        "status": "Blue",
        "disc_type": "CD",
        "languages": "",
        "version": "",
        "edition": "Original"
    },
    "Saikyou Kareshi - Dynamic Darling (Japan)": {
        "secondary_name": "最強彼氏",
        "group_name": "Saikyou Kareshi - Dynamic Darling",
        "status": "Blue",
        "disc_type": "CD",
        "languages": "Ja",
        "version": "",
        "edition": "Original"
    },
    "Lunicus (Japan)": {
        "secondary_name": "ルニカス",
        "group_name": "Lunicus",
        "status": "Blue",
        "disc_type": "CD",
        "languages": "Ja",
        "version": "",
        "edition": "Original"
    },
    "Star Wars - Battlefront (USA)": {
        "secondary_name": "",
        "group_name": "Star Wars - Battlefront",
        "status": "Blue",
        "disc_type": "DVD-5",
        "languages": "",
        "version": "1.2",
        "edition": "Original"
    },
    "Tomb Raider Gold (USA)": {
        "secondary_name": "",
        "group_name": "Tomb Raider Gold",
        "status": "Green",
        "disc_type": "CD",
        "languages": "En",
        "version": "",
        "edition": "Original"
    },
    "Activision's Atari 2600 Action Pack for Macintosh (USA)": {
        "secondary_name": "",
        "group_name": "Activision's Atari 2600 Action Pack for Macintosh",
        "status": "Blue",
        "disc_type": "CD",
        "languages": "",
        "version": "",
        "edition": "Original"
    },
    "Reader Rabbit - 1st Grade (USA) (Rerelease)": {
        "secondary_name": "",
        "group_name": "Reader Rabbit - 1st Grade",
        "status": "Blue",
        "disc_type": "CD",
        "languages": "",
        "version": "3.01",
        "edition": ""
    },
    "Railroad Tycoon II (USA)": {
        "secondary_name": "",
        "group_name": "Railroad Tycoon II",
        "status": "Blue",
        "disc_type": "CD",
        "languages": "En",
        "version": "1.05",
        "edition": "Original"
    },
    "Alone in the Dark (France) (Covermount)": {
        "secondary_name": "",
        "group_name": "Alone in the Dark",
        "status": "Blue",
        "disc_type": "CD",
        "languages": "",
        "version": "",
        "edition": "Covermount"
    },
    "Star Wars - Jedi Knight Gold Pack (USA)": {
        "secondary_name": "",
        "group_name": "Star Wars - Jedi Knight Gold Pack",
        "status": "Blue",
        "disc_type": "DVD-5",
        "languages": "",
        "version": "",
        "edition": "Original"
    },
    "Myst (Germany) (Rerelease)": {
        "secondary_name": "",
        "group_name": "Myst",
        "status": "Blue",
        "disc_type": "CD",
        "languages": "De",
        "version": "",
        "edition": "Rerelease"
    },
    "Mario Is Missing! CD-ROM Deluxe (USA)": {
        "secondary_name": "",
        "group_name": "Mario Is Missing! CD-ROM Deluxe",
        "status": "Blue",
        "disc_type": "CD",
        "languages": "En",
        "version": "Version 1",
        "edition": "Original"
    }
}