{
    "Aminet Set 2 (Europe) (En,De) (Disc C) (Fun)": {
        "secondary_name": "",
        "group_name": "Aminet Set 2",
        "status": "Green",
        "disc_type": "CD",
        "languages": "En, De",
        "version": "",
        "edition": "Original"
    },
    "Amiga Plus CD ROM Extra No. 2-97 (Germany)": {
        "secondary_name": "",
        "group_name": "Amiga Plus CD ROM Extra No. 2-97",
        "status": "Blue",
        "disc_type": "CD",
        "languages": "De",
        "version": "",
        "edition": "Original"
    },
    "Fresh Fish Volume 8 (USA) (Disc 2)": {
        "secondary_name": "",
        "group_name": "Fresh Fish Volume 8",
        "status": "Blue",
        "disc_type": "CD",
        "languages": "En",
        "version": "",
        "edition": "Original"
    },
    "Amiga Plus Sonderheft 20 (Germany)": {
        "secondary_name": "",
        "group_name": "Amiga Plus Sonderheft 20",
        "status": "Blue",
        "disc_type": "CD",
        "languages": "De",
        "version": "",
        "edition": "Original"
    },
    "17 Bit - The Fifth Dimension (Europe)": {
        "secondary_name": "",
        "group_name": "17 Bit - The Fifth Dimension",
        "status": "Blue",
        "disc_type": "CD",
        "languages": "En",
        "version": "",
        "edition": "Original"
    },
    "Aminet 9 - December 1995 (Europe) (En,De)": {
        "secondary_name": "",
        "group_name": "Aminet 9 - December 1995",
        "status": "Green",
        "disc_type": "CD",
        "languages": "En, De",
        "version": "",
        "edition": "Original"
    },
    "Meeting Pearls Vol. III (Europe) (En,De)": {
        "secondary_name": "",
        "group_name": "Meeting Pearls Vol. III",
        "status": "Blue",
        "disc_type": "CD",
        "languages": "En, De",
        "version": "",
        "edition": "Original"
    },
    "Aminet 4 - November 1994 (Europe) (En,De)": {
        "secondary_name": "",
        "group_name": "Aminet 4 - November 1994",
        "status": "Blue",
        "disc_type": "CD",
        "languages": "En, De",
        "version": "",
        "edition": "Original"
    },
    "Aminet 51 - October 2002 (Europe) (En,De)": {
        "secondary_name": "",
        "group_name": "Aminet 51 - October 2002",
        "status": "Green",
        "disc_type": "CD",
        "languages": "En, De",
        "version": "",
        "edition": "Original"
    },
    "Aminet Set 4 (Europe) (En,De) (Disc B) (Gfx)": {
        "secondary_name": "",
        "group_name": "Aminet Set 4",
        "status": "Blue",
        "disc_type": "CD",
        "languages": "En, De",
        "version": "",
        "edition": "Original"
    },
    "Amiga Magazin CD 2-2003 3-2003 (Germany)": {
        "secondary_name": "",
        "group_name": "Amiga Magazin CD 2-2003 3-2003",
        "status": "Blue",
        "disc_type": "CD",
        "languages": "De",
        "version": "",
        "edition": "Original"
    },
    "GoldFish - April 1994 (USA) (Disc 1) (Volume One) (Rev 1)": {
        "secondary_name": "",
        "group_name": "GoldFish - April 1994",
        "status": "Green",
        "disc_type": "CD",
        "languages": "En",
        "version": "Rev 1",
        "edition": "Original"
    },
    "Amiga Magazin CD 8-9 2003 (Germany)": {
        "secondary_name": "",
        "group_name": "Amiga Magazin CD 8-9 2003",
        "status": "Green",
        "disc_type": "CD",
        "languages": "De",
        "version": "",
        "edition": "Original"
    },
    "Amiga Magazin CD 11-2008-1-2009 (Germany)": {
        "secondary_name": "",
        "group_name": "Amiga Magazin CD 11-2008-1-2009",
        "status": "Blue",
        "disc_type": "CD",
        "languages": "De",
        "version": "",
        "edition": "Original"
    },
    "Aminet 26 - August 1998 (Europe) (En,De)": {
        "secondary_name": "",
        "group_name": "Aminet 26 - August 1998",
        "status": "Blue",
        "disc_type": "CD",
        "languages": "En, De",
        "version": "",
        "edition": "Original"
    },
    "Amiga Vademecum Numer 3 (Poland)": {
        "secondary_name": "",
        "group_name": "Amiga Vademecum Numer 3",
        "status": "Blue",
        "disc_type": "CD",
        "languages": "Pl",
        "version": "",
        "edition": "Original"
    },
    "Aminet Set 6 (Europe) (En,De) (Disc B) (Gfx)": {
        "secondary_name": "",
        "group_name": "Aminet Set 6",
        "status": "Blue",
        "disc_type": "CD",
        "languages": "En, De",
        "version": "",
        "edition": "Original"
    },
    "Amiga Magazin CD 12-98 1-99 (Germany)": {
        "secondary_name": "",
        "group_name": "Amiga Magazin CD 12-98 1-99",
        "status": "Green",
        "disc_type": "CD",
        "languages": "De",
        "version": "",
        "edition": "Original"
    },
    "Amiga Computer Studio Nr 06-99 (Poland)": {
        "secondary_name": "",
        "group_name": "Amiga Computer Studio Nr 06-99",
        "status": "Blue",
        "disc_type": "CD",
        "languages": "Pl",
        "version": "",
        "edition": "Original"
    },
    "Amiga Plus CD ROM No. 5-96 (Germany)": {
        "secondary_name": "",
        "group_name": "Amiga Plus CD ROM No. 5-96",
        "status": "Green",
        "disc_type": "CD",
        "languages": "De",
        "version": "",
        "edition": "Original"
    },
    "Amiga Magazin CD 6-7 1998 (Germany)": {
        "secondary_name": "",
        "group_name": "Amiga Magazin CD 6-7 1998",
        "status": "Green",
        "disc_type": "CD",
        "languages": "De",
        "version": "",
        "edition": "Original"
    },
    "LSD Compendium Deluxe Volume 3 (Europe)": {
        "secondary_name": "",
        "group_name": "LSD Compendium Deluxe Volume 3",
        "status": "Blue",
        "disc_type": "CD",
        "languages": "En",
        "version": "",
        "edition": "Original"
    },
    "Amiga Magazin CD 8-9-2004 (Germany)": {
        "secondary_name": "",
        "group_name": "Amiga Magazin CD 8-9-2004",
        "status": "Green",
        "disc_type": "CD",
        "languages": "De",
        "version": "",
        "edition": "Original"
    },
    "Amiga Magazin CD 2-3 2000 (Germany)": {
        "secondary_name": "",
        "group_name": "Amiga Magazin CD 2-3 2000",
        "status": "Green",
        "disc_type": "CD",
        "languages": "De",
        "version": "",
        "edition": "Original"
    },
    "Aminet 52 - December 2002 (Europe) (En,De)": {
        "secondary_name": "",
        "group_name": "Aminet 52 - December 2002",
        "status": "Green",
        "disc_type": "CD",
        "languages": "En, De",
        "version": "",
        "edition": "Original"
    },
    "Aminet Set 2 (Europe) (En,De) (Disc B) (Gfx)": {
        "secondary_name": "",
        "group_name": "Aminet Set 2",
        "status": "Green",
        "disc_type": "CD",
        "languages": "En, De",
        "version": "",
        "edition": "Original"
    },
    "Amiga Plus Sonderheft 10 (Germany)": {
        "secondary_name": "",
        "group_name": "Amiga Plus Sonderheft 10",
        "status": "Blue",
        "disc_type": "CD",
        "languages": "De",
        "version": "",
        "edition": "Original"
    },
    "Amiga Magazin CD 12-1999-1-2000 (Germany)": {
        "secondary_name": "",
        "group_name": "Amiga Magazin CD 12-1999-1-2000",
        "status": "Green",
        "disc_type": "CD",
        "languages": "De",
        "version": "",
        "edition": "Original"
    },
    "Amiga Magazin CD 2-2008-4-2008 (Germany)": {
        "secondary_name": "",
        "group_name": "Amiga Magazin CD 2-2008-4-2008",
        "status": "Blue",
        "disc_type": "CD",
        "languages": "De",
        "version": "",
        "edition": "Original"
    },
    "Aminet Set 7 (Europe) (En,De) (Disc D) (Mods)": {
        "secondary_name": "",
        "group_name": "Aminet Set 7",
        "status": "Blue",
        "disc_type": "CD",
        "languages": "En, De",
        "version": "",
        "edition": "Original"
    },
    "Gateway! Volume 3 (Europe) (En,De) (Disc 1) (Install)": {
        "secondary_name": "",
        "group_name": "Gateway! Volume 3",
        "status": "Blue",
        "disc_type": "CD",
        "languages": "En, De",
        "version": "",
        "edition": "Original"
    },
    "Aminet Set 9 (Europe) (En,De) (Disc C) (Fun)": {
        "secondary_name": "",
        "group_name": "Aminet Set 9",
        "status": "Blue",
        "disc_type": "CD",
        "languages": "En, De",
        "version": "",
        "edition": "Original"
    },
    "Aminet Set 9 (Europe) (En,De) (Disc D) (Mods)": {
        "secondary_name": "",
        "group_name": "Aminet Set 9",
        "status": "Blue",
        "disc_type": "CD",
        "languages": "En, De",
        "version": "",
        "edition": "Original"
    },
    "Aminet Set 3 (Europe) (En,De) (Disc A) (Tools)": {
        "secondary_name": "",
        "group_name": "Aminet Set 3",
        "status": "Blue",
        "disc_type": "CD",
        "languages": "En, De",
        "version": "",
        "edition": "Original"
    },
    "Amiga Computer Studio Cover CD 6-98 (Poland)": {
        "secondary_name": "Amiga Computer Studio Nr 6/98",
        "group_name": "Amiga Computer Studio Cover CD 6-98",
        "status": "Blue",
        "disc_type": "CD",
        "languages": "Pl",
        "version": "",
        "edition": "Original"
    },
    "Amiga Plus CD ROM No. 2-97 (Germany)": {
        "secondary_name": "",
        "group_name": "Amiga Plus CD ROM No. 2-97",
        "status": "Blue",
        "disc_type": "CD",
        "languages": "De",
        "version": "",
        "edition": "Original"
    },
    "Aminet 16 - December 1996 (Europe) (En,De)": {
        "secondary_name": "",
        "group_name": "Aminet 16 - December 1996",
        "status": "Green",
        "disc_type": "CD",
        "languages": "En, De",
        "version": "",
        "edition": "Original"
    },
    "Amiga Magazin CD 3-96 (Germany)": {
        "secondary_name": "",
        "group_name": "Amiga Magazin CD 3-96",
        "status": "Green",
        "disc_type": "CD",
        "languages": "De",
        "version": "",
        "edition": "Original"
    },
    "Amiga Plus CD ROM No. 2-96 (Germany)": {
        "secondary_name": "",
        "group_name": "Amiga Plus CD ROM No. 2-96",
        "status": "Blue",
        "disc_type": "CD",
        "languages": "De",
        "version": "",
        "edition": ""
    },
    "Amiga Games Disc & Mag CD ROM 3-96 (Germany)": {
        "secondary_name": "Hollywood Pictures & Bombmania",
        "group_name": "Amiga Games Disc & Mag CD ROM 3-96",
        "status": "Blue",
        "disc_type": "CD",
        "languages": "De",
        "version": "",
        "edition": ""
    },
    "Amiga Magazin CD 8-10 2007 (Germany)": {
        "secondary_name": "",
        "group_name": "Amiga Magazin CD 8-10 2007",
        "status": "Blue",
        "disc_type": "CD",
        "languages": "De",
        "version": "",
        "edition": "Original"
    },
    "Amiga Magazin CD 7-96 (Germany)": {
        "secondary_name": "",
        "group_name": "Amiga Magazin CD 7-96",
        "status": "Blue",
        "disc_type": "CD",
        "languages": "De",
        "version": "",
        "edition": "Original"
    },
    "Amiga Magazin CD 11-12 1996 (Germany)": {
        "secondary_name": "",
        "group_name": "Amiga Magazin CD 11-12 1996",
        "status": "Green",
        "disc_type": "CD",
        "languages": "De",
        "version": "",
        "edition": "Original"
    },
    "Aminet 31 - June 99 (Europe) (En,De)": {
        "secondary_name": "",
        "group_name": "Aminet 31 - June 99",
        "status": "Green",
        "disc_type": "CD",
        "languages": "En, De",
        "version": "",
        "edition": "Original"
    },
    "Foundation (Europe) (En,De)": {
        "secondary_name": "Paul Burkey's Foundation",
        "group_name": "Foundation",
        "status": "Blue",
        "disc_type": "CD",
        "languages": "En, De",
        "version": "",
        "edition": "Original"
    },
    "Amiga Plus Sonderheft 16 (Germany)": {
        "secondary_name": "",
        "group_name": "Amiga Plus Sonderheft 16",
        "status": "Blue",
        "disc_type": "CD",
        "languages": "De",
        "version": "",
        "edition": "Original"
    },
    "MACD 5 (Poland)": {
        "secondary_name": "Magazyn Amiga CD 5",
        "group_name": "MACD 5",
        "status": "Blue",
        "disc_type": "CD",
        "languages": "Pl",
        "version": "",
        "edition": "Original"
    },
    "Amiga Plus Sonderheft 23 (Germany)": {
        "secondary_name": "",
        "group_name": "Amiga Plus Sonderheft 23",
        "status": "Blue",
        "disc_type": "CD",
        "languages": "De",
        "version": "",
        "edition": "Original"
    },
    "Amiga Magazin CD 2-4-2006 (Germany)": {
        "secondary_name": "",
        "group_name": "Amiga Magazin CD 2-4-2006",
        "status": "Blue",
        "disc_type": "CD",
        "languages": "De",
        "version": "",
        "edition": "Original"
    },
    "Aminet 37 - June 2000 (Europe) (En,De)": {
        "secondary_name": "",
        "group_name": "Aminet 37 - June 2000",
        "status": "Green",
        "disc_type": "CD",
        "languages": "En, De",
        "version": "",
        "edition": "Original"
    },
    "Aminet 47 - February 2002 (Europe) (En,De)": {
        "secondary_name": "",
        "group_name": "Aminet 47 - February 2002",
        "status": "Blue",
        "disc_type": "CD",
        "languages": "En, De",
        "version": "",
        "edition": "Original"
    },
    "CU Amiga Magazine's Super CD-ROM 7 February 1997 (UK)": {
        "secondary_name": "",
        "group_name": "CU Amiga Magazine's Super CD-ROM 7 February 1997",
        "status": "Blue",
        "disc_type": "CD",
        "languages": "En",
        "version": "",
        "edition": "Original"
    },
    "Aminet 18 - April 97 (Europe) (En,De)": {
        "secondary_name": "",
        "group_name": "Aminet 18 - April 97",
        "status": "Green",
        "disc_type": "CD",
        "languages": "En, De",
        "version": "",
        "edition": "Original"
    },
    "Amiga Magazin CD 2-3 2001 (Germany)": {
        "secondary_name": "",
        "group_name": "Amiga Magazin CD 2-3 2001",
        "status": "Green",
        "disc_type": "CD",
        "languages": "De",
        "version": "",
        "edition": "Original"
    },
    "Napalm (Europe)": {
        "secondary_name": "",
        "group_name": "Napalm",
        "status": "Blue",
        "disc_type": "CD",
        "languages": "En",
        "version": "",
        "edition": "Original"
    },
    "Amiga Games CD-ROM & Mag Extra (Germany) (100% Amiga & Soundtrack)": {
        "secondary_name": "",
        "group_name": "Amiga Games CD-ROM & Mag Extra",
        "status": "Blue",
        "disc_type": "CD",
        "languages": "De",
        "version": "",
        "edition": "Original"
    },
    "Amiga Plus Sonderheft 24 (Germany)": {
        "secondary_name": "",
        "group_name": "Amiga Plus Sonderheft 24",
        "status": "Blue",
        "disc_type": "CD",
        "languages": "De",
        "version": "",
        "edition": "Original"
    },
    "Wordworth 6 Office (Europe) (En,De)": {
        "secondary_name": "",
        "group_name": "Wordworth 6 Office",
        "status": "Blue",
        "disc_type": "CD",
        "languages": "En, De",
        "version": "",
        "edition": "Original"
    },
    "Cedric (Europe) (En,De)": {
        "secondary_name": "",
        "group_name": "Cedric",
        "status": "Blue",
        "disc_type": "CD",
        "languages": "En, De",
        "version": "",
        "edition": "Original"
    },
    "Aminet 24 - April 1998 (Europe) (En,De)": {
        "secondary_name": "",
        "group_name": "Aminet 24 - April 1998",
        "status": "Blue",
        "disc_type": "CD",
        "languages": "En, De",
        "version": "",
        "edition": "Original"
    },
    "Aminet Set 6 (Europe) (En,De) (Disc A) (Tools)": {
        "secondary_name": "",
        "group_name": "Aminet Set 6",
        "status": "Blue",
        "disc_type": "CD",
        "languages": "En, De",
        "version": "",
        "edition": "Original"
    },
    "Amiga Magazin CD 1-96 (Germany)": {
        "secondary_name": "",
        "group_name": "Amiga Magazin CD 1-96",
        "status": "Green",
        "disc_type": "CD",
        "languages": "De",
        "version": "",
        "edition": "Original"
    },
    "Amiga Magazin CD 10-11 2003 (Germany)": {
        "secondary_name": "",
        "group_name": "Amiga Magazin CD 10-11 2003",
        "status": "Green",
        "disc_type": "CD",
        "languages": "De",
        "version": "",
        "edition": "Original"
    },
    "Amiga Computer Studio Nr 04-99 (Poland)": {
        "secondary_name": "",
        "group_name": "Amiga Computer Studio Nr 04-99",
        "status": "Blue",
        "disc_type": "CD",
        "languages": "Pl",
        "version": "",
        "edition": "Original"
    },
    "WipEout 2097 (Europe)": {
        "secondary_name": "",
        "group_name": "WipEout 2097",
        "status": "Blue",
        "disc_type": "CD",
        "languages": "En",
        "version": "",
        "edition": "Original"
    },
    "Amiga Games Disc & Mag CD ROM Sonderheft 1-95 (Germany)": {
        "secondary_name": "Super Street Fighter II",
        "group_name": "Amiga Games Disc & Mag CD ROM Sonderheft 1-95",
        "status": "Green",
        "disc_type": "CD",
        "languages": "De",
        "version": "",
        "edition": "Original"
    },
    "Aminet 32 - August 99 (Europe) (En,De)": {
        "secondary_name": "",
        "group_name": "Aminet 32 - August 99",
        "status": "Green",
        "disc_type": "CD",
        "languages": "En, De",
        "version": "",
        "edition": "Original"
    },
    "Ultimate Super Skidmarks (Europe)": {
        "secondary_name": "",
        "group_name": "Ultimate Super Skidmarks",
        "status": "Blue",
        "disc_type": "CD",
        "languages": "En",
        "version": "",
        "edition": "Original"
    },
    "17 Bit - Level 6 (Europe)": {
        "secondary_name": "",
        "group_name": "17 Bit - Level 6",
        "status": "Blue",
        "disc_type": "CD",
        "languages": "En",
        "version": "",
        "edition": "Original"
    },
    "Amiga Magazin CD 11-2005-1-2006 (Germany)": {
        "secondary_name": "",
        "group_name": "Amiga Magazin CD 11-2005-1-2006",
        "status": "Green",
        "disc_type": "CD",
        "languages": "De",
        "version": "",
        "edition": "Original"
    },
    "Aminet 49 - June 2002 (Europe) (En,De)": {
        "secondary_name": "",
        "group_name": "Aminet 49 - June 2002",
        "status": "Green",
        "disc_type": "CD",
        "languages": "En, De",
        "version": "",
        "edition": "Original"
    },
    "Amiga Magazin CD 12-2000 1-2000 (Germany)": {
        "secondary_name": "",
        "group_name": "Amiga Magazin CD 12-2000 1-2000",
        "status": "Green",
        "disc_type": "CD",
        "languages": "De",
        "version": "",
        "edition": "Original"
    },
    "Amiga Special Spiele Hits 1-98 (Germany)": {
        "secondary_name": "",
        "group_name": "Amiga Special Spiele Hits 1-98",
        "status": "Green",
        "disc_type": "CD",
        "languages": "De",
        "version": "",
        "edition": "Original"
    },
    "Amiga Magazin CD 4-5 1998 (Germany)": {
        "secondary_name": "",
        "group_name": "Amiga Magazin CD 4-5 1998",
        "status": "Green",
        "disc_type": "CD",
        "languages": "De",
        "version": "",
        "edition": "Original"
    },
    "LSD and 17 Bit - Compendium Deluxe Volume 2 (Europe)": {
        "secondary_name": "",
        "group_name": "LSD and 17 Bit - Compendium Deluxe Volume 2",
        "status": "Blue",
        "disc_type": "CD",
        "languages": "En",
        "version": "",
        "edition": "Original"
    },
    "Aminet Set 7 (Europe) (En,De) (Disc B) (Gfx)": {
        "secondary_name": "",
        "group_name": "Aminet Set 7",
        "status": "Blue",
        "disc_type": "CD",
        "languages": "En, De",
        "version": "",
        "edition": "Original"
    },
    "Amiga Plus CD ROM No. 2-99 (Germany)": {
        "secondary_name": "",
        "group_name": "Amiga Plus CD ROM No. 2-99",
        "status": "Blue",
        "disc_type": "CD",
        "languages": "De",
        "version": "",
        "edition": "Original"
    },
    "Aminet 12 - June 1996 (Europe) (En,De)": {
        "secondary_name": "",
        "group_name": "Aminet 12 - June 1996",
        "status": "Green",
        "disc_type": "CD",
        "languages": "En, De",
        "version": "",
        "edition": "Original"
    },
    "Amiga Games Disc & Mag CD ROM 4-96 (Germany)": {
        "secondary_name": "Greatest Hits '96",
        "group_name": "Amiga Games Disc & Mag CD ROM 4-96",
        "status": "Blue",
        "disc_type": "CD",
        "languages": "De",
        "version": "",
        "edition": ""
    },
    "Amiga Developer CD 1.1 - May 1996 (Europe)": {
        "secondary_name": "",
        "group_name": "Amiga Developer CD 1.1 - May 1996",
        "status": "Blue",
        "disc_type": "CD",
        "languages": "En",
        "version": "",
        "edition": "Original"
    },
    "Amiga Computer Studio Nr 04-00 (Poland)": {
        "secondary_name": "",
        "group_name": "Amiga Computer Studio Nr 04-00",
        "status": "Blue",
        "disc_type": "CD",
        "languages": "Pl",
        "version": "",
        "edition": "Original"
    },
    "Fresh Fish September 1994 (USA)": {
        "secondary_name": "",
        "group_name": "Fresh Fish September 1994",
        "status": "Blue",
        "disc_type": "CD",
        "languages": "En",
        "version": "",
        "edition": "Original"
    },
    "Amiga Plus CD ROM No. 5-97 (Germany)": {
        "secondary_name": "",
        "group_name": "Amiga Plus CD ROM No. 5-97",
        "status": "Blue",
        "disc_type": "CD",
        "languages": "De",
        "version": "",
        "edition": "Original"
    },
    "Aminet 5 - March 1995 (Europe) (En,De)": {
        "secondary_name": "",
        "group_name": "Aminet 5 - March 1995",
        "status": "Blue",
        "disc_type": "CD",
        "languages": "En, De",
        "version": "",
        "edition": "Original"
    },
    "Gateway! Volume 3 (Europe) (En,De) (Disc 2) (Companion)": {
        "secondary_name": "",
        "group_name": "Gateway! Volume 3",
        "status": "Blue",
        "disc_type": "CD",
        "languages": "En, De",
        "version": "",
        "edition": "Original"
    },
    "Amiga Plus CD No. 3-4 95 (Germany)": {
        "secondary_name": "",
        "group_name": "Amiga Plus CD No. 3-4 95",
        "status": "Blue",
        "disc_type": "CD",
        "languages": "De",
        "version": "",
        "edition": ""
    },
    "Aminet 15 - November 1996 (Europe) (En,De)": {
        "secondary_name": "",
        "group_name": "Aminet 15 - November 1996",
        "status": "Blue",
        "disc_type": "CD",
        "languages": "En, De",
        "version": "",
        "edition": "Original"
    },
    "Fresh Fish March-April 1994 (USA)": {
        "secondary_name": "",
        "group_name": "Fresh Fish March-April 1994",
        "status": "Blue",
        "disc_type": "CD",
        "languages": "En",
        "version": "",
        "edition": "Original"
    },
    "Aminet Set 6 (Europe) (En,De) (Disc D) (Mods)": {
        "secondary_name": "",
        "group_name": "Aminet Set 6",
        "status": "Blue",
        "disc_type": "CD",
        "languages": "En, De",
        "version": "",
        "edition": "Original"
    },
    "Amiga Magazin CD 5-6-96 (Germany)": {
        "secondary_name": "",
        "group_name": "Amiga Magazin CD 5-6-96",
        "status": "Green",
        "disc_type": "CD",
        "languages": "De",
        "version": "",
        "edition": "Original"
    },
    "Megahits 5 (Germany) (Disc 1)": {
        "secondary_name": "",
        "group_name": "Megahits 5",
        "status": "Blue",
        "disc_type": "CD",
        "languages": "De",
        "version": "",
        "edition": "Original"
    },
    "Aminet 45 - October 2001 (Europe) (En,De)": {
        "secondary_name": "",
        "group_name": "Aminet 45 - October 2001",
        "status": "Green",
        "disc_type": "CD",
        "languages": "En, De",
        "version": "",
        "edition": "Original"
    },
    "Amiga Plus CD No. 2-95 (Germany)": {
        "secondary_name": "",
        "group_name": "Amiga Plus CD No. 2-95",
        "status": "Green",
        "disc_type": "CD",
        "languages": "De",
        "version": "",
        "edition": "Original"
    },
    "Aminet Set 4 (Europe) (En,De) (Disc C) (Fun)": {
        "secondary_name": "",
        "group_name": "Aminet Set 4",
        "status": "Blue",
        "disc_type": "CD",
        "languages": "En, De",
        "version": "",
        "edition": "Original"
    },
    "Amiga Computer Studio Nr 02-00 (Poland)": {
        "secondary_name": "",
        "group_name": "Amiga Computer Studio Nr 02-00",
        "status": "Blue",
        "disc_type": "CD",
        "languages": "Pl",
        "version": "",
        "edition": "Original"
    },
    "Trapped (Europe)": {
        "secondary_name": "",
        "group_name": "Trapped",
        "status": "Blue",
        "disc_type": "CD",
        "languages": "En",
        "version": "",
        "edition": "Original"
    },
    "Aminet Set 5 (Europe) (En,De) (Disc C) (Fun)": {
        "secondary_name": "",
        "group_name": "Aminet Set 5",
        "status": "Blue",
        "disc_type": "CD",
        "languages": "En, De",
        "version": "",
        "edition": "Original"
    },
    "Amiga Computer Studio Nr 03-00 (Poland)": {
        "secondary_name": "",
        "group_name": "Amiga Computer Studio Nr 03-00",
        "status": "Blue",
        "disc_type": "CD",
        "languages": "Pl",
        "version": "",
        "edition": "Original"
    },
    "Amiga Magazin CD 6-7 1999 (Germany)": {
        "secondary_name": "",
        "group_name": "Amiga Magazin CD 6-7 1999",
        "status": "Green",
        "disc_type": "CD",
        "languages": "De",
        "version": "",
        "edition": "Original"
    },
    "Amiga Plus CD ROM No. 1-97 (Germany)": {
        "secondary_name": "",
        "group_name": "Amiga Plus CD ROM No. 1-97",
        "status": "Blue",
        "disc_type": "CD",
        "languages": "De",
        "version": "",
        "edition": "Original"
    },
    "Vulcanology - The MiniSeries Compilation (Europe) (En,Fr,De)": {
        "secondary_name": "",
        "group_name": "Vulcanology - The MiniSeries Compilation",
        "status": "Blue",
        "disc_type": "CD",
        "languages": "En, Fr, De",
        "version": "",
        "edition": "Original"
    },
    "Amiga Magazin CD 11-2007-1-2008 (Germany)": {
        "secondary_name": "",
        "group_name": "Amiga Magazin CD 11-2007-1-2008",
        "status": "Blue",
        "disc_type": "CD",
        "languages": "De",
        "version": "",
        "edition": "Original"
    },
    "Aminet Set 3 (Europe) (En,De) (Disc D) (Mods)": {
        "secondary_name": "",
        "group_name": "Aminet Set 3",
        "status": "Blue",
        "disc_type": "CD",
        "languages": "En, De",
        "version": "",
        "edition": "Original"
    },
    "Amiga Magazin CD 1 1998 (Germany)": {
        "secondary_name": "",
        "group_name": "Amiga Magazin CD 1 1998",
        "status": "Green",
        "disc_type": "CD",
        "languages": "De",
        "version": "",
        "edition": "Original"
    },
    "Aminet 39 - October 2000 (Europe) (En,De)": {
        "secondary_name": "",
        "group_name": "Aminet 39 - October 2000",
        "status": "Green",
        "disc_type": "CD",
        "languages": "En, De",
        "version": "",
        "edition": "Original"
    },
    "Aminet Set 8 (Europe) (En,De) (Disc C) (Fun)": {
        "secondary_name": "",
        "group_name": "Aminet Set 8",
        "status": "Blue",
        "disc_type": "CD",
        "languages": "En, De",
        "version": "",
        "edition": "Original"
    },
    "Amiga Plus Sonderheft 13 (Germany)": {
        "secondary_name": "",
        "group_name": "Amiga Plus Sonderheft 13",
        "status": "Blue",
        "disc_type": "CD",
        "languages": "De",
        "version": "",
        "edition": "Original"
    },
    "Amiga Magazin CD 12-2003 1-2004 (Germany)": {
        "secondary_name": "",
        "group_name": "Amiga Magazin CD 12-2003 1-2004",
        "status": "Green",
        "disc_type": "CD",
        "languages": "De",
        "version": "",
        "edition": "Original"
    },
    "Gunbee F-99 - The Kidnapping of Lady Akiko (Europe) (En,De)": {
        "secondary_name": "Gunbee F99",
        "group_name": "Gunbee F-99 - The Kidnapping of Lady Akiko",
        "status": "Blue",
        "disc_type": "CD",
        "languages": "En, De",
        "version": "",
        "edition": "Original"
    },
    "Aminet 19 - June 97 (Europe) (En,De)": {
        "secondary_name": "",
        "group_name": "Aminet 19 - June 97",
        "status": "Green",
        "disc_type": "CD",
        "languages": "En, De",
        "version": "",
        "edition": "Original"
    },
    "Amiga Plus CD ROM No. 1-98 (Germany)": {
        "secondary_name": "",
        "group_name": "Amiga Plus CD ROM No. 1-98",
        "status": "Blue",
        "disc_type": "CD",
        "languages": "De",
        "version": "",
        "edition": "Original"
    },
    "Erben der Erde - Die grosse Suche (Germany)": {
        "secondary_name": "",
        "group_name": "Erben der Erde - Die grosse Suche",
        "status": "Blue",
        "disc_type": "CD",
        "languages": "De",
        "version": "",
        "edition": "Original"
    },
    "Aminet Set 5 (Europe) (En,De) (Disc B) (Gfx)": {
        "secondary_name": "",
        "group_name": "Aminet Set 5",
        "status": "Blue",
        "disc_type": "CD",
        "languages": "En, De",
        "version": "",
        "edition": "Original"
    },
    "Aminet Set 1 (Europe) (En,De) (Disc D)": {
        "secondary_name": "",
        "group_name": "Aminet Set 1",
        "status": "Green",
        "disc_type": "CD",
        "languages": "En, De",
        "version": "",
        "edition": "Original"
    },
    "Amiga Magazin CD 2-4 2009 (Germany)": {
        "secondary_name": "",
        "group_name": "Amiga Magazin CD 2-4 2009",
        "status": "Green",
        "disc_type": "CD",
        "languages": "De",
        "version": "",
        "edition": "Original"
    },
    "Scene Xplorer '97 (Poland)": {
        "secondary_name": "Scene Explorer: From the Beginning into the Future",
        "group_name": "Scene Xplorer '97",
        "status": "Blue",
        "disc_type": "CD",
        "languages": "Pl",
        "version": "",
        "edition": "Original"
    },
    "Fresh Fish Volume 8 (USA) (Disc 1)": {
        "secondary_name": "",
        "group_name": "Fresh Fish Volume 8",
        "status": "Blue",
        "disc_type": "CD",
        "languages": "En",
        "version": "",
        "edition": "Original"
    },
    "Aminet 14 - October 1996 (Europe) (En,De)": {
        "secondary_name": "",
        "group_name": "Aminet 14 - October 1996",
        "status": "Green",
        "disc_type": "CD",
        "languages": "En, De",
        "version": "",
        "edition": "Original"
    },
    "Aminet 8 - October 95 (Europe) (En,De)": {
        "secondary_name": "",
        "group_name": "Aminet 8 - October 95",
        "status": "Green",
        "disc_type": "CD",
        "languages": "En, De",
        "version": "",
        "edition": "Original"
    },
    "GoldFish - April 1994 (USA) (Disc 2) (Volume Two) (Rev 1)": {
        "secondary_name": "",
        "group_name": "GoldFish - April 1994",
        "status": "Green",
        "disc_type": "CD",
        "languages": "En",
        "version": "Rev 1",
        "edition": "Original"
    },
    "Trapped II (Europe)": {
        "secondary_name": "",
        "group_name": "Trapped II",
        "status": "Blue",
        "disc_type": "CD",
        "languages": "En",
        "version": "",
        "edition": "Original"
    },
    "Amiga Magazin Power-CD 33 (Germany)": {
        "secondary_name": "",
        "group_name": "Amiga Magazin Power-CD 33",
        "status": "Blue",
        "disc_type": "CD",
        "languages": "De",
        "version": "",
        "edition": "Original"
    },
    "NetNews Offline Volume 2 (Europe) (En,De)": {
        "secondary_name": "",
        "group_name": "NetNews Offline Volume 2",
        "status": "Blue",
        "disc_type": "CD",
        "languages": "En, De",
        "version": "",
        "edition": "Original"
    },
    "Gateway! Volumen 1 (Europe) (En,De)": {
        "secondary_name": "",
        "group_name": "Gateway! Volumen 1",
        "status": "Blue",
        "disc_type": "CD",
        "languages": "En, De",
        "version": "",
        "edition": "Original"
    },
    "Quake (Europe)": {
        "secondary_name": "",
        "group_name": "Quake",
        "status": "Blue",
        "disc_type": "CD",
        "languages": "",
        "version": "",
        "edition": "Original"
    },
    "Amiga Magazin CD 8-9 1998 (Germany)": {
        "secondary_name": "",
        "group_name": "Amiga Magazin CD 8-9 1998",
        "status": "Green",
        "disc_type": "CD",
        "languages": "De",
        "version": "",
        "edition": "Original"
    },
    "Megahits 1 (Germany)": {
        "secondary_name": "",
        "group_name": "Megahits 1",
        "status": "Blue",
        "disc_type": "CD",
        "languages": "De",
        "version": "",
        "edition": "Original"
    },
    "OnEscapee (World) (En,Fr,De,It,Nl,Pt,Sv,Da,Fi,Hr,Sk,Tr)": {
        "secondary_name": "",
        "group_name": "OnEscapee",
        "status": "Green",
        "disc_type": "CD",
        "languages": "Da, Nl, En, Fi, Fr, De, It, Pt, Sv, Tr",
        "version": "",
        "edition": "Original"
    },
    "Aminet 27 - October 1998 (Europe) (En,De)": {
        "secondary_name": "",
        "group_name": "Aminet 27 - October 1998",
        "status": "Blue",
        "disc_type": "CD",
        "languages": "En, De",
        "version": "",
        "edition": "Original"
    },
    "Aminet 48 - April 2002 (Europe) (En,De)": {
        "secondary_name": "",
        "group_name": "Aminet 48 - April 2002",
        "status": "Green",
        "disc_type": "CD",
        "languages": "En, De",
        "version": "",
        "edition": "Original"
    },
    "Nightlong - Union City Conspiracy (Europe) (En,Fr,De,Es,It) (Disc 3)": {
        "secondary_name": "",
        "group_name": "Nightlong - Union City Conspiracy",
        "status": "Blue",
        "disc_type": "CD",
        "languages": "En, Fr, De, It, Es",
        "version": "1.1",
        "edition": "Original"
    },
    "Aminet 36 - April 2000 (Europe) (En,De)": {
        "secondary_name": "",
        "group_name": "Aminet 36 - April 2000",
        "status": "Green",
        "disc_type": "CD",
        "languages": "En, De",
        "version": "",
        "edition": "Original"
    },
    "Aminet 21 - October 97 (Europe) (En,De)": {
        "secondary_name": "",
        "group_name": "Aminet 21 - October 97",
        "status": "Green",
        "disc_type": "CD",
        "languages": "En, De",
        "version": "",
        "edition": "Original"
    },
    "Aminet Set 5 (Europe) (En,De) (Disc D) (Mods)": {
        "secondary_name": "",
        "group_name": "Aminet Set 5",
        "status": "Blue",
        "disc_type": "CD",
        "languages": "En, De",
        "version": "",
        "edition": "Original"
    },
    "Amiga Magazin CD 8-2008-10-2008 (Germany)": {
        "secondary_name": "",
        "group_name": "Amiga Magazin CD 8-2008-10-2008",
        "status": "Blue",
        "disc_type": "CD",
        "languages": "De",
        "version": "",
        "edition": "Original"
    },
    "Fresh Fish October 1993 (USA)": {
        "secondary_name": "",
        "group_name": "Fresh Fish October 1993",
        "status": "Blue",
        "disc_type": "CD",
        "languages": "En",
        "version": "Rev.1",
        "edition": "Original"
    },
    "Spherical Worlds (Europe)": {
        "secondary_name": "",
        "group_name": "Spherical Worlds",
        "status": "Blue",
        "disc_type": "CD",
        "languages": "En",
        "version": "",
        "edition": "Original"
    },
    "Amiga Plus CD ROM No. 3-98 (Germany)": {
        "secondary_name": "",
        "group_name": "Amiga Plus CD ROM No. 3-98",
        "status": "Blue",
        "disc_type": "CD",
        "languages": "De",
        "version": "",
        "edition": "Original"
    },
    "Reflections 4 (Germany)": {
        "secondary_name": "",
        "group_name": "Reflections 4",
        "status": "Blue",
        "disc_type": "CD",
        "languages": "De",
        "version": "",
        "edition": "Original"
    },
    "Amiga Plus Sonderheft 19 (Germany)": {
        "secondary_name": "",
        "group_name": "Amiga Plus Sonderheft 19",
        "status": "Blue",
        "disc_type": "CD",
        "languages": "De",
        "version": "",
        "edition": "Original"
    },
    "GigaPD V3.0 - 3-CD ROM Set fuer Amiga Computer mit CD-ROM Laufwerk (Germany) (Disc 3) (Update 2)": {
        "secondary_name": "",
        "group_name": "GigaPD V3.0 - 3-CD ROM Set fuer Amiga Computer mit CD-ROM Laufwerk",
        "status": "Blue",
        "disc_type": "CD",
        "languages": "De",
        "version": "3.0",
        "edition": "Original"
    },
    "Amiga Magazin CD 5-6 1997 (Germany)": {
        "secondary_name": "",
        "group_name": "Amiga Magazin CD 5-6 1997",
        "status": "Green",
        "disc_type": "CD",
        "languages": "De",
        "version": "",
        "edition": "Original"
    },
    "Amiga Computer Studio Nr 02-01 (Poland)": {
        "secondary_name": "",
        "group_name": "Amiga Computer Studio Nr 02-01",
        "status": "Blue",
        "disc_type": "CD",
        "languages": "Pl",
        "version": "",
        "edition": "Original"
    },
    "Amiga Plus Sonderheft 9 (Germany)": {
        "secondary_name": "",
        "group_name": "Amiga Plus Sonderheft 9",
        "status": "Blue",
        "disc_type": "CD",
        "languages": "De",
        "version": "",
        "edition": "Original"
    },
    "Aminet Set 7 (Europe) (En,De) (Disc C) (Fun)": {
        "secondary_name": "",
        "group_name": "Aminet Set 7",
        "status": "Blue",
        "disc_type": "CD",
        "languages": "En, De",
        "version": "",
        "edition": "Original"
    },
    "Theme Park (Europe) (En,De)": {
        "secondary_name": "Theme Park AGA Enhanced version + ECS version",
        "group_name": "Theme Park",
        "status": "Blue",
        "disc_type": "CD",
        "languages": "En, De",
        "version": "",
        "edition": "Original"
    },
    "Megahits 7 (Germany)": {
        "secondary_name": "",
        "group_name": "Megahits 7",
        "status": "Blue",
        "disc_type": "CD",
        "languages": "De",
        "version": "",
        "edition": "Original"
    },
    "Amiga Plus CD ROM No. 1-99 (Germany)": {
        "secondary_name": "",
        "group_name": "Amiga Plus CD ROM No. 1-99",
        "status": "Blue",
        "disc_type": "CD",
        "languages": "De",
        "version": "",
        "edition": "Original"
    },
    "Aminet 6 - June 95 (Europe) (En,De)": {
        "secondary_name": "",
        "group_name": "Aminet 6 - June 95",
        "status": "Green",
        "disc_type": "CD",
        "languages": "En, De",
        "version": "",
        "edition": "Original"
    },
    "Monzoom Pro (Germany)": {
        "secondary_name": "",
        "group_name": "Monzoom Pro",
        "status": "Blue",
        "disc_type": "CD",
        "languages": "De",
        "version": "",
        "edition": "Original"
    },
    "Amiga Computer Studio Cover CD 6 (Poland)": {
        "secondary_name": "Amiga Computer Studio 1/98",
        "group_name": "Amiga Computer Studio Cover CD 6",
        "status": "Blue",
        "disc_type": "CD",
        "languages": "Pl",
        "version": "",
        "edition": "Original"
    },
    "Megahits 6 (Germany) (Disc 1)": {
        "secondary_name": "",
        "group_name": "Megahits 6",
        "status": "Blue",
        "disc_type": "CD",
        "languages": "De",
        "version": "",
        "edition": "Original"
    },
    "Amiga Magazin CD 2-3 2002 (Germany)": {
        "secondary_name": "",
        "group_name": "Amiga Magazin CD 2-3 2002",
        "status": "Green",
        "disc_type": "CD",
        "languages": "De",
        "version": "",
        "edition": "Original"
    },
    "Amiga Games CD-ROM & Mag 8-96 (Germany)": {
        "secondary_name": "",
        "group_name": "Amiga Games CD-ROM & Mag 8-96",
        "status": "Blue",
        "disc_type": "CD",
        "languages": "De",
        "version": "",
        "edition": "Original"
    },
    "Amiga Plus CD ROM Extra No. 4-97 (Germany)": {
        "secondary_name": "",
        "group_name": "Amiga Plus CD ROM Extra No. 4-97",
        "status": "Blue",
        "disc_type": "CD",
        "languages": "De",
        "version": "",
        "edition": "Original"
    },
    "Amiga Plus Sonderheft 12 (Germany)": {
        "secondary_name": "",
        "group_name": "Amiga Plus Sonderheft 12",
        "status": "Blue",
        "disc_type": "CD",
        "languages": "De",
        "version": "",
        "edition": "Original"
    },
    "Spielekiste 2 (Germany)": {
        "secondary_name": "",
        "group_name": "Spielekiste 2",
        "status": "Blue",
        "disc_type": "CD",
        "languages": "De",
        "version": "",
        "edition": "Original"
    },
    "Amiga Plus Sonderheft 18 (Germany)": {
        "secondary_name": "",
        "group_name": "Amiga Plus Sonderheft 18",
        "status": "Blue",
        "disc_type": "CD",
        "languages": "De",
        "version": "",
        "edition": "Original"
    },
    "Amiga Plus Sonderheft 21 (Germany)": {
        "secondary_name": "",
        "group_name": "Amiga Plus Sonderheft 21",
        "status": "Blue",
        "disc_type": "CD",
        "languages": "De",
        "version": "",
        "edition": "Original"
    },
    "Amiga Magazin CD 4-5 2001 (Germany)": {
        "secondary_name": "",
        "group_name": "Amiga Magazin CD 4-5 2001",
        "status": "Green",
        "disc_type": "CD",
        "languages": "De",
        "version": "",
        "edition": "Original"
    },
    "Amiga Magazin CD 10-11 2002 (Germany)": {
        "secondary_name": "",
        "group_name": "Amiga Magazin CD 10-11 2002",
        "status": "Green",
        "disc_type": "CD",
        "languages": "De",
        "version": "",
        "edition": "Original"
    },
    "Amiga Magazin CD 2-4 2007 (Germany)": {
        "secondary_name": "",
        "group_name": "Amiga Magazin CD 2-4 2007",
        "status": "Blue",
        "disc_type": "CD",
        "languages": "De",
        "version": "",
        "edition": "Original"
    },
    "Amiga Giga Graphic CD Collection 1-4 (Germany) (Disc 3)": {
        "secondary_name": "",
        "group_name": "Amiga Giga Graphic CD Collection 1-4",
        "status": "Blue",
        "disc_type": "CD",
        "languages": "De",
        "version": "",
        "edition": "Original"
    },
    "Amiga Magazin CD 6-7-2004 (Germany)": {
        "secondary_name": "",
        "group_name": "Amiga Magazin CD 6-7-2004",
        "status": "Green",
        "disc_type": "CD",
        "languages": "De",
        "version": "",
        "edition": "Original"
    },
    "Nemac IV - Director's Cut (Europe)": {
        "secondary_name": "",
        "group_name": "Nemac IV - Director's Cut",
        "status": "Blue",
        "disc_type": "CD",
        "languages": "En",
        "version": "1.1",
        "edition": "Original"
    },
    "Aminet 34 - December 99 (Europe) (En,De)": {
        "secondary_name": "",
        "group_name": "Aminet 34 - December 99",
        "status": "Green",
        "disc_type": "CD",
        "languages": "En, De",
        "version": "",
        "edition": "Original"
    },
    "GoldFish - April 1994 (USA) (Disc 2) (Volume Two)": {
        "secondary_name": "",
        "group_name": "GoldFish - April 1994",
        "status": "Blue",
        "disc_type": "CD",
        "languages": "En",
        "version": "",
        "edition": "Original"
    },
    "Arktis Edition Vol. 1 (Germany)": {
        "secondary_name": "",
        "group_name": "Arktis Edition Vol. 1",
        "status": "Blue",
        "disc_type": "CD",
        "languages": "De",
        "version": "",
        "edition": "Original"
    },
    "GigaPD V3.0 - 3-CD ROM Set fuer Amiga Computer mit CD-ROM Laufwerk (Germany) (Disc 2) (Update 1)": {
        "secondary_name": "",
        "group_name": "GigaPD V3.0 - 3-CD ROM Set fuer Amiga Computer mit CD-ROM Laufwerk",
        "status": "Blue",
        "disc_type": "CD",
        "languages": "De",
        "version": "3.0",
        "edition": "Original"
    },
    "Aminet Set 9 (Europe) (En,De) (Disc B) (Gfx)": {
        "secondary_name": "",
        "group_name": "Aminet Set 9",
        "status": "Blue",
        "disc_type": "CD",
        "languages": "En, De",
        "version": "",
        "edition": "Original"
    },
    "Aminet Set 4 (Europe) (En,De) (Disc A) (Tools)": {
        "secondary_name": "",
        "group_name": "Aminet Set 4",
        "status": "Blue",
        "disc_type": "CD",
        "languages": "En, De",
        "version": "",
        "edition": "Original"
    },
    "Amiga Magazin CD 7-8 1997 (Germany)": {
        "secondary_name": "",
        "group_name": "Amiga Magazin CD 7-8 1997",
        "status": "Green",
        "disc_type": "CD",
        "languages": "De",
        "version": "",
        "edition": "Original"
    },
    "Amiga Special Software Hits (Germany)": {
        "secondary_name": "",
        "group_name": "Amiga Special Software Hits",
        "status": "Blue",
        "disc_type": "CD",
        "languages": "De",
        "version": "",
        "edition": "Original"
    },
    "Megahits 3 (Germany)": {
        "secondary_name": "",
        "group_name": "Megahits 3",
        "status": "Blue",
        "disc_type": "CD",
        "languages": "De",
        "version": "",
        "edition": "Original"
    },
    "Amiga Magazin CD Vol. 2 - Amiga Magazin PD-Software (Germany)": {
        "secondary_name": "",
        "group_name": "Amiga Magazin CD Vol. 2 - Amiga Magazin PD-Software",
        "status": "Blue",
        "disc_type": "CD",
        "languages": "De",
        "version": "",
        "edition": "Original"
    },
    "Amiga Computer Studio Nr 01-00 (Poland)": {
        "secondary_name": "",
        "group_name": "Amiga Computer Studio Nr 01-00",
        "status": "Blue",
        "disc_type": "CD",
        "languages": "Pl",
        "version": "",
        "edition": "Original"
    },
    "Amiga Plus Sonderheft 8 (Germany)": {
        "secondary_name": "",
        "group_name": "Amiga Plus Sonderheft 8",
        "status": "Blue",
        "disc_type": "CD",
        "languages": "De",
        "version": "",
        "edition": "Original"
    },
    "Amiga Computer Studio Cover CD 7-8-98 (Poland)": {
        "secondary_name": "",
        "group_name": "Amiga Computer Studio Cover CD 7-8-98",
        "status": "Blue",
        "disc_type": "CD",
        "languages": "Pl",
        "version": "",
        "edition": "Original"
    },
    "Amiga Magazin CD 6-7 2000 (Germany)": {
        "secondary_name": "",
        "group_name": "Amiga Magazin CD 6-7 2000",
        "status": "Green",
        "disc_type": "CD",
        "languages": "De",
        "version": "",
        "edition": "Original"
    },
    "Amiga Magazin CD 4-5 2000 (Germany)": {
        "secondary_name": "",
        "group_name": "Amiga Magazin CD 4-5 2000",
        "status": "Green",
        "disc_type": "CD",
        "languages": "De",
        "version": "",
        "edition": "Original"
    },
    "Aminet 10 - February 1996 (Europe) (En,De)": {
        "secondary_name": "",
        "group_name": "Aminet 10 - February 1996",
        "status": "Blue",
        "disc_type": "CD",
        "languages": "En, De",
        "version": "",
        "edition": "Original"
    },
    "Aminet 30 - April 99 (Europe) (En,De)": {
        "secondary_name": "",
        "group_name": "Aminet 30 - April 99",
        "status": "Green",
        "disc_type": "CD",
        "languages": "En, De",
        "version": "",
        "edition": "Original"
    },
    "Oh Yes... More Worms! Volume 1 (Europe)": {
        "secondary_name": "",
        "group_name": "Oh Yes... More Worms! Volume 1",
        "status": "Blue",
        "disc_type": "CD",
        "languages": "En",
        "version": "",
        "edition": "Original"
    },
    "Amiga Giga Graphic CD Collection 1-4 (Germany) (Disc 4)": {
        "secondary_name": "",
        "group_name": "Amiga Giga Graphic CD Collection 1-4",
        "status": "Blue",
        "disc_type": "CD",
        "languages": "De",
        "version": "",
        "edition": "Original"
    },
    "Eagle Linux M68K 1.02.33 - 32 Bit Betriebs System auf CD-ROM (Germany)": {
        "secondary_name": "",
        "group_name": "Eagle Linux M68K 1.02.33 - 32 Bit Betriebs System auf CD-ROM",
        "status": "Blue",
        "disc_type": "CD",
        "languages": "De",
        "version": "1.02.33",
        "edition": "Original"
    },
    "Fresh Fish Volume 9 (USA) (Disc 1)": {
        "secondary_name": "",
        "group_name": "Fresh Fish Volume 9",
        "status": "Blue",
        "disc_type": "CD",
        "languages": "En",
        "version": "",
        "edition": "Original"
    },
    "Amiga Plus CD No. 5-6 95 (Germany)": {
        "secondary_name": "",
        "group_name": "Amiga Plus CD No. 5-6 95",
        "status": "Blue",
        "disc_type": "CD",
        "languages": "De",
        "version": "",
        "edition": ""
    },
    "Amiga Magazin CD Vol. 1 - Bilder und Animationen (Germany)": {
        "secondary_name": "",
        "group_name": "Amiga Magazin CD Vol. 1 - Bilder und Animationen",
        "status": "Blue",
        "disc_type": "CD",
        "languages": "De",
        "version": "",
        "edition": "Original"
    },
    "Fresh Fish July-August 1994 (USA)": {
        "secondary_name": "",
        "group_name": "Fresh Fish July-August 1994",
        "status": "Blue",
        "disc_type": "CD",
        "languages": "En",
        "version": "",
        "edition": "Original"
    },
    "Hottest 4 (Europe)": {
        "secondary_name": "",
        "group_name": "Hottest 4",
        "status": "Blue",
        "disc_type": "CD",
        "languages": "En",
        "version": "",
        "edition": "Original"
    },
    "Amiga CD! Magazine No. 3 (Europe)": {
        "secondary_name": "",
        "group_name": "Amiga CD! Magazine No. 3",
        "status": "Blue",
        "disc_type": "CD",
        "languages": "En",
        "version": "",
        "edition": "Bundled with Magazine"
    },
    "Amiga Magazin CD 8-10-2005 (Germany)": {
        "secondary_name": "",
        "group_name": "Amiga Magazin CD 8-10-2005",
        "status": "Green",
        "disc_type": "CD",
        "languages": "De",
        "version": "",
        "edition": "Original"
    },
    "Amiga Magazin CD 12-2001 1-2002 (Germany)": {
        "secondary_name": "",
        "group_name": "Amiga Magazin CD 12-2001 1-2002",
        "status": "Green",
        "disc_type": "CD",
        "languages": "De",
        "version": "",
        "edition": "Original"
    },
    "Amiga Magazin CD 6-7 2001 (Germany)": {
        "secondary_name": "",
        "group_name": "Amiga Magazin CD 6-7 2001",
        "status": "Green",
        "disc_type": "CD",
        "languages": "De",
        "version": "",
        "edition": "Original"
    },
    "Aminet 43 - June 2001 (Europe) (En,De)": {
        "secondary_name": "",
        "group_name": "Aminet 43 - June 2001",
        "status": "Blue",
        "disc_type": "CD",
        "languages": "En, De",
        "version": "",
        "edition": "Original"
    },
    "Emulators Unlimited Plus (Germany) (En,De)": {
        "secondary_name": "",
        "group_name": "Emulators Unlimited Plus",
        "status": "Green",
        "disc_type": "CD",
        "languages": "En, De",
        "version": "1.1",
        "edition": "Original"
    },
    "Aminet 29 - February 99 (Europe) (En,De)": {
        "secondary_name": "",
        "group_name": "Aminet 29 - February 99",
        "status": "Green",
        "disc_type": "CD",
        "languages": "En, De",
        "version": "",
        "edition": "Original"
    },
    "Amiga Magazin CD 6-7 2002 (Germany)": {
        "secondary_name": "",
        "group_name": "Amiga Magazin CD 6-7 2002",
        "status": "Green",
        "disc_type": "CD",
        "languages": "De",
        "version": "",
        "edition": "Original"
    },
    "Amiga Magazin CD 10-11 1999 (Germany)": {
        "secondary_name": "",
        "group_name": "Amiga Magazin CD 10-11 1999",
        "status": "Green",
        "disc_type": "CD",
        "languages": "De",
        "version": "",
        "edition": "Original"
    },
    "Amiga Computer Studio Nr 01-01 (Poland)": {
        "secondary_name": "",
        "group_name": "Amiga Computer Studio Nr 01-01",
        "status": "Blue",
        "disc_type": "CD",
        "languages": "Pl",
        "version": "",
        "edition": "Original"
    },
    "Forest Dumb Forever!!! (Europe)": {
        "secondary_name": "Forest Dump Forever",
        "group_name": "Forest Dumb Forever!!!",
        "status": "Blue",
        "disc_type": "CD",
        "languages": "En",
        "version": "",
        "edition": "Original"
    },
    "Amiga Games CD-ROM & Mag 9-96 (Germany)": {
        "secondary_name": "",
        "group_name": "Amiga Games CD-ROM & Mag 9-96",
        "status": "Blue",
        "disc_type": "CD",
        "languages": "De",
        "version": "",
        "edition": "Original"
    },
    "NetNews Offline Volume 1 (Europe) (En,De)": {
        "secondary_name": "",
        "group_name": "NetNews Offline Volume 1",
        "status": "Blue",
        "disc_type": "CD",
        "languages": "En, De",
        "version": "",
        "edition": "Original"
    },
    "Amiga Magazin CD 2-4-2005 (Germany)": {
        "secondary_name": "",
        "group_name": "Amiga Magazin CD 2-4-2005",
        "status": "Green",
        "disc_type": "CD",
        "languages": "De",
        "version": "",
        "edition": "Original"
    },
    "Amiga Magazin CD 1-2 1997 (Germany)": {
        "secondary_name": "",
        "group_name": "Amiga Magazin CD 1-2 1997",
        "status": "Green",
        "disc_type": "CD",
        "languages": "De",
        "version": "",
        "edition": "Original"
    },
    "Amiga Computer Studio Nr 03-99 (Poland)": {
        "secondary_name": "",
        "group_name": "Amiga Computer Studio Nr 03-99",
        "status": "Blue",
        "disc_type": "CD",
        "languages": "Pl",
        "version": "",
        "edition": "Original"
    },
    "GigaPD V2.0 - The Biggest Collection of Freely Distributable Software for the Amiga with CD-ROM Drive - In ISO Level 1 (Germany)": {
        "secondary_name": "",
        "group_name": "GigaPD V2.0 - The Biggest Collection of Freely Distributable Software for the Amiga with CD-ROM Drive - In ISO Level 1",
        "status": "Blue",
        "disc_type": "CD",
        "languages": "De",
        "version": "2.0",
        "edition": "Original"
    },
    "Gorky 17 (Europe) (En,Fr,De,Es)": {
        "secondary_name": "",
        "group_name": "Gorky 17",
        "status": "Blue",
        "disc_type": "CD",
        "languages": "En, Fr, De, Es",
        "version": "",
        "edition": "Original"
    },
    "Megahits 5 (Germany) (Disc 2)": {
        "secondary_name": "",
        "group_name": "Megahits 5",
        "status": "Blue",
        "disc_type": "CD",
        "languages": "De",
        "version": "",
        "edition": "Original"
    },
    "Myst (Germany)": {
        "secondary_name": "",
        "group_name": "Myst",
        "status": "Blue",
        "disc_type": "CD",
        "languages": "De",
        "version": "",
        "edition": "Original"
    },
    "Amiga Magazin CD 10-95 (Germany)": {
        "secondary_name": "",
        "group_name": "Amiga Magazin CD 10-95",
        "status": "Green",
        "disc_type": "CD",
        "languages": "De",
        "version": "",
        "edition": "Original"
    },
    "Nightlong - Union City Conspiracy (Europe) (En,Fr,De,Es,It) (Disc 1)": {
        "secondary_name": "",
        "group_name": "Nightlong - Union City Conspiracy",
        "status": "Blue",
        "disc_type": "CD",
        "languages": "En, Fr, De, It, Es",
        "version": "1.1",
        "edition": "Original"
    },
    "Tales from Heaven (Europe)": {
        "secondary_name": "",
        "group_name": "Tales from Heaven",
        "status": "Blue",
        "disc_type": "CD",
        "languages": "En",
        "version": "",
        "edition": "Original"
    },
    "Aminet 11 - April 1996 (Europe) (En,De)": {
        "secondary_name": "",
        "group_name": "Aminet 11 - April 1996",
        "status": "Green",
        "disc_type": "CD",
        "languages": "En, De",
        "version": "",
        "edition": "Original"
    },
    "Megahits 6 (Germany) (Disc 2)": {
        "secondary_name": "",
        "group_name": "Megahits 6",
        "status": "Blue",
        "disc_type": "CD",
        "languages": "De",
        "version": "",
        "edition": "Original"
    },
    "Geek Gadgets May 98 Snapshot (Europe)": {
        "secondary_name": "",
        "group_name": "Geek Gadgets May 98 Snapshot",
        "status": "Blue",
        "disc_type": "CD",
        "languages": "En",
        "version": "",
        "edition": "Original"
    },
    "GoldFish - April 1994 (USA) (Disc 1) (Volume One)": {
        "secondary_name": "",
        "group_name": "GoldFish - April 1994",
        "status": "Blue",
        "disc_type": "CD",
        "languages": "En",
        "version": "",
        "edition": "Original"
    },
    "Geek Gadgets Version 2 (Europe)": {
        "secondary_name": "",
        "group_name": "Geek Gadgets Version 2",
        "status": "Blue",
        "disc_type": "CD",
        "languages": "En",
        "version": "",
        "edition": "Original"
    },
    "Amiga Plus CD ROM Extra No. 3-96 (Germany)": {
        "secondary_name": "",
        "group_name": "Amiga Plus CD ROM Extra No. 3-96",
        "status": "Green",
        "disc_type": "CD",
        "languages": "De",
        "version": "",
        "edition": "Original"
    },
    "Amiga Magazin CD 10-2004 (Germany)": {
        "secondary_name": "",
        "group_name": "Amiga Magazin CD 10-2004",
        "status": "Green",
        "disc_type": "CD",
        "languages": "De",
        "version": "",
        "edition": "Original"
    },
    "Amiga Magazin CD 12-2004 1-2005 (Germany)": {
        "secondary_name": "",
        "group_name": "Amiga Magazin CD 12-2004 1-2005",
        "status": "Green",
        "disc_type": "CD",
        "languages": "De",
        "version": "",
        "edition": "Original"
    },
    "Mag!!! (Germany)": {
        "secondary_name": "",
        "group_name": "Mag!!!",
        "status": "Blue",
        "disc_type": "CD",
        "languages": "De",
        "version": "",
        "edition": "Original"
    },
    "Aminet 13 - August 1996 (Europe) (En,De)": {
        "secondary_name": "",
        "group_name": "Aminet 13 - August 1996",
        "status": "Green",
        "disc_type": "CD",
        "languages": "En, De",
        "version": "",
        "edition": "Original"
    },
    "Aminet 44 - August 2001 (Europe) (En,De)": {
        "secondary_name": "",
        "group_name": "Aminet 44 - August 2001",
        "status": "Green",
        "disc_type": "CD",
        "languages": "En, De",
        "version": "",
        "edition": "Original"
    },
    "Fresh Fish May-June 1994 (USA)": {
        "secondary_name": "",
        "group_name": "Fresh Fish May-June 1994",
        "status": "Blue",
        "disc_type": "CD",
        "languages": "En",
        "version": "",
        "edition": "Original"
    },
    "Amiga Developer CD 1.2 - Mai 1998 (Europe) (En,De)": {
        "secondary_name": "",
        "group_name": "Amiga Developer CD 1.2 - Mai 1998",
        "status": "Green",
        "disc_type": "CD",
        "languages": "En, De",
        "version": "",
        "edition": "Original"
    },
    "Amiga Magazin CD 8-9 1999 (Germany)": {
        "secondary_name": "",
        "group_name": "Amiga Magazin CD 8-9 1999",
        "status": "Green",
        "disc_type": "CD",
        "languages": "De",
        "version": "",
        "edition": "Original"
    },
    "Kargon (Europe) (En,De)": {
        "secondary_name": "",
        "group_name": "Kargon",
        "status": "Blue",
        "disc_type": "CD",
        "languages": "En, De",
        "version": "",
        "edition": "Original"
    },
    "Amiga Plus CD ROM No. 4-98 (Germany)": {
        "secondary_name": "",
        "group_name": "Amiga Plus CD ROM No. 4-98",
        "status": "Blue",
        "disc_type": "CD",
        "languages": "De",
        "version": "",
        "edition": "Original"
    },
    "Amiga Magazin CD 12-2002 1-2003 (Germany)": {
        "secondary_name": "",
        "group_name": "Amiga Magazin CD 12-2002 1-2003",
        "status": "Green",
        "disc_type": "CD",
        "languages": "De",
        "version": "",
        "edition": "Original"
    },
    "Lock-N-Load Games Compilation (USA)": {
        "secondary_name": "",
        "group_name": "Lock-N-Load Games Compilation",
        "status": "Blue",
        "disc_type": "CD",
        "languages": "En",
        "version": "",
        "edition": "Original"
    },
    "Reflections 3.0 Zubehoer (Germany)": {
        "secondary_name": "",
        "group_name": "Reflections 3.0 Zubehoer",
        "status": "Blue",
        "disc_type": "CD",
        "languages": "De",
        "version": "",
        "edition": "Original"
    },
    "Fresh Fish Volume 9 (USA) (Disc 2)": {
        "secondary_name": "",
        "group_name": "Fresh Fish Volume 9",
        "status": "Blue",
        "disc_type": "CD",
        "languages": "En",
        "version": "",
        "edition": "Original"
    },
    "Amiga Magazin CD 02-03 2004 (Germany)": {
        "secondary_name": "",
        "group_name": "Amiga Magazin CD 02-03 2004",
        "status": "Green",
        "disc_type": "CD",
        "languages": "De",
        "version": "",
        "edition": "Original"
    },
    "Aminet 42 - April 2001 (Europe) (En,De)": {
        "secondary_name": "",
        "group_name": "Aminet 42 - April 2001",
        "status": "Green",
        "disc_type": "CD",
        "languages": "En, De",
        "version": "",
        "edition": "Original"
    },
    "Amiga Games CD-ROM & Mag 7-96 (Germany)": {
        "secondary_name": "",
        "group_name": "Amiga Games CD-ROM & Mag 7-96",
        "status": "Blue",
        "disc_type": "CD",
        "languages": "De",
        "version": "",
        "edition": "Original"
    },
    "Amiga Magazin CD 2 1998 (Germany)": {
        "secondary_name": "",
        "group_name": "Amiga Magazin CD 2 1998",
        "status": "Green",
        "disc_type": "CD",
        "languages": "De",
        "version": "",
        "edition": "Original"
    },
    "Amiga Games Disc & Mag CD ROM 1-96 (Germany)": {
        "secondary_name": "Amiga Software",
        "group_name": "Amiga Games Disc & Mag CD ROM 1-96",
        "status": "Blue",
        "disc_type": "CD",
        "languages": "De",
        "version": "",
        "edition": ""
    },
    "Amiga Magazin CD 10-11 1998 (Germany)": {
        "secondary_name": "",
        "group_name": "Amiga Magazin CD 10-11 1998",
        "status": "Green",
        "disc_type": "CD",
        "languages": "De",
        "version": "",
        "edition": "Original"
    },
    "Amiga Plus CD ROM No. 2-98 (Germany)": {
        "secondary_name": "",
        "group_name": "Amiga Plus CD ROM No. 2-98",
        "status": "Yellow",
        "disc_type": "CD",
        "languages": "De",
        "version": "",
        "edition": ""
    },
    "Amiga Plus Sonderheft 11 (Germany)": {
        "secondary_name": "",
        "group_name": "Amiga Plus Sonderheft 11",
        "status": "Blue",
        "disc_type": "CD",
        "languages": "De",
        "version": "",
        "edition": "Original"
    },
    "Amiga Vademecum Numer 2 (Poland)": {
        "secondary_name": "",
        "group_name": "Amiga Vademecum Numer 2",
        "status": "Blue",
        "disc_type": "CD",
        "languages": "Pl",
        "version": "",
        "edition": "Original"
    },
    "Meeting Pearls Vol. IV (Europe) (En,De)": {
        "secondary_name": "",
        "group_name": "Meeting Pearls Vol. IV",
        "status": "Blue",
        "disc_type": "CD",
        "languages": "En, De",
        "version": "",
        "edition": "Original"
    },
    "Amiga Magazin CD 10-11 2000 (Germany)": {
        "secondary_name": "",
        "group_name": "Amiga Magazin CD 10-11 2000",
        "status": "Green",
        "disc_type": "CD",
        "languages": "De",
        "version": "",
        "edition": "Original"
    },
    "Aminet Set 5 (Europe) (En,De) (Disc A) (Tools)": {
        "secondary_name": "",
        "group_name": "Aminet Set 5",
        "status": "Blue",
        "disc_type": "CD",
        "languages": "En, De",
        "version": "",
        "edition": "Original"
    },
    "Aminet Set 8 (Europe) (En,De) (Disc B) (Gfx)": {
        "secondary_name": "",
        "group_name": "Aminet Set 8",
        "status": "Blue",
        "disc_type": "CD",
        "languages": "En, De",
        "version": "",
        "edition": "Original"
    },
    "Aminet Amiga CD-ROM - February 1994 (USA)": {
        "secondary_name": "",
        "group_name": "Aminet Amiga CD-ROM - February 1994",
        "status": "Blue",
        "disc_type": "CD",
        "languages": "En",
        "version": "",
        "edition": "Original"
    },
    "Amiga Magazin CD 8-9 2002 (Germany)": {
        "secondary_name": "",
        "group_name": "Amiga Magazin CD 8-9 2002",
        "status": "Green",
        "disc_type": "CD",
        "languages": "De",
        "version": "",
        "edition": "Original"
    },
    "Amiga Magazin CD 8-9 2000 (Germany)": {
        "secondary_name": "",
        "group_name": "Amiga Magazin CD 8-9 2000",
        "status": "Green",
        "disc_type": "CD",
        "languages": "De",
        "version": "",
        "edition": "Original"
    },
    "Aminet Set 4 (Europe) (En,De) (Disc D) (Mods)": {
        "secondary_name": "",
        "group_name": "Aminet Set 4",
        "status": "Blue",
        "disc_type": "CD",
        "languages": "En, De",
        "version": "",
        "edition": "Original"
    },
    "Amiga Magazin CD 5-2008-7-2008 (Germany)": {
        "secondary_name": "",
        "group_name": "Amiga Magazin CD 5-2008-7-2008",
        "status": "Blue",
        "disc_type": "CD",
        "languages": "De",
        "version": "",
        "edition": "Original"
    },
    "GoldFish Volume 2 (USA) (Disc 1)": {
        "secondary_name": "",
        "group_name": "GoldFish Volume 2",
        "status": "Blue",
        "disc_type": "CD",
        "languages": "En",
        "version": "",
        "edition": "Original"
    },
    "Aminet 3 - July 1994 (Europe) (En,De)": {
        "secondary_name": "",
        "group_name": "Aminet 3 - July 1994",
        "status": "Blue",
        "disc_type": "CD",
        "languages": "En, De",
        "version": "",
        "edition": "Original"
    },
    "Amiga Giga Graphic CD Collection 1-4 (Germany) (Disc 1)": {
        "secondary_name": "",
        "group_name": "Amiga Giga Graphic CD Collection 1-4",
        "status": "Blue",
        "disc_type": "CD",
        "languages": "De",
        "version": "",
        "edition": "Original"
    },
    "Amiga Magazin CD 8-9 2001 (Germany)": {
        "secondary_name": "",
        "group_name": "Amiga Magazin CD 8-9 2001",
        "status": "Green",
        "disc_type": "CD",
        "languages": "De",
        "version": "",
        "edition": "Original"
    },
    "Aminet 25 - June 1998 (Europe) (En,De)": {
        "secondary_name": "",
        "group_name": "Aminet 25 - June 1998",
        "status": "Blue",
        "disc_type": "CD",
        "languages": "En, De",
        "version": "",
        "edition": "Original"
    },
    "Amiga Games Disc & Mag CD ROM 2-96 (Germany)": {
        "secondary_name": "Traps 'n' Treasures & Marblelous & Amber",
        "group_name": "Amiga Games Disc & Mag CD ROM 2-96",
        "status": "Blue",
        "disc_type": "CD",
        "languages": "De",
        "version": "",
        "edition": ""
    },
    "Aminet Set 8 (Europe) (En,De) (Disc D) (Mods)": {
        "secondary_name": "",
        "group_name": "Aminet Set 8",
        "status": "Blue",
        "disc_type": "CD",
        "languages": "En, De",
        "version": "",
        "edition": "Original"
    },
    "Amiga Magazin CD 2-3 1999 (Germany)": {
        "secondary_name": "",
        "group_name": "Amiga Magazin CD 2-3 1999",
        "status": "Green",
        "disc_type": "CD",
        "languages": "De",
        "version": "",
        "edition": "Original"
    },
    "Aminet Set 1 (Europe) (En,De) (Disc C)": {
        "secondary_name": "",
        "group_name": "Aminet Set 1",
        "status": "Green",
        "disc_type": "CD",
        "languages": "En, De",
        "version": "",
        "edition": "Original"
    },
    "Aminet 17 - February 1997 (Europe) (En,De)": {
        "secondary_name": "",
        "group_name": "Aminet 17 - February 1997",
        "status": "Green",
        "disc_type": "CD",
        "languages": "En, De",
        "version": "",
        "edition": "Original"
    },
    "GoldFish Volume 2 (USA) (Disc 2)": {
        "secondary_name": "",
        "group_name": "GoldFish Volume 2",
        "status": "Blue",
        "disc_type": "CD",
        "languages": "En",
        "version": "",
        "edition": "Original"
    },
    "Aminet 22 - December 1997 (Europe) (En,De)": {
        "secondary_name": "",
        "group_name": "Aminet 22 - December 1997",
        "status": "Blue",
        "disc_type": "CD",
        "languages": "En, De",
        "version": "",
        "edition": "Original"
    },
    "Amiga Magazin CD 5-7-2006 (Germany)": {
        "secondary_name": "",
        "group_name": "Amiga Magazin CD 5-7-2006",
        "status": "Blue",
        "disc_type": "CD",
        "languages": "De",
        "version": "",
        "edition": "Original"
    },
    "Amiga Magazin CD 6-7 2003 (Germany)": {
        "secondary_name": "",
        "group_name": "Amiga Magazin CD 6-7 2003",
        "status": "Green",
        "disc_type": "CD",
        "languages": "De",
        "version": "",
        "edition": "Original"
    },
    "Nightlong - Union City Conspiracy (Europe) (En,Fr,De,Es,It) (Disc 2)": {
        "secondary_name": "",
        "group_name": "Nightlong - Union City Conspiracy",
        "status": "Blue",
        "disc_type": "CD",
        "languages": "En, Fr, De, It, Es",
        "version": "1.1",
        "edition": "Original"
    },
    "Aminet 38 - August 2000 (Europe) (En,De)": {
        "secondary_name": "",
        "group_name": "Aminet 38 - August 2000",
        "status": "Green",
        "disc_type": "CD",
        "languages": "En, De",
        "version": "",
        "edition": "Original"
    },
    "Amiga Computer Studio Nr 05-99 (Poland)": {
        "secondary_name": "",
        "group_name": "Amiga Computer Studio Nr 05-99",
        "status": "Blue",
        "disc_type": "CD",
        "languages": "Pl",
        "version": "",
        "edition": "Original"
    },
    "Amiga Magazin CD 5-7-2005 (Germany)": {
        "secondary_name": "",
        "group_name": "Amiga Magazin CD 5-7-2005",
        "status": "Green",
        "disc_type": "CD",
        "languages": "De",
        "version": "",
        "edition": "Original"
    },
    "Aminet Set 9 (Europe) (En,De) (Disc A) (Tools)": {
        "secondary_name": "",
        "group_name": "Aminet Set 9",
        "status": "Blue",
        "disc_type": "CD",
        "languages": "En, De",
        "version": "",
        "edition": "Original"
    },
    "Megahits 2 (Germany)": {
        "secondary_name": "",
        "group_name": "Megahits 2",
        "status": "Blue",
        "disc_type": "CD",
        "languages": "De",
        "version": "",
        "edition": "Original"
    },
    "Aminet Set 2 (Europe) (En,De) (Disc D) (Mods)": {
        "secondary_name": "",
        "group_name": "Aminet Set 2",
        "status": "Green",
        "disc_type": "CD",
        "languages": "En, De",
        "version": "",
        "edition": "Original"
    },
    "Amiga Plus CD ROM Extra No. 4-96 (Germany)": {
        "secondary_name": "",
        "group_name": "Amiga Plus CD ROM Extra No. 4-96",
        "status": "Green",
        "disc_type": "CD",
        "languages": "De",
        "version": "",
        "edition": "Original"
    },
    "Maxon Atlas (Germany)": {
        "secondary_name": "",
        "group_name": "Maxon Atlas",
        "status": "Blue",
        "disc_type": "CD",
        "languages": "De",
        "version": "",
        "edition": "Original"
    },
    "Amiga Magazin CD 11-12 1997 (Germany)": {
        "secondary_name": "",
        "group_name": "Amiga Magazin CD 11-12 1997",
        "status": "Green",
        "disc_type": "CD",
        "languages": "De",
        "version": "",
        "edition": "Original"
    },
    "Amiga Computer Studio Nr 08-99 (Poland)": {
        "secondary_name": "",
        "group_name": "Amiga Computer Studio Nr 08-99",
        "status": "Blue",
        "disc_type": "CD",
        "languages": "Pl",
        "version": "",
        "edition": "Original"
    },
    "Aminet 41 - February 2001 (Europe) (En,De)": {
        "secondary_name": "",
        "group_name": "Aminet 41 - February 2001",
        "status": "Green",
        "disc_type": "CD",
        "languages": "En, De",
        "version": "",
        "edition": "Original"
    },
    "Amiga Computer Studio Cover CD 5 (Poland)": {
        "secondary_name": "Amiga Computer Studio Nr 7/97",
        "group_name": "Amiga Computer Studio Cover CD 5",
        "status": "Blue",
        "disc_type": "CD",
        "languages": "Pl",
        "version": "",
        "edition": "Original"
    },
    "World of Games (Europe)": {
        "secondary_name": "",
        "group_name": "World of Games",
        "status": "Blue",
        "disc_type": "CD",
        "languages": "En",
        "version": "",
        "edition": "Original"
    },
    "Aminet 50 - August 2002 (Europe) (En,De)": {
        "secondary_name": "",
        "group_name": "Aminet 50 - August 2002",
        "status": "Green",
        "disc_type": "CD",
        "languages": "En, De",
        "version": "",
        "edition": "Original"
    },
    "Amiga Magazin CD 3-4 1997 (Germany)": {
        "secondary_name": "",
        "group_name": "Amiga Magazin CD 3-4 1997",
        "status": "Green",
        "disc_type": "CD",
        "languages": "De",
        "version": "",
        "edition": "Original"
    },
    "Aminet Set 3 (Europe) (En,De) (Disc C) (Fun)": {
        "secondary_name": "",
        "group_name": "Aminet Set 3",
        "status": "Blue",
        "disc_type": "CD",
        "languages": "En, De",
        "version": "",
        "edition": "Original"
    },
    "Amiga Games CD-ROM & Mag 6-96 (Germany)": {
        "secondary_name": "",
        "group_name": "Amiga Games CD-ROM & Mag 6-96",
        "status": "Blue",
        "disc_type": "CD",
        "languages": "De",
        "version": "",
        "edition": "Original"
    },
    "Final Odyssey - Theseus Verses the Minotaur (Europe) (En,De,Es,It,No,Da,Fi)": {
        "secondary_name": "",
        "group_name": "Final Odyssey - Theseus Verses the Minotaur",
        "status": "Blue",
        "disc_type": "CD",
        "languages": "Da, En, Fi, De, It, No, Es",
        "version": "",
        "edition": "Original"
    },
    "Fresh Fish Volume 10 (USA)": {
        "secondary_name": "",
        "group_name": "Fresh Fish Volume 10",
        "status": "Blue",
        "disc_type": "CD",
        "languages": "En",
        "version": "",
        "edition": "Original"
    },
    "CU Amiga Magazine Mega CD-ROM November 1995 (Europe)": {
        "secondary_name": "CU Amiga Magazine CD-ROM Special Edition November 1995 Including Aminet 7",
        "group_name": "CU Amiga Magazine Mega CD-ROM November 1995",
        "status": "Blue",
        "disc_type": "CD",
        "languages": "En",
        "version": "",
        "edition": "Original"
    },
    "Amiga FD Inside! Volume 1 (Germany)": {
        "secondary_name": "",
        "group_name": "Amiga FD Inside! Volume 1",
        "status": "Green",
        "disc_type": "CD",
        "languages": "De",
        "version": "",
        "edition": "Original"
    },
    "Oldtimer (Germany)": {
        "secondary_name": "",
        "group_name": "Oldtimer",
        "status": "Green",
        "disc_type": "CD",
        "languages": "De",
        "version": "",
        "edition": "Original"
    },
    "Aminet Set 6 (Europe) (En,De) (Disc C) (Fun)": {
        "secondary_name": "",
        "group_name": "Aminet Set 6",
        "status": "Blue",
        "disc_type": "CD",
        "languages": "En, De",
        "version": "",
        "edition": "Original"
    },
    "Amiga Plus CD ROM Extra No. 1-97 (Germany)": {
        "secondary_name": "",
        "group_name": "Amiga Plus CD ROM Extra No. 1-97",
        "status": "Blue",
        "disc_type": "CD",
        "languages": "De",
        "version": "",
        "edition": "Original"
    },
    "FrozenFish (USA)": {
        "secondary_name": "",
        "group_name": "FrozenFish",
        "status": "Blue",
        "disc_type": "CD",
        "languages": "En",
        "version": "",
        "edition": "Original"
    },
    "Amiga Computer Studio Nr 07-99 (Poland)": {
        "secondary_name": "",
        "group_name": "Amiga Computer Studio Nr 07-99",
        "status": "Blue",
        "disc_type": "CD",
        "languages": "Pl",
        "version": "",
        "edition": "Original"
    },
    "Aminet 28 - December 98 (Europe) (En,De)": {
        "secondary_name": "",
        "group_name": "Aminet 28 - December 98",
        "status": "Green",
        "disc_type": "CD",
        "languages": "En, De",
        "version": "",
        "edition": "Original"
    },
    "17 Bit - Phase Four (Europe)": {
        "secondary_name": "",
        "group_name": "17 Bit - Phase Four",
        "status": "Blue",
        "disc_type": "CD",
        "languages": "En",
        "version": "",
        "edition": "Original"
    },
    "Aminet 7 - August 95 (Europe) (En,De)": {
        "secondary_name": "",
        "group_name": "Aminet 7 - August 95",
        "status": "Green",
        "disc_type": "CD",
        "languages": "En, De",
        "version": "",
        "edition": "Original"
    },
    "Aminet Set 3 (Europe) (En,De) (Disc B) (Gfx)": {
        "secondary_name": "",
        "group_name": "Aminet Set 3",
        "status": "Blue",
        "disc_type": "CD",
        "languages": "En, De",
        "version": "",
        "edition": "Original"
    },
    "Amiga Giga Graphic CD Collection 1-4 (Germany) (Disc 2)": {
        "secondary_name": "",
        "group_name": "Amiga Giga Graphic CD Collection 1-4",
        "status": "Blue",
        "disc_type": "CD",
        "languages": "De",
        "version": "",
        "edition": "Original"
    },
    "Amiga Magazin CD 9-10 1997 (Germany)": {
        "secondary_name": "",
        "group_name": "Amiga Magazin CD 9-10 1997",
        "status": "Green",
        "disc_type": "CD",
        "languages": "De",
        "version": "",
        "edition": "Original"
    },
    "Aminet 35 - February 2000 (Europe) (En,De)": {
        "secondary_name": "",
        "group_name": "Aminet 35 - February 2000",
        "status": "Green",
        "disc_type": "CD",
        "languages": "En, De",
        "version": "",
        "edition": "Original"
    },
    "Amiga Magazin CD 4-5 2003 (Germany)": {
        "secondary_name": "",
        "group_name": "Amiga Magazin CD 4-5 2003",
        "status": "Green",
        "disc_type": "CD",
        "languages": "De",
        "version": "",
        "edition": "Original"
    },
    "Aminet 47 - February 2002 (Europe) (En,De) (2nd Edition)": {
        "secondary_name": "",
        "group_name": "Aminet 47 - February 2002",
        "status": "Green",
        "disc_type": "CD",
        "languages": "En, De",
        "version": "",
        "edition": "Original"
    },
    "Amiga Games CD-ROM & Mag 12-96 (Germany)": {
        "secondary_name": "",
        "group_name": "Amiga Games CD-ROM & Mag 12-96",
        "status": "Blue",
        "disc_type": "CD",
        "languages": "De",
        "version": "",
        "edition": "Original"
    },
    "Linux (Europe)": {
        "secondary_name": "",
        "group_name": "Linux",
        "status": "Blue",
        "disc_type": "CD",
        "languages": "En",
        "version": "",
        "edition": "Original"
    },
    "Amiga Plus CD ROM Extra No. 3-97 (Germany)": {
        "secondary_name": "",
        "group_name": "Amiga Plus CD ROM Extra No. 3-97",
        "status": "Blue",
        "disc_type": "CD",
        "languages": "De",
        "version": "",
        "edition": "Original"
    },
    "Descent - FreeSpace - The Great War (Europe)": {
        "secondary_name": "",
        "group_name": "Descent - FreeSpace - The Great War",
        "status": "Blue",
        "disc_type": "CD",
        "languages": "En",
        "version": "1.06",
        "edition": "Original"
    },
    "Berliner Spielekiste (Germany)": {
        "secondary_name": "",
        "group_name": "Berliner Spielekiste",
        "status": "Blue",
        "disc_type": "CD",
        "languages": "De",
        "version": "",
        "edition": "Original"
    },
    "CU Amiga Magazine Super CD-ROM 5 December 1996 (UK)": {
        "secondary_name": "",
        "group_name": "CU Amiga Magazine Super CD-ROM 5 December 1996",
        "status": "Blue",
        "disc_type": "CD",
        "languages": "En",
        "version": "",
        "edition": "Original"
    },
    "GigaPD V3.0 - 3-CD ROM Set fuer Amiga Computer mit CD-ROM Laufwerk (Germany) (Disc 1)": {
        "secondary_name": "",
        "group_name": "GigaPD V3.0 - 3-CD ROM Set fuer Amiga Computer mit CD-ROM Laufwerk",
        "status": "Blue",
        "disc_type": "CD",
        "languages": "De",
        "version": "3.0",
        "edition": "Original"
    },
    "Aminet 20 - August 1997 (Europe) (En,De)": {
        "secondary_name": "",
        "group_name": "Aminet 20 - August 1997",
        "status": "Green",
        "disc_type": "CD",
        "languages": "En, De",
        "version": "",
        "edition": "Original"
    },
    "Amiga Plus CD ROM No. 4-97 (Germany)": {
        "secondary_name": "",
        "group_name": "Amiga Plus CD ROM No. 4-97",
        "status": "Blue",
        "disc_type": "CD",
        "languages": "De",
        "version": "",
        "edition": "Original"
    },
    "Aminet 33 - October 99 (Europe) (En,De)": {
        "secondary_name": "",
        "group_name": "Aminet 33 - October 99",
        "status": "Green",
        "disc_type": "CD",
        "languages": "En, De",
        "version": "",
        "edition": "Original"
    },
    "Amiga Computer Studio Nr 07-00 (Poland)": {
        "secondary_name": "",
        "group_name": "Amiga Computer Studio Nr 07-00",
        "status": "Yellow",
        "disc_type": "CD",
        "languages": "Pl",
        "version": "",
        "edition": "Original"
    },
    "Aminet 23 - February 1998 (Europe) (En,De)": {
        "secondary_name": "",
        "group_name": "Aminet 23 - February 1998",
        "status": "Blue",
        "disc_type": "CD",
        "languages": "En, De",
        "version": "",
        "edition": "Original"
    },
    "Amiga Plus Sonderheft 14 (Germany)": {
        "secondary_name": "",
        "group_name": "Amiga Plus Sonderheft 14",
        "status": "Blue",
        "disc_type": "CD",
        "languages": "De",
        "version": "",
        "edition": "Original"
    },
    "Aminet Set 8 (Europe) (En,De) (Disc A) (Tools)": {
        "secondary_name": "",
        "group_name": "Aminet Set 8",
        "status": "Blue",
        "disc_type": "CD",
        "languages": "En, De",
        "version": "",
        "edition": "Original"
    },
    "Megahits 4 (Germany)": {
        "secondary_name": "",
        "group_name": "Megahits 4",
        "status": "Blue",
        "disc_type": "CD",
        "languages": "De",
        "version": "",
        "edition": "Original"
    },
    "Amiga Magazin CD 5-7 2007 (Germany)": {
        "secondary_name": "",
        "group_name": "Amiga Magazin CD 5-7 2007",
        "status": "Blue",
        "disc_type": "CD",
        "languages": "De",
        "version": "",
        "edition": "Original"
    },
    "Amiga Plus CD ROM No. 3-97 (Germany)": {
        "secondary_name": "",
        "group_name": "Amiga Plus CD ROM No. 3-97",
        "status": "Blue",
        "disc_type": "CD",
        "languages": "De",
        "version": "",
        "edition": "Original"
    },
    "Tools Unlimited Volume 1 - The Blanker Collection (Europe) (En,De)": {
        "secondary_name": "",
        "group_name": "Tools Unlimited Volume 1 - The Blanker Collection",
        "status": "Blue",
        "disc_type": "CD",
        "languages": "En, De",
        "version": "",
        "edition": "Original"
    },
    "Amiga Computer Studio Nr 05-00 (Poland)": {
        "secondary_name": "",
        "group_name": "Amiga Computer Studio Nr 05-00",
        "status": "Blue",
        "disc_type": "CD",
        "languages": "Pl",
        "version": "",
        "edition": "Original"
    },
    "Amiga Magazyn CD Nr 5 - Lipiec 1998 (Poland)": {
        "secondary_name": "",
        "group_name": "Amiga Magazyn CD Nr 5 - Lipiec 1998",
        "status": "Blue",
        "disc_type": "CD",
        "languages": "Pl",
        "version": "",
        "edition": "Original"
    },
    "Amiga Plus CD ROM No. 4-99 (Germany)": {
        "secondary_name": "",
        "group_name": "Amiga Plus CD ROM No. 4-99",
        "status": "Blue",
        "disc_type": "CD",
        "languages": "De",
        "version": "",
        "edition": "Original"
    },
    "Textikon - Wie schreibe ich's (Germany)": {
        "secondary_name": "",
        "group_name": "Textikon - Wie schreibe ich's",
        "status": "Blue",
        "disc_type": "CD",
        "languages": "De",
        "version": "",
        "edition": "Original"
    },
    "Amiga Plus CD ROM No. 1-96 (Germany)": {
        "secondary_name": "",
        "group_name": "Amiga Plus CD ROM No. 1-96",
        "status": "Blue",
        "disc_type": "CD",
        "languages": "De",
        "version": "",
        "edition": ""
    },
    "Zombie Massacre (Europe)": {
        "secondary_name": "",
        "group_name": "Zombie Massacre",
        "status": "Blue",
        "disc_type": "CD",
        "languages": "En",
        "version": "",
        "edition": "Original"
    },
    "Amiga Developer CD 2.1 - November 1999 (Europe)": {
        "secondary_name": "",
        "group_name": "Amiga Developer CD 2.1 - November 1999",
        "status": "Blue",
        "disc_type": "CD",
        "languages": "En",
        "version": "",
        "edition": "Original"
    },
    "Aminet Set 1 (Europe) (En,De) (Disc A)": {
        "secondary_name": "",
        "group_name": "Aminet Set 1",
        "status": "Green",
        "disc_type": "CD",
        "languages": "En, De",
        "version": "",
        "edition": "Original"
    },
    "Reflections 4.2 (Germany)": {
        "secondary_name": "",
        "group_name": "Reflections 4.2",
        "status": "Blue",
        "disc_type": "CD",
        "languages": "De",
        "version": "",
        "edition": "Original"
    },
    "Amiga Magazin CD 11-2006-1-2007 (Germany)": {
        "secondary_name": "",
        "group_name": "Amiga Magazin CD 11-2006-1-2007",
        "status": "Blue",
        "disc_type": "CD",
        "languages": "De",
        "version": "",
        "edition": "Original"
    },
    "Aminet Set 1 (Europe) (En,De) (Disc B)": {
        "secondary_name": "",
        "group_name": "Aminet Set 1",
        "status": "Green",
        "disc_type": "CD",
        "languages": "En, De",
        "version": "",
        "edition": "Original"
    },
    "Amiga Magazin CD 4-5 1999 (Germany)": {
        "secondary_name": "",
        "group_name": "Amiga Magazin CD 4-5 1999",
        "status": "Green",
        "disc_type": "CD",
        "languages": "De",
        "version": "",
        "edition": "Original"
    },
    "Meeting Pearls Vol. II (Europe) (En,De)": {
        "secondary_name": "",
        "group_name": "Meeting Pearls Vol. II",
        "status": "Blue",
        "disc_type": "CD",
        "languages": "En, De",
        "version": "",
        "edition": "Original"
    },
    "Pinball Brain Damage (Europe)": {
        "secondary_name": "",
        "group_name": "Pinball Brain Damage",
        "status": "Blue",
        "disc_type": "CD",
        "languages": "En",
        "version": "",
        "edition": "Original"
    },
    "Geek Gadgets Version 1 (Europe)": {
        "secondary_name": "",
        "group_name": "Geek Gadgets Version 1",
        "status": "Blue",
        "disc_type": "CD",
        "languages": "En",
        "version": "",
        "edition": "Original"
    },
    "Amiga Plus CD ROM No. 3-99 (Germany)": {
        "secondary_name": "",
        "group_name": "Amiga Plus CD ROM No. 3-99",
        "status": "Blue",
        "disc_type": "CD",
        "languages": "De",
        "version": "",
        "edition": "Original"
    },
    "Amiga Plus CD ROM No. 4-96 (Germany)": {
        "secondary_name": "",
        "group_name": "Amiga Plus CD ROM No. 4-96",
        "status": "Green",
        "disc_type": "CD",
        "languages": "De",
        "version": "",
        "edition": "Original"
    },
    "Amiga Magazin CD 4-5 2002 (Germany)": {
        "secondary_name": "",
        "group_name": "Amiga Magazin CD 4-5 2002",
        "status": "Blue",
        "disc_type": "CD",
        "languages": "De",
        "version": "",
        "edition": "Original"
    },
    "Amiga Plus CD No. 1-95 (Germany)": {
        "secondary_name": "",
        "group_name": "Amiga Plus CD No. 1-95",
        "status": "Blue",
        "disc_type": "CD",
        "languages": "De",
        "version": "",
        "edition": "Original"
    },
    "Amiga Magazin CD 10-11 2001 (Germany)": {
        "secondary_name": "",
        "group_name": "Amiga Magazin CD 10-11 2001",
        "status": "Green",
        "disc_type": "CD",
        "languages": "De",
        "version": "",
        "edition": "Original"
    },
    "Amiga Plus CD ROM No. 6-96 (Germany)": {
        "secondary_name": "",
        "group_name": "Amiga Plus CD ROM No. 6-96",
        "status": "Green",
        "disc_type": "CD",
        "languages": "De",
        "version": "",
        "edition": "Original"
    },
    "Aminet 40 - December 2000 (Europe) (En,De)": {
        "secondary_name": "",
        "group_name": "Aminet 40 - December 2000",
        "status": "Green",
        "disc_type": "CD",
        "languages": "En, De",
        "version": "",
        "edition": "Original"
    },
    "Aminet Set 2 (Europe) (En,De) (Disc A) (Tools)": {
        "secondary_name": "",
        "group_name": "Aminet Set 2",
        "status": "Green",
        "disc_type": "CD",
        "languages": "En, De",
        "version": "",
        "edition": "Original"
    },
    "Amiga Magazin CD 4-5-2004 (Germany)": {
        "secondary_name": "",
        "group_name": "Amiga Magazin CD 4-5-2004",
        "status": "Green",
        "disc_type": "CD",
        "languages": "De",
        "version": "",
        "edition": "Original"
    },
    "Aminet Set 7 (Europe) (En,De) (Disc A) (Tools)": {
        "secondary_name": "",
        "group_name": "Aminet Set 7",
        "status": "Blue",
        "disc_type": "CD",
        "languages": "En, De",
        "version": "",
        "edition": "Original"
    },
    "Meeting Pearls Vol. I (Europe) (En,De)": {
        "secondary_name": "",
        "group_name": "Meeting Pearls Vol. I",
        "status": "Blue",
        "disc_type": "CD",
        "languages": "En, De",
        "version": "",
        "edition": "Original"
    },
    "Aminet 46 - December 2001 (Europe) (En,De)": {
        "secondary_name": "",
        "group_name": "Aminet 46 - December 2001",
        "status": "Green",
        "disc_type": "CD",
        "languages": "En, De",
        "version": "",
        "edition": "Original"
    },
    "Amiga Plus CD ROM No. 3-96 (Germany)": {
        "secondary_name": "",
        "group_name": "Amiga Plus CD ROM No. 3-96",
        "status": "Blue",
        "disc_type": "CD",
        "languages": "De",
        "version": "",
        "edition": ""
    },
    "Amiga Magazin CD 8-10 2006 (Germany)": {
        "secondary_name": "",
        "group_name": "Amiga Magazin CD 8-10 2006",
        "status": "Blue",
        "disc_type": "CD",
        "languages": "De",
        "version": "",
        "edition": "Original"
    },
    "CU Amiga Magazine's Super CD-ROM 8 March 1997 (UK)": {
        "secondary_name": "",
        "group_name": "CU Amiga Magazine's Super CD-ROM 8 March 1997",
        "status": "Blue",
        "disc_type": "CD",
        "languages": "En",
        "version": "",
        "edition": "Original"
    },
    "Amiga Magazin CD 9-10-96 (Germany)": {
        "secondary_name": "",
        "group_name": "Amiga Magazin CD 9-10-96",
        "status": "Green",
        "disc_type": "CD",
        "languages": "De",
        "version": "",
        "edition": "Original"
    },
    "LSD and 17 Bit - Compendium Deluxe Volume 1 (Europe)": {
        "secondary_name": "",
        "group_name": "LSD and 17 Bit - Compendium Deluxe Volume 1",
        "status": "Blue",
        "disc_type": "CD",
        "languages": "En",
        "version": "",
        "edition": "Original"
    },
    "Fresh Fish Volume 7 Nov.-Dec. 1994 (USA)": {
        "secondary_name": "",
        "group_name": "Fresh Fish Volume 7 Nov.-Dec. 1994",
        "status": "Blue",
        "disc_type": "CD",
        "languages": "En",
        "version": "",
        "edition": "Original"
    }
}