{
    "Paint School II (USA)": {
        "secondary_name": "",
        "group_name": "Paint School II",
        "status": "Blue",
        "disc_type": "CD",
        "languages": "En",
        "version": "",
        "edition": "Original"
    },
    "Yearn2Learn - Peanuts (Europe) (En,Fr,De,Nl)": {
        "secondary_name": "",
        "group_name": "Yearn2Learn - Peanuts",
        "status": "Blue",
        "disc_type": "CD",
        "languages": "Nl, En, Fr, De",
        "version": "1.06",
        "edition": "Original"
    },
    "CD-Online - Issue 01 - Internet on TV (Europe)": {
        "secondary_name": "",
        "group_name": "CD-Online - Issue 01 - Internet on TV",
        "status": "Blue",
        "disc_type": "CD",
        "languages": "En",
        "version": "",
        "edition": "Bundled with CD-i Internet Starter Kit"
    },
    "Dizionario Universale Multimediale Grolier Hachette (Italy) (Demo)": {
        "secondary_name": "",
        "group_name": "Dizionario Universale Multimediale Grolier Hachette",
        "status": "Blue",
        "disc_type": "CD",
        "languages": "It",
        "version": "",
        "edition": "Demo"
    },
    "Creature Shock (Europe) (Disc 1)": {
        "secondary_name": "",
        "group_name": "Creature Shock",
        "status": "Blue",
        "disc_type": "CD",
        "languages": "En",
        "version": "1.05",
        "edition": "Original"
    },
    "Golden Oldies Jukebox (USA)": {
        "secondary_name": "",
        "group_name": "Golden Oldies Jukebox",
        "status": "Blue",
        "disc_type": "CD",
        "languages": "En",
        "version": "",
        "edition": "Original"
    },
    "Ritratto di Citta - Venezia (Italy)": {
        "secondary_name": "",
        "group_name": "Ritratto di Citta - Venezia",
        "status": "Blue",
        "disc_type": "CD",
        "languages": "It",
        "version": "",
        "edition": "Original"
    },
    "Tetris (USA, Europe)": {
        "secondary_name": "",
        "group_name": "Tetris",
        "status": "Green",
        "disc_type": "CD",
        "languages": "En",
        "version": "",
        "edition": "Original"
    },
    "L'Open de Palm Springs (France)": {
        "secondary_name": "",
        "group_name": "L'Open de Palm Springs",
        "status": "Blue",
        "disc_type": "CD",
        "languages": "Fr",
        "version": "",
        "edition": "Original"
    },
    "SuperTest (Europe) (De,It)": {
        "secondary_name": "",
        "group_name": "SuperTest",
        "status": "Blue",
        "disc_type": "CD",
        "languages": "De, It",
        "version": "1.03",
        "edition": "Original"
    },
    "Mystic Midway - Rest in Pieces (USA, Europe)": {
        "secondary_name": "",
        "group_name": "Mystic Midway - Rest in Pieces",
        "status": "Green",
        "disc_type": "CD",
        "languages": "En",
        "version": "",
        "edition": "Original"
    },
    "Flashback (Europe)": {
        "secondary_name": "",
        "group_name": "Flashback",
        "status": "Green",
        "disc_type": "CD",
        "languages": "En",
        "version": "1.14",
        "edition": "Original"
    },
    "Girl's Club (Europe)": {
        "secondary_name": "",
        "group_name": "Girl's Club",
        "status": "Blue",
        "disc_type": "CD",
        "languages": "En",
        "version": "",
        "edition": "Original"
    },
    "Caesars World of Gambling (USA, Europe)": {
        "secondary_name": "",
        "group_name": "Caesars World of Gambling",
        "status": "Green",
        "disc_type": "CD",
        "languages": "En",
        "version": "",
        "edition": "Original, Demonstration Disc"
    },
    "Mad Dog II - The Lost Gold (Europe)": {
        "secondary_name": "",
        "group_name": "Mad Dog II - The Lost Gold",
        "status": "Blue",
        "disc_type": "CD",
        "languages": "En",
        "version": "1.04",
        "edition": "Original"
    },
    "Joker's Wild!, The (USA)": {
        "secondary_name": "",
        "group_name": "Joker's Wild!, The",
        "status": "Blue",
        "disc_type": "CD",
        "languages": "",
        "version": "",
        "edition": "Demonstration Disc"
    },
    "Rise of the Robots (Europe)": {
        "secondary_name": "",
        "group_name": "Rise of the Robots",
        "status": "Blue",
        "disc_type": "CD",
        "languages": "En",
        "version": "1.12",
        "edition": "Original"
    },
    "Dark Castle (USA, Europe)": {
        "secondary_name": "",
        "group_name": "Dark Castle",
        "status": "Green",
        "disc_type": "CD",
        "languages": "En",
        "version": "",
        "edition": "Original"
    },
    "Reihe Privatunterricht - Rockgitarre - Eine Anleitung fuer Anfaenger (Germany)": {
        "secondary_name": "",
        "group_name": "Reihe Privatunterricht - Rockgitarre - Eine Anleitung fuer Anfaenger",
        "status": "Blue",
        "disc_type": "CD",
        "languages": "De",
        "version": "",
        "edition": "Original"
    },
    "NFL Hall of Fame Football (USA)": {
        "secondary_name": "",
        "group_name": "NFL Hall of Fame Football",
        "status": "Blue",
        "disc_type": "CD",
        "languages": "",
        "version": "",
        "edition": "Pre-Release Demonstration Disc"
    },
    "Titanic - An Interactive Exploration (USA)": {
        "secondary_name": "",
        "group_name": "Titanic - An Interactive Exploration",
        "status": "Blue",
        "disc_type": "CD",
        "languages": "En",
        "version": "",
        "edition": "Original"
    },
    "CDI 470 - Tutorial Disc (Europe) (En,Fr,De,Es,It,Nl,Pt,Sv,No,Da,Fi)": {
        "secondary_name": "",
        "group_name": "CDI 470 - Tutorial Disc",
        "status": "Blue",
        "disc_type": "CD",
        "languages": "Da, Nl, En, Fi, Fr, De, It, No, Pt, Es, Sv",
        "version": "1.04",
        "edition": "Bundled with Philips CD-i 470"
    },
    "Zenith (Europe)": {
        "secondary_name": "",
        "group_name": "Zenith",
        "status": "Green",
        "disc_type": "CD",
        "languages": "En",
        "version": "",
        "edition": "Original"
    },
    "Earth Command (Germany)": {
        "secondary_name": "Earth Command: Die Zukunft unserer Welt liegt in Ihrer Hand",
        "group_name": "Earth Command",
        "status": "Blue",
        "disc_type": "CD",
        "languages": "De",
        "version": "1.07",
        "edition": "Original"
    },
    "Tesoro dell'Isola dei Giochi, Il (Italy)": {
        "secondary_name": "",
        "group_name": "Tesoro dell'Isola dei Giochi, Il",
        "status": "Blue",
        "disc_type": "CD",
        "languages": "It",
        "version": "",
        "edition": "Original"
    },
    "Jigsaw - Das elektronische Puzzlespiel (Germany)": {
        "secondary_name": "",
        "group_name": "Jigsaw - Das elektronische Puzzlespiel",
        "status": "Blue",
        "disc_type": "CD",
        "languages": "De",
        "version": "",
        "edition": "Original"
    },
    "Marco Polo (Europe) (Disc 2) (The Documentation)": {
        "secondary_name": "",
        "group_name": "Marco Polo",
        "status": "Blue",
        "disc_type": "CD",
        "languages": "En",
        "version": "1.03",
        "edition": "Original"
    },
    "Burn-Cycle (Spain)": {
        "secondary_name": "",
        "group_name": "Burn-Cycle",
        "status": "Green",
        "disc_type": "CD",
        "languages": "Es",
        "version": "1.03",
        "edition": "Original"
    },
    "Treasures of the Smithsonian (USA, Europe)": {
        "secondary_name": "",
        "group_name": "Treasures of the Smithsonian",
        "status": "Green",
        "disc_type": "CD",
        "languages": "En",
        "version": "",
        "edition": "Original"
    },
    "Portrait of a City - Venice (Europe)": {
        "secondary_name": "",
        "group_name": "Portrait of a City - Venice",
        "status": "Blue",
        "disc_type": "CD",
        "languages": "En",
        "version": "",
        "edition": "Original"
    },
    "Cluedo (Europe)": {
        "secondary_name": "",
        "group_name": "Cluedo",
        "status": "Blue",
        "disc_type": "CD",
        "languages": "En",
        "version": "1.07",
        "edition": "Original"
    },
    "Pac-Panic (Europe)": {
        "secondary_name": "",
        "group_name": "Pac-Panic",
        "status": "Blue",
        "disc_type": "CD",
        "languages": "En",
        "version": "1.10",
        "edition": "Original"
    },
    "Great Day at the Races, A (Europe)": {
        "secondary_name": "",
        "group_name": "Great Day at the Races, A",
        "status": "Blue",
        "disc_type": "CD",
        "languages": "",
        "version": "",
        "edition": "Original"
    },
    "Who Shot Johnny Rock (Europe)": {
        "secondary_name": "",
        "group_name": "Who Shot Johnny Rock",
        "status": "Blue",
        "disc_type": "CD",
        "languages": "En",
        "version": "1.04",
        "edition": "Original"
    },
    "International Tennis Open (Germany) (En,De)": {
        "secondary_name": "",
        "group_name": "International Tennis Open",
        "status": "Blue",
        "disc_type": "CD",
        "languages": "En, De",
        "version": "",
        "edition": "Original"
    },
    "Nederlands Film Festival '95 (Netherlands)": {
        "secondary_name": "",
        "group_name": "Nederlands Film Festival '95",
        "status": "Blue",
        "disc_type": "CD",
        "languages": "Nl",
        "version": "",
        "edition": "Original"
    },
    "Caricature (Europe)": {
        "secondary_name": "",
        "group_name": "Caricature",
        "status": "Blue",
        "disc_type": "CD",
        "languages": "",
        "version": "",
        "edition": "Original"
    },
    "Ultra CD-i Soccer (Europe)": {
        "secondary_name": "",
        "group_name": "Ultra CD-i Soccer",
        "status": "Blue",
        "disc_type": "CD",
        "languages": "En",
        "version": "",
        "edition": "Original"
    },
    "Steel Machine (Europe)": {
        "secondary_name": "",
        "group_name": "Steel Machine",
        "status": "Blue",
        "disc_type": "CD",
        "languages": "",
        "version": "1.14",
        "edition": "Original"
    },
    "Internetten op je TV! (Netherlands)": {
        "secondary_name": "",
        "group_name": "Internetten op je TV!",
        "status": "Blue",
        "disc_type": "CD",
        "languages": "Nl",
        "version": "",
        "edition": "Demo Disc"
    },
    "Ville Surprise de Richard Scarry 2, La (France)": {
        "secondary_name": "",
        "group_name": "Ville Surprise de Richard Scarry 2, La",
        "status": "Blue",
        "disc_type": "CD",
        "languages": "Fr",
        "version": "1.09",
        "edition": "Original"
    },
    "CD-i Demodisc Fall 1996 & Spring 1997 (Europe)": {
        "secondary_name": "",
        "group_name": "CD-i Demodisc Fall 1996 & Spring 1997",
        "status": "Blue",
        "disc_type": "CD",
        "languages": "",
        "version": "",
        "edition": "Original"
    },
    "Name That Tune (USA)": {
        "secondary_name": "",
        "group_name": "Name That Tune",
        "status": "Blue",
        "disc_type": "CD",
        "languages": "",
        "version": "",
        "edition": "Demonstration Disc"
    },
    "Striker Pro (Europe)": {
        "secondary_name": "",
        "group_name": "Striker Pro",
        "status": "Blue",
        "disc_type": "CD",
        "languages": "En",
        "version": "1.14",
        "edition": "Original"
    },
    "Creature Shock (Europe) (Disc 2)": {
        "secondary_name": "",
        "group_name": "Creature Shock",
        "status": "Blue",
        "disc_type": "CD",
        "languages": "En",
        "version": "1.05",
        "edition": "Original"
    },
    "Mercer Mayer's Little Monster at School (USA)": {
        "secondary_name": "",
        "group_name": "Mercer Mayer's Little Monster at School",
        "status": "Blue",
        "disc_type": "CD",
        "languages": "En",
        "version": "",
        "edition": "Original"
    },
    "Dictionnaire Hachette Multimedia (France)": {
        "secondary_name": "",
        "group_name": "Dictionnaire Hachette Multimedia",
        "status": "Blue",
        "disc_type": "CD",
        "languages": "Fr",
        "version": "",
        "edition": "Original"
    },
    "Tim & Beer in het Ziekenhuis (Netherlands)": {
        "secondary_name": "",
        "group_name": "Tim & Beer in het Ziekenhuis",
        "status": "Blue",
        "disc_type": "CD",
        "languages": "Nl",
        "version": "",
        "edition": "Original"
    },
    "Caesars World of Boxing (USA)": {
        "secondary_name": "",
        "group_name": "Caesars World of Boxing",
        "status": "Blue",
        "disc_type": "CD",
        "languages": "En",
        "version": "",
        "edition": "Demonstration Disc"
    },
    "Asterix - Le Defi de Cesar (France)": {
        "secondary_name": "",
        "group_name": "Asterix - Le Defi de Cesar",
        "status": "Blue",
        "disc_type": "CD",
        "languages": "Fr",
        "version": "2.05",
        "edition": "Original"
    },
    "Cranberries, The - Doors and Windows (Europe)": {
        "secondary_name": "",
        "group_name": "Cranberries, The - Doors and Windows",
        "status": "Yellow",
        "disc_type": "CD",
        "languages": "En",
        "version": "",
        "edition": "Original"
    },
    "Pinball (USA, Europe)": {
        "secondary_name": "",
        "group_name": "Pinball",
        "status": "Green",
        "disc_type": "CD",
        "languages": "En",
        "version": "",
        "edition": "Original, Demonstration Disc"
    },
    "Mega Maze (Europe)": {
        "secondary_name": "",
        "group_name": "Mega Maze",
        "status": "Green",
        "disc_type": "CD",
        "languages": "En",
        "version": "1.06",
        "edition": "Original"
    },
    "Zelda's Adventure (Europe)": {
        "secondary_name": "",
        "group_name": "Zelda's Adventure",
        "status": "Blue",
        "disc_type": "CD",
        "languages": "En",
        "version": "1.12",
        "edition": "Original"
    },
    "Crime Patrol (Europe)": {
        "secondary_name": "",
        "group_name": "Crime Patrol",
        "status": "Blue",
        "disc_type": "CD",
        "languages": "En",
        "version": "1.02",
        "edition": "Original"
    },
    "TF1 - Le Journal Interactif 94 et Le Jeu des Stars de l'Info (France) (Disc 2) (Le Jeu des Stars de l'Info)": {
        "secondary_name": "",
        "group_name": "TF1 - Le Journal Interactif 94 et Le Jeu des Stars de l'Info",
        "status": "Blue",
        "disc_type": "CD",
        "languages": "Fr",
        "version": "",
        "edition": "Original"
    },
    "Inca (USA)": {
        "secondary_name": "",
        "group_name": "Inca",
        "status": "Blue",
        "disc_type": "CD",
        "languages": "En",
        "version": "",
        "edition": "Original"
    },
    "Lost Eden (Europe)": {
        "secondary_name": "",
        "group_name": "Lost Eden",
        "status": "Blue",
        "disc_type": "CD",
        "languages": "En",
        "version": "1.10",
        "edition": "Original"
    },
    "7th Guest, The (France) (Disc 1) (Le Jeu)": {
        "secondary_name": "",
        "group_name": "7th Guest, The",
        "status": "Blue",
        "disc_type": "CD",
        "languages": "Fr",
        "version": "1.03",
        "edition": "Original"
    },
    "International Tennis Open (Europe) (En,Fr) (8120040)": {
        "secondary_name": "",
        "group_name": "International Tennis Open",
        "status": "Green",
        "disc_type": "CD",
        "languages": "En, Fr",
        "version": "",
        "edition": "Original, Demonstration Disc"
    },
    "Lost Eden (France)": {
        "secondary_name": "",
        "group_name": "Lost Eden",
        "status": "Blue",
        "disc_type": "CD",
        "languages": "Fr",
        "version": "1.09",
        "edition": "Original"
    },
    "Stickybear Preschool (USA)": {
        "secondary_name": "",
        "group_name": "Stickybear Preschool",
        "status": "Blue",
        "disc_type": "CD",
        "languages": "",
        "version": "",
        "edition": "Pre-Release Demonstration Disc"
    },
    "Defender of the Crown (USA, Europe)": {
        "secondary_name": "",
        "group_name": "Defender of the Crown",
        "status": "Green",
        "disc_type": "CD",
        "languages": "En",
        "version": "",
        "edition": "Original"
    },
    "Shark Alert (USA)": {
        "secondary_name": "",
        "group_name": "Shark Alert",
        "status": "Blue",
        "disc_type": "CD",
        "languages": "",
        "version": "",
        "edition": "Demonstration Disc"
    },
    "7th Guest, The (Europe) (Disc 1) (The Game)": {
        "secondary_name": "",
        "group_name": "7th Guest, The",
        "status": "Blue",
        "disc_type": "CD",
        "languages": "En",
        "version": "1.13",
        "edition": "Original"
    },
    "Caesars World of Boxing (Europe)": {
        "secondary_name": "",
        "group_name": "Caesars World of Boxing",
        "status": "Green",
        "disc_type": "CD",
        "languages": "En",
        "version": "",
        "edition": "Original"
    },
    "Renaissance van Florence, De (Netherlands)": {
        "secondary_name": "",
        "group_name": "Renaissance van Florence, De",
        "status": "Blue",
        "disc_type": "CD",
        "languages": "",
        "version": "",
        "edition": "Original"
    },
    "Inca (Europe) (En,Fr,De,Nl)": {
        "secondary_name": "",
        "group_name": "Inca",
        "status": "Green",
        "disc_type": "CD",
        "languages": "Nl, En, Fr, De",
        "version": "2.06",
        "edition": "Original"
    },
    "Dark Fables of Aesop, The (USA)": {
        "secondary_name": "",
        "group_name": "Dark Fables of Aesop, The",
        "status": "Blue",
        "disc_type": "CD",
        "languages": "En",
        "version": "",
        "edition": "Original"
    },
    "Dave Grusin - The Gershwin Connection (USA)": {
        "secondary_name": "",
        "group_name": "Dave Grusin - The Gershwin Connection",
        "status": "Blue",
        "disc_type": "CD",
        "languages": "",
        "version": "",
        "edition": "Demonstration Disc"
    },
    "World of Impressionism, The (USA)": {
        "secondary_name": "",
        "group_name": "World of Impressionism, The",
        "status": "Blue",
        "disc_type": "CD",
        "languages": "En",
        "version": "",
        "edition": "Original"
    },
    "Revolution in Color, A (Europe)": {
        "secondary_name": "",
        "group_name": "Revolution in Color, A",
        "status": "Blue",
        "disc_type": "CD",
        "languages": "En",
        "version": "",
        "edition": "Original"
    },
    "Lingo (Netherlands)": {
        "secondary_name": "",
        "group_name": "Lingo",
        "status": "Green",
        "disc_type": "CD",
        "languages": "Nl",
        "version": "1.07",
        "edition": "Original"
    },
    "Compton's Interactive Encyclopedia (USA)": {
        "secondary_name": "",
        "group_name": "Compton's Interactive Encyclopedia",
        "status": "Blue",
        "disc_type": "CD",
        "languages": "En",
        "version": "",
        "edition": "Original"
    },
    "Xplora 1 - Peter Gabriel's Secret World (Europe)": {
        "secondary_name": "",
        "group_name": "Xplora 1 - Peter Gabriel's Secret World",
        "status": "Blue",
        "disc_type": "CD",
        "languages": "En",
        "version": "1.06",
        "edition": "Original"
    },
    "Family Games II - Junkfood Jive (Europe)": {
        "secondary_name": "",
        "group_name": "Family Games II - Junkfood Jive",
        "status": "Green",
        "disc_type": "CD",
        "languages": "En",
        "version": "1.11",
        "edition": "Original"
    },
    "Chaos Control (Europe) (Rev 1)": {
        "secondary_name": "",
        "group_name": "Chaos Control",
        "status": "Blue",
        "disc_type": "CD",
        "languages": "En",
        "version": "1.17",
        "edition": "Original"
    },
    "Bertelsmann Universal Lexikon (Germany) (Fuer CD-i Player ohne Digital Video Cartridge)": {
        "secondary_name": "",
        "group_name": "Bertelsmann Universal Lexikon",
        "status": "Blue",
        "disc_type": "CD",
        "languages": "De",
        "version": "1.06",
        "edition": "Original"
    },
    "Visit to Sesame Street, A - Letters (USA)": {
        "secondary_name": "",
        "group_name": "Visit to Sesame Street, A - Letters",
        "status": "Blue",
        "disc_type": "CD",
        "languages": "En",
        "version": "",
        "edition": "Original"
    },
    "Philips Media Interactieve Encyclopedie (Netherlands) (Demo)": {
        "secondary_name": "",
        "group_name": "Philips Media Interactieve Encyclopedie",
        "status": "Green",
        "disc_type": "CD",
        "languages": "Nl",
        "version": "",
        "edition": "Demonstratie Exemplaar"
    },
    "Vliegende Hollander, De (Netherlands)": {
        "secondary_name": "",
        "group_name": "Vliegende Hollander, De",
        "status": "Blue",
        "disc_type": "CD",
        "languages": "Nl",
        "version": "1.07",
        "edition": "Original"
    },
    "Cartoon Jukebox (Netherlands)": {
        "secondary_name": "",
        "group_name": "Cartoon Jukebox",
        "status": "Blue",
        "disc_type": "CD",
        "languages": "",
        "version": "",
        "edition": "Original"
    },
    "Palm Springs Open, The (USA, Europe)": {
        "secondary_name": "",
        "group_name": "Palm Springs Open, The",
        "status": "Green",
        "disc_type": "CD",
        "languages": "En",
        "version": "",
        "edition": "Original"
    },
    "Ville Surprise de Richard Scarry 1, La (France)": {
        "secondary_name": "",
        "group_name": "Ville Surprise de Richard Scarry 1, La",
        "status": "Blue",
        "disc_type": "CD",
        "languages": "Fr",
        "version": "",
        "edition": "Original"
    },
    "Paint School I (Europe) (En,Fr,De,Es,It,Nl)": {
        "secondary_name": "",
        "group_name": "Paint School I",
        "status": "Blue",
        "disc_type": "CD",
        "languages": "Nl, En, Fr, De, It, Es",
        "version": "",
        "edition": "Original"
    },
    "Louis Armstrong - An American Songbook (Europe)": {
        "secondary_name": "",
        "group_name": "Louis Armstrong - An American Songbook",
        "status": "Blue",
        "disc_type": "CD",
        "languages": "En",
        "version": "",
        "edition": "Original"
    },
    "Backgammon (USA)": {
        "secondary_name": "",
        "group_name": "Backgammon",
        "status": "Blue",
        "disc_type": "CD",
        "languages": "En",
        "version": "",
        "edition": "Original"
    },
    "Chaos Control (Germany)": {
        "secondary_name": "",
        "group_name": "Chaos Control",
        "status": "Blue",
        "disc_type": "CD",
        "languages": "De",
        "version": "1.04",
        "edition": "Original"
    },
    "Flintstones-Jetsons Timewarp (Europe)": {
        "secondary_name": "",
        "group_name": "Flintstones-Jetsons Timewarp",
        "status": "Green",
        "disc_type": "CD",
        "languages": "En",
        "version": "1.15",
        "edition": "Original"
    },
    "Burn-Cycle (France) (Jeu)": {
        "secondary_name": "",
        "group_name": "Burn-Cycle",
        "status": "Green",
        "disc_type": "CD",
        "languages": "Fr",
        "version": "1.04",
        "edition": "Original"
    },
    "Hollandse Meesters uit de Zeventiende Eeuw (Netherlands)": {
        "secondary_name": "",
        "group_name": "Hollandse Meesters uit de Zeventiende Eeuw",
        "status": "Blue",
        "disc_type": "CD",
        "languages": "Nl",
        "version": "",
        "edition": "Original"
    },
    "Marco Polo (Europe) (Disc 1) (The Game)": {
        "secondary_name": "",
        "group_name": "Marco Polo",
        "status": "Blue",
        "disc_type": "CD",
        "languages": "En",
        "version": "1.03",
        "edition": "Original"
    },
    "Cartoon Jukebox (USA)": {
        "secondary_name": "",
        "group_name": "Cartoon Jukebox",
        "status": "Blue",
        "disc_type": "CD",
        "languages": "En",
        "version": "",
        "edition": "Original"
    },
    "Othello (Europe)": {
        "secondary_name": "",
        "group_name": "Othello",
        "status": "Green",
        "disc_type": "CD",
        "languages": "",
        "version": "",
        "edition": "Original"
    },
    "Surf City (Europe)": {
        "secondary_name": "",
        "group_name": "Surf City",
        "status": "Blue",
        "disc_type": "CD",
        "languages": "En",
        "version": "1.07",
        "edition": "Original"
    },
    "Power Hitter (Europe)": {
        "secondary_name": "",
        "group_name": "Power Hitter",
        "status": "Blue",
        "disc_type": "CD",
        "languages": "En",
        "version": "",
        "edition": "Original"
    },
    "Chaos Control (France)": {
        "secondary_name": "",
        "group_name": "Chaos Control",
        "status": "Blue",
        "disc_type": "CD",
        "languages": "Fr",
        "version": "1.03",
        "edition": "Original"
    },
    "Von der Elbe an die Spree (Germany)": {
        "secondary_name": "",
        "group_name": "Von der Elbe an die Spree",
        "status": "Blue",
        "disc_type": "CD",
        "languages": "De",
        "version": "",
        "edition": "Original"
    },
    "Reihe Privatunterricht - Die klassische Gitarre (Germany)": {
        "secondary_name": "",
        "group_name": "Reihe Privatunterricht - Die klassische Gitarre",
        "status": "Blue",
        "disc_type": "CD",
        "languages": "",
        "version": "",
        "edition": "Original"
    },
    "Solar System (Europe)": {
        "secondary_name": "",
        "group_name": "Solar System",
        "status": "Blue",
        "disc_type": "CD",
        "languages": "En",
        "version": "1.10",
        "edition": "Original"
    },
    "International Tennis Open (USA) (En,Fr)": {
        "secondary_name": "",
        "group_name": "International Tennis Open",
        "status": "Green",
        "disc_type": "CD",
        "languages": "En, Fr",
        "version": "",
        "edition": "Original, Demonstration Disc: Not for Resale"
    },
    "Zombie Dinos vom Planeten Zeltoid (Germany)": {
        "secondary_name": "",
        "group_name": "Zombie Dinos vom Planeten Zeltoid",
        "status": "Blue",
        "disc_type": "CD",
        "languages": "De",
        "version": "1.05",
        "edition": "Original"
    },
    "Link - The Faces Of Evil (France)": {
        "secondary_name": "",
        "group_name": "Link - The Faces Of Evil",
        "status": "Blue",
        "disc_type": "CD",
        "languages": "Fr",
        "version": "",
        "edition": "Original"
    },
    "Video Speedway - Grand Prix (France)": {
        "secondary_name": "",
        "group_name": "Video Speedway - Grand Prix",
        "status": "Green",
        "disc_type": "CD",
        "languages": "Fr",
        "version": "",
        "edition": "Original"
    },
    "Tangram - The Ultimate Chinese Game (Europe) (En,Ja,Fr,De,Es,It,Nl,Pt)": {
        "secondary_name": "Tangram: L'Art du Casse: Tete, Dans la Plus Pure Tradition Chinoise",
        "group_name": "Tangram - The Ultimate Chinese Game",
        "status": "Blue",
        "disc_type": "CD",
        "languages": "Nl, En, Fr, De, It, Ja, Pt, Es",
        "version": "",
        "edition": "Original"
    },
    "Video Speedway - The Ultimate Racing Experience (Europe)": {
        "secondary_name": "",
        "group_name": "Video Speedway - The Ultimate Racing Experience",
        "status": "Green",
        "disc_type": "CD",
        "languages": "En",
        "version": "",
        "edition": "Original"
    },
    "Pecos Bill (USA)": {
        "secondary_name": "",
        "group_name": "Pecos Bill",
        "status": "Blue",
        "disc_type": "CD",
        "languages": "En",
        "version": "",
        "edition": "Original"
    },
    "Naftaline chez Elle (France)": {
        "secondary_name": "",
        "group_name": "Naftaline chez Elle",
        "status": "Blue",
        "disc_type": "CD",
        "languages": "Fr",
        "version": "1.07",
        "edition": "Original"
    },
    "Kether (Europe) (En,Fr)": {
        "secondary_name": "",
        "group_name": "Kether",
        "status": "Green",
        "disc_type": "CD",
        "languages": "En, Fr",
        "version": "3.11",
        "edition": "Original"
    },
    "Richard Scarry's Allerbeste Buurt Disc! (Netherlands)": {
        "secondary_name": "",
        "group_name": "Richard Scarry's Allerbeste Buurt Disc!",
        "status": "Blue",
        "disc_type": "CD",
        "languages": "Nl",
        "version": "",
        "edition": "Original"
    },
    "Wordplay (Europe)": {
        "secondary_name": "",
        "group_name": "Wordplay",
        "status": "Blue",
        "disc_type": "CD",
        "languages": "En",
        "version": "1.09",
        "edition": "Original"
    },
    "What's That Bird Britain and Europe (Europe) (En,Fr,De,Es,It)": {
        "secondary_name": "",
        "group_name": "What's That Bird Britain and Europe",
        "status": "Green",
        "disc_type": "CD",
        "languages": "En, Fr, De, It, Es",
        "version": "",
        "edition": "Original"
    },
    "Burn-Cycle (Italy) (Il Gioco)": {
        "secondary_name": "",
        "group_name": "Burn-Cycle",
        "status": "Green",
        "disc_type": "CD",
        "languages": "It",
        "version": "",
        "edition": "Original"
    },
    "Striker Pro (USA)": {
        "secondary_name": "",
        "group_name": "Striker Pro",
        "status": "Blue",
        "disc_type": "CD",
        "languages": "",
        "version": "",
        "edition": "Demonstration Disc"
    },
    "Sail to Win! A Rules and Tactics Challenge (Europe)": {
        "secondary_name": "",
        "group_name": "Sail to Win! A Rules and Tactics Challenge",
        "status": "Blue",
        "disc_type": "CD",
        "languages": "",
        "version": "",
        "edition": "Original"
    },
    "Lemmings (Europe)": {
        "secondary_name": "",
        "group_name": "Lemmings",
        "status": "Green",
        "disc_type": "CD",
        "languages": "En",
        "version": "1.03",
        "edition": "Original"
    },
    "Machine a Remonter le Temps, La (France)": {
        "secondary_name": "",
        "group_name": "Machine a Remonter le Temps, La",
        "status": "Blue",
        "disc_type": "CD",
        "languages": "Fr",
        "version": "1.06",
        "edition": "Original"
    },
    "Alles over CD-i (Netherlands) (Apr-Mei 1995)": {
        "secondary_name": "",
        "group_name": "Alles over CD-i",
        "status": "Blue",
        "disc_type": "CD",
        "languages": "Nl",
        "version": "",
        "edition": "Original"
    },
    "Palm Springs Open, The (Germany)": {
        "secondary_name": "",
        "group_name": "Palm Springs Open, The",
        "status": "Blue",
        "disc_type": "CD",
        "languages": "De",
        "version": "",
        "edition": "Original"
    },
    "Apprentice, The (Europe)": {
        "secondary_name": "",
        "group_name": "Apprentice, The",
        "status": "Blue",
        "disc_type": "CD",
        "languages": "En",
        "version": "1.05",
        "edition": "Original"
    },
    "Brer Rabbit and the Wonderful Tar Baby (USA)": {
        "secondary_name": "",
        "group_name": "Brer Rabbit and the Wonderful Tar Baby",
        "status": "Blue",
        "disc_type": "CD",
        "languages": "En",
        "version": "",
        "edition": "Original"
    },
    "Last Bounty Hunter, The (Europe)": {
        "secondary_name": "",
        "group_name": "Last Bounty Hunter, The",
        "status": "Blue",
        "disc_type": "CD",
        "languages": "En",
        "version": "1.03",
        "edition": "Original"
    },
    "Philips Audio-Video Products '92-'93 on CD-Interactive (Europe) (En,Fr,De,Es,It,Nl)": {
        "secondary_name": "",
        "group_name": "Philips Audio-Video Products '92-'93 on CD-Interactive",
        "status": "Blue",
        "disc_type": "CD",
        "languages": "Nl, En, Fr, De, It, Es",
        "version": "",
        "edition": "Original"
    },
    "Burn-Cycle (USA, Europe) (Disc 1) (The Game)": {
        "secondary_name": "",
        "group_name": "Burn-Cycle",
        "status": "Green",
        "disc_type": "CD",
        "languages": "En",
        "version": "1.14",
        "edition": "Original, Demonstration Disc"
    },
    "Lost Ride, The (Europe)": {
        "secondary_name": "",
        "group_name": "Lost Ride, The",
        "status": "Green",
        "disc_type": "CD",
        "languages": "En",
        "version": "",
        "edition": "Original"
    },
    "Micro Machines (Europe) (Demo)": {
        "secondary_name": "",
        "group_name": "Micro Machines",
        "status": "Blue",
        "disc_type": "CD",
        "languages": "En",
        "version": "",
        "edition": "Demo"
    },
    "Thunder in Paradise (Europe) (Disc 1) (The Game)": {
        "secondary_name": "",
        "group_name": "Thunder in Paradise",
        "status": "Green",
        "disc_type": "CD",
        "languages": "En",
        "version": "1.09",
        "edition": "Original"
    },
    "Jazz Giants - From Big Band to Bossa Nova (USA)": {
        "secondary_name": "",
        "group_name": "Jazz Giants - From Big Band to Bossa Nova",
        "status": "Blue",
        "disc_type": "CD",
        "languages": "En",
        "version": "",
        "edition": "Original"
    },
    "Voyeur ...lass Dich nicht erwischen! (Germany)": {
        "secondary_name": "",
        "group_name": "Voyeur ...lass Dich nicht erwischen!",
        "status": "Blue",
        "disc_type": "CD",
        "languages": "De",
        "version": "1.06",
        "edition": "Original"
    },
    "Zelda - The Wand of Gamelon (Europe)": {
        "secondary_name": "",
        "group_name": "Zelda - The Wand of Gamelon",
        "status": "Blue",
        "disc_type": "CD",
        "languages": "En",
        "version": "",
        "edition": "Demonstration Disc"
    },
    "Voyeur ...Don't Get Caught (Europe)": {
        "secondary_name": "",
        "group_name": "Voyeur ...Don't Get Caught",
        "status": "Green",
        "disc_type": "CD",
        "languages": "En",
        "version": "",
        "edition": "Original"
    },
    "Alice in Wonderland (Europe)": {
        "secondary_name": "",
        "group_name": "Alice in Wonderland",
        "status": "Blue",
        "disc_type": "CD",
        "languages": "En",
        "version": "",
        "edition": "Original"
    },
    "Brain Dead 13 (Europe)": {
        "secondary_name": "",
        "group_name": "Brain Dead 13",
        "status": "Blue",
        "disc_type": "CD",
        "languages": "En",
        "version": "1.08",
        "edition": "Original"
    },
    "Richard Scarry's Allerdrukste Buurt Disc! (Netherlands)": {
        "secondary_name": "",
        "group_name": "Richard Scarry's Allerdrukste Buurt Disc!",
        "status": "Blue",
        "disc_type": "CD",
        "languages": "Nl",
        "version": "",
        "edition": "Original"
    },
    "Strip Poker Live (Italy) (En,It)": {
        "secondary_name": "",
        "group_name": "Strip Poker Live",
        "status": "Blue",
        "disc_type": "CD",
        "languages": "En, It",
        "version": "",
        "edition": "Original"
    },
    "Joker's Wild! Jr., The (USA)": {
        "secondary_name": "",
        "group_name": "Joker's Wild! Jr., The",
        "status": "Blue",
        "disc_type": "CD",
        "languages": "",
        "version": "",
        "edition": "Demonstration Disc"
    },
    "Axis & Allies (USA)": {
        "secondary_name": "",
        "group_name": "Axis & Allies",
        "status": "Blue",
        "disc_type": "CD",
        "languages": "En",
        "version": "",
        "edition": "Demonstration Disc"
    },
    "Surf City (USA)": {
        "secondary_name": "",
        "group_name": "Surf City",
        "status": "Blue",
        "disc_type": "CD",
        "languages": "",
        "version": "",
        "edition": "Demonstration Disc"
    },
    "Berenstain Bears, The - On Their Own (USA)": {
        "secondary_name": "The Berenstain Bears: On Their Own and You on Your Own",
        "group_name": "Berenstain Bears, The - On Their Own",
        "status": "Blue",
        "disc_type": "CD",
        "languages": "En",
        "version": "",
        "edition": "Original"
    },
    "Dimo's Quest (Europe)": {
        "secondary_name": "",
        "group_name": "Dimo's Quest",
        "status": "Green",
        "disc_type": "CD",
        "languages": "En",
        "version": "1.07",
        "edition": "Original"
    },
    "Merlin's Apprentice (Europe)": {
        "secondary_name": "",
        "group_name": "Merlin's Apprentice",
        "status": "Blue",
        "disc_type": "CD",
        "languages": "En",
        "version": "",
        "edition": "Original"
    },
    "Bertelsmann Universal Lexikon (Germany) (Fuer CD-i Player mit Digital Video Cartridge)": {
        "secondary_name": "",
        "group_name": "Bertelsmann Universal Lexikon",
        "status": "Blue",
        "disc_type": "CD",
        "languages": "De",
        "version": "1.09",
        "edition": "Original"
    },
    "Who Shot Johnny Rock (USA)": {
        "secondary_name": "",
        "group_name": "Who Shot Johnny Rock",
        "status": "Blue",
        "disc_type": "CD",
        "languages": "En",
        "version": "",
        "edition": "Original"
    },
    "Mad Dog McCree (USA, Europe)": {
        "secondary_name": "",
        "group_name": "Mad Dog McCree",
        "status": "Green",
        "disc_type": "CD",
        "languages": "En",
        "version": "1.02",
        "edition": "Original"
    },
    "Thunder in Paradise (Germany)": {
        "secondary_name": "",
        "group_name": "Thunder in Paradise",
        "status": "Blue",
        "disc_type": "CD",
        "languages": "De",
        "version": "1.02",
        "edition": "Original"
    },
    "Zelda - The Wand of Gamelon (France)": {
        "secondary_name": "",
        "group_name": "Zelda - The Wand of Gamelon",
        "status": "Blue",
        "disc_type": "CD",
        "languages": "Fr",
        "version": "",
        "edition": "Original"
    },
    "Hanna-Barbera Cartoon Carnival (USA, Europe)": {
        "secondary_name": "Hanna-Barbera's Cartoon Carnival",
        "group_name": "Hanna-Barbera Cartoon Carnival",
        "status": "Green",
        "disc_type": "CD",
        "languages": "En",
        "version": "",
        "edition": "Original, Demonstration Disc"
    },
    "Wacky World of Miniature Golf with Eugene Levy, The (USA)": {
        "secondary_name": "",
        "group_name": "Wacky World of Miniature Golf with Eugene Levy, The",
        "status": "Blue",
        "disc_type": "CD",
        "languages": "En",
        "version": "",
        "edition": "Original"
    },
    "International Tennis Open (Europe) (En,Fr) (8100082)": {
        "secondary_name": "",
        "group_name": "International Tennis Open",
        "status": "Green",
        "disc_type": "CD",
        "languages": "En, Fr",
        "version": "1.04",
        "edition": "Original"
    },
    "Monty Python's Invasion from the Planet Skyron (Europe)": {
        "secondary_name": "",
        "group_name": "Monty Python's Invasion from the Planet Skyron",
        "status": "Green",
        "disc_type": "CD",
        "languages": "En",
        "version": "1.04",
        "edition": "Original"
    },
    "Kunstschatten van Rusland, De (Netherlands)": {
        "secondary_name": "",
        "group_name": "Kunstschatten van Rusland, De",
        "status": "Blue",
        "disc_type": "CD",
        "languages": "",
        "version": "",
        "edition": "Original"
    },
    "Scotland Yard Interactive (Germany)": {
        "secondary_name": "",
        "group_name": "Scotland Yard Interactive",
        "status": "Green",
        "disc_type": "CD",
        "languages": "De",
        "version": "",
        "edition": "Original"
    },
    "Zoo... Eenvoudig - Dierenencyclopedie (Netherlands)": {
        "secondary_name": "",
        "group_name": "Zoo... Eenvoudig - Dierenencyclopedie",
        "status": "Blue",
        "disc_type": "CD",
        "languages": "Nl",
        "version": "1.03",
        "edition": "Original"
    },
    "Max Magic (USA)": {
        "secondary_name": "",
        "group_name": "Max Magic",
        "status": "Blue",
        "disc_type": "CD",
        "languages": "",
        "version": "",
        "edition": "Pre-Release Demonstration Disc"
    },
    "Karaoke Schlager 2 (Sweden)": {
        "secondary_name": "",
        "group_name": "Karaoke Schlager 2",
        "status": "Blue",
        "disc_type": "CD",
        "languages": "Sv",
        "version": "",
        "edition": "Original"
    },
    "International Tennis Open (Italy) (En,It)": {
        "secondary_name": "",
        "group_name": "International Tennis Open",
        "status": "Blue",
        "disc_type": "CD",
        "languages": "En, It",
        "version": "1.01",
        "edition": "Original"
    },
    "Lettergreep (Netherlands)": {
        "secondary_name": "",
        "group_name": "Lettergreep",
        "status": "Blue",
        "disc_type": "CD",
        "languages": "Nl",
        "version": "1.04",
        "edition": "Original"
    },
    "Master Labyrinth (Europe) (En,Fr,De,Nl)": {
        "secondary_name": "Das Labyrinth der Meister",
        "group_name": "Master Labyrinth",
        "status": "Green",
        "disc_type": "CD",
        "languages": "Nl, En, Fr, De",
        "version": "2.06",
        "edition": "Original"
    },
    "Asterix - Caesar's Challenge (Europe)": {
        "secondary_name": "",
        "group_name": "Asterix - Caesar's Challenge",
        "status": "Blue",
        "disc_type": "CD",
        "languages": "",
        "version": "1.03",
        "edition": "Original"
    },
    "QuizMania (Italy)": {
        "secondary_name": "",
        "group_name": "QuizMania",
        "status": "Blue",
        "disc_type": "CD",
        "languages": "It",
        "version": "",
        "edition": "Original"
    },
    "Discovering Pompei (Europe) (En,Fr)": {
        "secondary_name": "À la découverte de Pompei",
        "group_name": "Discovering Pompei",
        "status": "Blue",
        "disc_type": "CD",
        "languages": "En, Fr",
        "version": "1.05",
        "edition": "Original"
    },
    "Rinascimento a Firenze, Il (Italy)": {
        "secondary_name": "",
        "group_name": "Rinascimento a Firenze, Il",
        "status": "Blue",
        "disc_type": "CD",
        "languages": "It",
        "version": "",
        "edition": "Original"
    },
    "Hotel Mario (France)": {
        "secondary_name": "",
        "group_name": "Hotel Mario",
        "status": "Blue",
        "disc_type": "CD",
        "languages": "Fr",
        "version": "",
        "edition": "Original"
    },
    "Mozart - La Vita e la Musica (Italy)": {
        "secondary_name": "",
        "group_name": "Mozart - La Vita e la Musica",
        "status": "Blue",
        "disc_type": "CD",
        "languages": "It",
        "version": "",
        "edition": "Original"
    },
    "Pavarotti - O Sole Mio (Europe)": {
        "secondary_name": "",
        "group_name": "Pavarotti - O Sole Mio",
        "status": "Blue",
        "disc_type": "CD",
        "languages": "En",
        "version": "",
        "edition": "Original"
    },
    "Kether (Germany) (En,De)": {
        "secondary_name": "",
        "group_name": "Kether",
        "status": "Blue",
        "disc_type": "CD",
        "languages": "En, De",
        "version": "2.01",
        "edition": "Original"
    },
    "Cistercian Architecture (Europe) (En,Fr,De)": {
        "secondary_name": "",
        "group_name": "Cistercian Architecture",
        "status": "Blue",
        "disc_type": "CD",
        "languages": "En, Fr, De",
        "version": "",
        "edition": "Original"
    },
    "Raccolto del Sole, Il - Van Gogh (Italy)": {
        "secondary_name": "",
        "group_name": "Raccolto del Sole, Il - Van Gogh",
        "status": "Blue",
        "disc_type": "CD",
        "languages": "It",
        "version": "",
        "edition": "Original"
    },
    "USA '94 World Cup (Europe)": {
        "secondary_name": "",
        "group_name": "USA '94 World Cup",
        "status": "Blue",
        "disc_type": "CD",
        "languages": "En",
        "version": "1.05",
        "edition": "Original"
    },
    "Berenstain Bears, The - Bij de Berenstain Beren Thuis - Thuis en bij Jou (Netherlands)": {
        "secondary_name": "",
        "group_name": "Berenstain Bears, The - Bij de Berenstain Beren Thuis - Thuis en bij Jou",
        "status": "Blue",
        "disc_type": "CD",
        "languages": "Nl",
        "version": "",
        "edition": "Original"
    },
    "Myst (Europe)": {
        "secondary_name": "",
        "group_name": "Myst",
        "status": "Green",
        "disc_type": "CD",
        "languages": "En",
        "version": "1.10",
        "edition": "Original"
    },
    "Mutant Rampage - Bodyslam (Europe)": {
        "secondary_name": "",
        "group_name": "Mutant Rampage - Bodyslam",
        "status": "Blue",
        "disc_type": "CD",
        "languages": "En",
        "version": "1.04",
        "edition": "Original"
    },
    "Cluedo - The Mystery Continues (Europe)": {
        "secondary_name": "",
        "group_name": "Cluedo - The Mystery Continues",
        "status": "Blue",
        "disc_type": "CD",
        "languages": "En",
        "version": "1.04",
        "edition": "Original"
    },
    "Dave Grusin - The Gershwin Connection (Europe)": {
        "secondary_name": "",
        "group_name": "Dave Grusin - The Gershwin Connection",
        "status": "Blue",
        "disc_type": "CD",
        "languages": "En",
        "version": "",
        "edition": "Original"
    },
    "Time Life Presenta - La Fotografia in 35mm (Italy)": {
        "secondary_name": "",
        "group_name": "Time Life Presenta - La Fotografia in 35mm",
        "status": "Blue",
        "disc_type": "CD",
        "languages": "It",
        "version": "",
        "edition": "Original"
    },
    "International Tennis Open (Germany) (En,De) (Version 2 Spieler)": {
        "secondary_name": "",
        "group_name": "International Tennis Open",
        "status": "Blue",
        "disc_type": "CD",
        "languages": "En, De",
        "version": "1.03",
        "edition": "Version 2 Spieler"
    },
    "NFL Football Trivia Challenge (USA)": {
        "secondary_name": "",
        "group_name": "NFL Football Trivia Challenge",
        "status": "Blue",
        "disc_type": "CD",
        "languages": "",
        "version": "",
        "edition": "Demonstration Disc"
    },
    "Jeopardy! (USA)": {
        "secondary_name": "",
        "group_name": "Jeopardy!",
        "status": "Blue",
        "disc_type": "CD",
        "languages": "",
        "version": "",
        "edition": "Pre-Release Demonstration Disc"
    },
    "Inca (Europe) (En,Es,It,Pt)": {
        "secondary_name": "",
        "group_name": "Inca",
        "status": "Blue",
        "disc_type": "CD",
        "languages": "En, It, Pt, Es",
        "version": "1.06",
        "edition": "Original"
    },
    "Beer Is Los!, De (Netherlands)": {
        "secondary_name": "",
        "group_name": "Beer Is Los!, De",
        "status": "Blue",
        "disc_type": "CD",
        "languages": "Nl",
        "version": "",
        "edition": "Promo"
    },
    "Nederlands Elftal Compleet (Netherlands)": {
        "secondary_name": "",
        "group_name": "Nederlands Elftal Compleet",
        "status": "Blue",
        "disc_type": "CD",
        "languages": "Nl",
        "version": "",
        "edition": "Original"
    },
    "Jigsaw - The Ultimate Electronic Puzzle (USA)": {
        "secondary_name": "",
        "group_name": "Jigsaw - The Ultimate Electronic Puzzle",
        "status": "Blue",
        "disc_type": "CD",
        "languages": "En",
        "version": "",
        "edition": "Original"
    },
    "Sandy's Circus Avontuur (Netherlands)": {
        "secondary_name": "",
        "group_name": "Sandy's Circus Avontuur",
        "status": "Blue",
        "disc_type": "CD",
        "languages": "Nl",
        "version": "",
        "edition": "Original"
    },
    "Mad Dog McCree (Europe) (Alt)": {
        "secondary_name": "",
        "group_name": "Mad Dog McCree",
        "status": "Green",
        "disc_type": "CD",
        "languages": "En",
        "version": "1.02",
        "edition": "Original"
    },
    "Family Games I (Europe) (Rev 1)": {
        "secondary_name": "",
        "group_name": "Family Games I",
        "status": "Green",
        "disc_type": "CD",
        "languages": "En",
        "version": "1.08",
        "edition": "Original"
    },
    "Asterix - De Uitdaging van Caesar (Netherlands)": {
        "secondary_name": "",
        "group_name": "Asterix - De Uitdaging van Caesar",
        "status": "Blue",
        "disc_type": "CD",
        "languages": "Nl",
        "version": "1.05",
        "edition": "Original"
    },
    "Hot and Cold (Europe) (En,Fr)": {
        "secondary_name": "",
        "group_name": "Hot and Cold",
        "status": "Blue",
        "disc_type": "CD",
        "languages": "En, Fr",
        "version": "",
        "edition": "Original"
    },
    "Asterix - Die grosse Reise (Germany)": {
        "secondary_name": "",
        "group_name": "Asterix - Die grosse Reise",
        "status": "Blue",
        "disc_type": "CD",
        "languages": "De",
        "version": "1.06",
        "edition": "Original"
    },
    "Asterix - La Sfida di Cesare (Italy)": {
        "secondary_name": "",
        "group_name": "Asterix - La Sfida di Cesare",
        "status": "Blue",
        "disc_type": "CD",
        "languages": "It",
        "version": "1.04",
        "edition": "Original"
    },
    "Scotland Yard Interactif (France)": {
        "secondary_name": "",
        "group_name": "Scotland Yard Interactif",
        "status": "Green",
        "disc_type": "CD",
        "languages": "",
        "version": "1.04",
        "edition": "Original"
    },
    "Compton's Interactive Encyclopedia (Europe)": {
        "secondary_name": "",
        "group_name": "Compton's Interactive Encyclopedia",
        "status": "Green",
        "disc_type": "CD",
        "languages": "En",
        "version": "1.09",
        "edition": "Original"
    },
    "Drug Wars (Europe)": {
        "secondary_name": "",
        "group_name": "Drug Wars",
        "status": "Blue",
        "disc_type": "CD",
        "languages": "En",
        "version": "1.02",
        "edition": "Original"
    },
    "Master Labyrinth (Germany) (En,Fr,De,Nl)": {
        "secondary_name": "Das Labyrinth der Meister",
        "group_name": "Master Labyrinth",
        "status": "Blue",
        "disc_type": "CD",
        "languages": "Nl, En, Fr, De",
        "version": "1.04",
        "edition": "Original"
    },
    "Hotel Mario (Europe)": {
        "secondary_name": "",
        "group_name": "Hotel Mario",
        "status": "Green",
        "disc_type": "CD",
        "languages": "En",
        "version": "",
        "edition": "Original"
    },
    "Oogst van de Zon (Netherlands)": {
        "secondary_name": "",
        "group_name": "Oogst van de Zon",
        "status": "Blue",
        "disc_type": "CD",
        "languages": "",
        "version": "",
        "edition": "Original"
    },
    "Escape from CyberCity (USA, Europe)": {
        "secondary_name": "",
        "group_name": "Escape from CyberCity",
        "status": "Green",
        "disc_type": "CD",
        "languages": "En",
        "version": "",
        "edition": "Original"
    },
    "Maestri Olandesi del Seicento, I (Italy)": {
        "secondary_name": "",
        "group_name": "Maestri Olandesi del Seicento, I",
        "status": "Blue",
        "disc_type": "CD",
        "languages": "It",
        "version": "",
        "edition": "Original"
    },
    "Asterix - El Desafio de Cesar (Spain)": {
        "secondary_name": "",
        "group_name": "Asterix - El Desafio de Cesar",
        "status": "Blue",
        "disc_type": "CD",
        "languages": "Es",
        "version": "1.02",
        "edition": "Original"
    },
    "Sargon Chess (USA, Europe)": {
        "secondary_name": "",
        "group_name": "Sargon Chess",
        "status": "Green",
        "disc_type": "CD",
        "languages": "En",
        "version": "",
        "edition": "Original"
    },
    "Palm Springs Open, The (Italy)": {
        "secondary_name": "",
        "group_name": "Palm Springs Open, The",
        "status": "Blue",
        "disc_type": "CD",
        "languages": "It",
        "version": "",
        "edition": "Original"
    },
    "Ontdek het Onbekende Nederland (Netherlands)": {
        "secondary_name": "",
        "group_name": "Ontdek het Onbekende Nederland",
        "status": "Blue",
        "disc_type": "CD",
        "languages": "Nl",
        "version": "1.06",
        "edition": "Original"
    },
    "Video Speedway - The Ultimate Racing Experience (USA)": {
        "secondary_name": "",
        "group_name": "Video Speedway - The Ultimate Racing Experience",
        "status": "Blue",
        "disc_type": "CD",
        "languages": "En",
        "version": "",
        "edition": "Original"
    },
    "Lost Eden (Germany)": {
        "secondary_name": "",
        "group_name": "Lost Eden",
        "status": "Blue",
        "disc_type": "CD",
        "languages": "De",
        "version": "1.09",
        "edition": "Original"
    },
    "Forbidden City, The (Europe)": {
        "secondary_name": "",
        "group_name": "Forbidden City, The",
        "status": "Blue",
        "disc_type": "CD",
        "languages": "En",
        "version": "",
        "edition": "Original"
    },
    "Lords of the Rising Sun (USA)": {
        "secondary_name": "",
        "group_name": "Lords of the Rising Sun",
        "status": "Blue",
        "disc_type": "CD",
        "languages": "En",
        "version": "",
        "edition": "Original"
    },
    "Dragon's Lair (Europe)": {
        "secondary_name": "",
        "group_name": "Dragon's Lair",
        "status": "Green",
        "disc_type": "CD",
        "languages": "En",
        "version": "1.07",
        "edition": "Original"
    },
    "Space Ace (Europe)": {
        "secondary_name": "",
        "group_name": "Space Ace",
        "status": "Green",
        "disc_type": "CD",
        "languages": "En",
        "version": "",
        "edition": "Original"
    },
    "TF1 - Le Journal Interactif 94 et Le Jeu des Stars de l'Info (France) (Disc 1) (Le Journal Interactif 94)": {
        "secondary_name": "",
        "group_name": "TF1 - Le Journal Interactif 94 et Le Jeu des Stars de l'Info",
        "status": "Blue",
        "disc_type": "CD",
        "languages": "Fr",
        "version": "",
        "edition": "Original"
    },
    "Mystic Midway - Phantom Express (USA)": {
        "secondary_name": "",
        "group_name": "Mystic Midway - Phantom Express",
        "status": "Blue",
        "disc_type": "CD",
        "languages": "En",
        "version": "",
        "edition": "Original"
    },
    "Alles over CD-i (Netherlands)": {
        "secondary_name": "",
        "group_name": "Alles over CD-i",
        "status": "Blue",
        "disc_type": "CD",
        "languages": "Nl",
        "version": "",
        "edition": "Original"
    },
    "Burn-Cycle (Germany) (Das Spiel)": {
        "secondary_name": "",
        "group_name": "Burn-Cycle",
        "status": "Blue",
        "disc_type": "CD",
        "languages": "De",
        "version": "1.03",
        "edition": "Original"
    },
    "Gli Impressionisti Francesi (Italy)": {
        "secondary_name": "",
        "group_name": "Gli Impressionisti Francesi",
        "status": "Blue",
        "disc_type": "CD",
        "languages": "It",
        "version": "",
        "edition": "Original"
    },
    "Stickybear Maths (Europe) (En,Es)": {
        "secondary_name": "",
        "group_name": "Stickybear Maths",
        "status": "Blue",
        "disc_type": "CD",
        "languages": "En, Es",
        "version": "1.08",
        "edition": "Original"
    },
    "Merlin's Apprentice (USA)": {
        "secondary_name": "",
        "group_name": "Merlin's Apprentice",
        "status": "Blue",
        "disc_type": "CD",
        "languages": "En",
        "version": "",
        "edition": "Original"
    },
    "7th Guest, The (USA) (Disc 1) (The Game)": {
        "secondary_name": "",
        "group_name": "7th Guest, The",
        "status": "Blue",
        "disc_type": "CD",
        "languages": "En",
        "version": "",
        "edition": "Original"
    },
    "Dragon's Lair II - Time Warp (Europe)": {
        "secondary_name": "",
        "group_name": "Dragon's Lair II - Time Warp",
        "status": "Green",
        "disc_type": "CD",
        "languages": "En",
        "version": "1.05",
        "edition": "Original"
    },
    "CDI 450 - Tutorial Disc (Europe) (En,Fr,De,Es,It,Nl,Pt)": {
        "secondary_name": "",
        "group_name": "CDI 450 - Tutorial Disc",
        "status": "Blue",
        "disc_type": "CD",
        "languages": "Nl, En, Fr, De, It, Pt, Es",
        "version": "1.01",
        "edition": "Bundled with Philips CD-i 450"
    },
    "CD Shoot (Europe)": {
        "secondary_name": "",
        "group_name": "CD Shoot",
        "status": "Blue",
        "disc_type": "CD",
        "languages": "En",
        "version": "",
        "edition": "Original"
    },
    "Battleship (Europe)": {
        "secondary_name": "Battleship: Schiffeversenken mit der US Navy",
        "group_name": "Battleship",
        "status": "Green",
        "disc_type": "CD",
        "languages": "En",
        "version": "",
        "edition": "Original"
    },
    "Cartoon Jukebox (Germany)": {
        "secondary_name": "",
        "group_name": "Cartoon Jukebox",
        "status": "Blue",
        "disc_type": "CD",
        "languages": "",
        "version": "",
        "edition": "Original"
    },
    "World Cup Golf (Europe) (En,Fr,De)": {
        "secondary_name": "",
        "group_name": "World Cup Golf",
        "status": "Green",
        "disc_type": "CD",
        "languages": "En, Fr, De",
        "version": "1.08",
        "edition": "Original"
    },
    "Rise of the Robots (Europe) (Alt)": {
        "secondary_name": "",
        "group_name": "Rise of the Robots",
        "status": "Blue",
        "disc_type": "CD",
        "languages": "En",
        "version": "1.12",
        "edition": "Original"
    },
    "Harvest Of The Sun - Van Gogh - Une Moisson de Soleils (France)": {
        "secondary_name": "",
        "group_name": "Harvest Of The Sun - Van Gogh - Une Moisson de Soleils",
        "status": "Green",
        "disc_type": "CD",
        "languages": "Fr",
        "version": "",
        "edition": "Original"
    },
    "Kether (USA) (En,Fr)": {
        "secondary_name": "",
        "group_name": "Kether",
        "status": "Blue",
        "disc_type": "CD",
        "languages": "En, Fr",
        "version": "",
        "edition": "Original"
    },
    "Affaire Morlov, L' (Europe) (En,Fr)": {
        "secondary_name": "",
        "group_name": "Affaire Morlov, L'",
        "status": "Blue",
        "disc_type": "CD",
        "languages": "En, Fr",
        "version": "",
        "edition": "Original"
    },
    "Philips Media Interactieve Encyclopedie (Netherlands)": {
        "secondary_name": "",
        "group_name": "Philips Media Interactieve Encyclopedie",
        "status": "Blue",
        "disc_type": "CD",
        "languages": "Nl",
        "version": "",
        "edition": "Original"
    },
    "Cranberries, The - Doors and Windows (USA)": {
        "secondary_name": "",
        "group_name": "Cranberries, The - Doors and Windows",
        "status": "Blue",
        "disc_type": "CD",
        "languages": "En",
        "version": "",
        "edition": "Original"
    },
    "St. Petersbourg et les Tresors de l'Ermitage - The Art of the Czars (France)": {
        "secondary_name": "",
        "group_name": "St. Petersbourg et les Tresors de l'Ermitage - The Art of the Czars",
        "status": "Blue",
        "disc_type": "CD",
        "languages": "Fr",
        "version": "",
        "edition": "Original"
    },
    "Atlantis - The Lost Resort (Europe)": {
        "secondary_name": "",
        "group_name": "Atlantis - The Lost Resort",
        "status": "Blue",
        "disc_type": "CD",
        "languages": "En",
        "version": "1.11",
        "edition": "Original"
    },
    "Litil Divil (Europe)": {
        "secondary_name": "",
        "group_name": "Litil Divil",
        "status": "Green",
        "disc_type": "CD",
        "languages": "En",
        "version": "1.20",
        "edition": "Original"
    },
    "Hans Christian Andersen's Thumbelina (USA)": {
        "secondary_name": "",
        "group_name": "Hans Christian Andersen's Thumbelina",
        "status": "Blue",
        "disc_type": "CD",
        "languages": "En",
        "version": "1.09",
        "edition": "Original"
    },
    "Chaos Control (Europe)": {
        "secondary_name": "",
        "group_name": "Chaos Control",
        "status": "Green",
        "disc_type": "CD",
        "languages": "En",
        "version": "1.16",
        "edition": "Original"
    },
    "Zombie Dinos from Planet Zeltoid (Europe)": {
        "secondary_name": "",
        "group_name": "Zombie Dinos from Planet Zeltoid",
        "status": "Blue",
        "disc_type": "CD",
        "languages": "En",
        "version": "",
        "edition": "Original"
    },
    "Connect Four (USA)": {
        "secondary_name": "",
        "group_name": "Connect Four",
        "status": "Blue",
        "disc_type": "CD",
        "languages": "En",
        "version": "",
        "edition": "Original"
    },
    "Family Games I (Europe)": {
        "secondary_name": "",
        "group_name": "Family Games I",
        "status": "Blue",
        "disc_type": "CD",
        "languages": "En",
        "version": "1.06",
        "edition": "Original"
    },
    "Secret Mission (Netherlands)": {
        "secondary_name": "",
        "group_name": "Secret Mission",
        "status": "Blue",
        "disc_type": "CD",
        "languages": "",
        "version": "",
        "edition": "Original"
    },
    "Earth Command (Netherlands)": {
        "secondary_name": "",
        "group_name": "Earth Command",
        "status": "Blue",
        "disc_type": "CD",
        "languages": "Nl",
        "version": "1.10",
        "edition": "Original"
    },
    "Laser Lords (Europe)": {
        "secondary_name": "",
        "group_name": "Laser Lords",
        "status": "Blue",
        "disc_type": "CD",
        "languages": "En",
        "version": "",
        "edition": "Original"
    }
}